prompt: 'how are you' -> tokens ['how', ' are', ' you']
every question formulated in the system during this run:
24 stations x 14 heads x 3 tokens x 64 slots = 64512 numbers
(query projection output per head, BEFORE the rotary positional rotation)
==============================================================================

############ STATION 1 ############

--- station 1 · head 0 ---
token 'how' question (strength 60.2):
    -0.040   -0.009   -0.289   -0.001  -13.864   +0.385   +0.534   -0.026
   -15.969  -34.012  -14.939   +7.603   -0.957   +7.856   +1.259   +2.189
   -15.470   +4.195   -0.517   -1.049   +3.656   +0.205   +0.301   +4.385
    -2.870   +2.563   +2.104   -1.567   +0.152   +1.462   +0.738   +1.854
    +0.129   +0.231   +0.221   -0.595  -11.938   -0.055   -0.384   +0.760
   +13.903   +6.147   +2.149   -0.026   +0.035  -27.905   -0.165   -4.107
    +9.720   -1.962   +1.965   -0.628   +3.770   -2.999   -4.014   -2.627
    +3.792   +1.834   +1.611   +2.049   +1.864   +0.560   -1.299   +0.451
token ' are' question (strength 61.8):
    +0.026   +0.187   -0.024   -0.450  -13.878   +0.484   +0.486   +0.174
   -16.007  -35.272  -15.552   +7.694   -1.169   +8.012   +1.254   +3.337
   -15.861   +4.254   -0.829   -1.435   +3.792   -0.917   +0.279   +4.038
    -2.857   +2.252   +1.885   -1.507   -0.008   +1.197   +0.370   +1.214
    +0.146   +0.265   +0.549   -0.381  -12.995   -0.595   -0.721   +0.743
   +14.256   +5.291   +1.162   +0.625   -0.034  -28.614   -0.431   -5.692
    +9.334   +0.872   +1.957   -0.926   +4.184   -3.139   -3.643   -2.810
    +3.217   +1.411   +1.756   +1.494   +1.504   +0.501   -0.706   +0.446
token ' you' question (strength 61.7):
    +0.011   +0.151   -0.066   -0.342  -13.762   +0.405   +0.426   +0.211
   -15.873  -35.314  -15.192   +7.949   -1.170   +8.169   +1.296   +3.476
   -15.772   +4.316   -0.694   -1.357   +3.573   -0.735   +0.337   +4.265
    -2.864   +2.410   +1.826   -1.861   -0.001   +1.229   +0.505   +1.298
    +0.153   +0.253   +0.482   -0.397  -12.719   -0.512   -0.717   +0.736
   +14.054   +5.562   +1.481   +0.555   +0.117  -28.707   -0.552   -5.306
    +9.577   +0.622   +1.985   -0.886   +3.959   -3.127   -3.779   -2.662
    +3.463   +1.478   +1.894   +1.373   +1.496   +0.505   -0.667   +0.432

--- station 1 · head 1 ---
token 'how' question (strength 52.5):
    -1.785   -1.743   -1.070   +5.750   -8.399   +2.215   +2.035   -2.543
    -4.454   -2.303   -5.754   -1.120   -3.367   +0.368   +4.137   +0.675
    -1.650   -0.129   +3.332   -7.758  +10.312   -3.653   -2.933   +5.582
    -7.479   +0.363   +8.404   -1.202   +5.412   +4.459   +1.669   +3.952
    -0.279   +0.288   -2.529   -1.269  -17.013   +4.476   +1.925   +3.950
   +23.364  -15.673   +2.472   +8.924   -2.092  +13.053   -0.653   -7.000
    -0.477   -0.276   +6.288   -4.163   +5.975   -8.563   -2.881  +12.040
    -9.213  +14.574   +1.094   +5.181   +2.472   +0.971   -4.475   +2.313
token ' are' question (strength 66.0):
    -1.843   -2.062   -1.104   +6.251   -7.305   +2.427   +1.971   -2.314
    -5.150   -3.060   -5.307   -1.600   -4.431   +1.358   +5.317   +2.208
    -1.850   -0.680   +6.794  -11.507  +13.223   -6.592   -8.060   +9.787
   -10.920   +1.567  +12.254   +2.495  +11.370  +13.197   +3.221  +12.823
    -0.574   +0.466   -2.686   -1.388  -16.976   +4.811   +0.914   +4.408
   +22.999  -16.424   +3.279   +9.491   -1.934  +13.222   -1.784   -7.786
    +0.679   +1.106   +7.885   -6.240   +6.344   -8.887   -4.461  +15.883
   -11.918  +17.273   +0.864   +9.551   +7.354   +5.365  -12.529   +6.833
token ' you' question (strength 66.3):
    -1.875   -2.031   -1.076   +6.237   -7.546   +2.449   +1.994   -2.282
    -5.040   -2.944   -5.436   -1.478   -4.514   +1.215   +5.345   +1.947
    -1.823   -0.829   +6.924  -11.579  +13.269   -6.517   -7.953   +9.695
   -11.029   +1.835  +12.391   +2.617  +11.441  +13.069   +3.557  +12.777
    -0.583   +0.460   -2.666   -1.363  -17.002   +4.775   +1.078   +4.373
   +23.236  -16.358   +3.052   +9.438   -1.766  +13.206   -2.165   -7.548
    +0.386   +1.056   +8.145   -6.314   +6.634   -9.145   -4.749  +15.911
   -12.088  +17.396   +1.186   +9.731   +7.113   +5.262  -12.580   +6.992

--- station 1 · head 2 ---
token 'how' question (strength 58.3):
    -0.072   -0.048   -0.169   +0.048   -3.154   +0.102   +0.167   +0.146
    +0.615   -4.269  +21.004   +6.718   -0.308  -16.725   +0.336   +6.469
    -3.783  +13.602   -0.122   +1.347   +5.332   -0.121   -4.401   +6.546
    -4.104  -10.749   +0.155   +0.895   +4.040   +6.024   +0.970   +7.142
    +0.079   +0.120   +0.047   -0.185   +0.052   +0.022   -0.040   +0.246
    +1.638   -0.011  -23.515  -10.809   -0.314  +15.319   -0.073   +2.349
   -15.313   -5.728   +1.245   -2.013   +5.928   -9.933   +4.877  -13.151
    -0.608  +20.626   -2.852   +4.149   +3.830   +2.460   -6.525   +1.926
token ' are' question (strength 57.2):
    -0.032   -0.012   -0.105   -0.004   -3.485   +0.036   +0.077   +0.263
    +1.172   -5.192  +20.732   +6.547   -0.449  -16.646   +0.422   +6.217
    -3.991  +13.962   -0.132   +1.012   +5.521   -1.317   -3.508   +6.273
    -4.808  -12.102   -1.151   +2.099   +3.471   +5.500   +0.277   +5.973
    +0.095   +0.112   +0.067   -0.128   +0.392   -0.060   -0.117   +0.154
    +1.880   -0.214  -23.279  -10.343   -0.371  +14.408   -0.329   +1.432
   -15.708   -4.776   +1.229   -2.057   +7.045   -8.860   +5.032  -12.733
    -0.911  +19.062   -3.282   +3.344   +3.228   +3.673   -5.320   +1.098
token ' you' question (strength 57.6):
    -0.046   -0.034   -0.081   +0.017   -3.331   -0.007   +0.026   +0.246
    +1.368   -5.142  +20.975   +6.943   -0.392  -16.767   +0.415   +6.291
    -3.651  +14.117   +0.093   +0.994   +5.451   -1.154   -4.001   +6.592
    -4.242  -11.886   -1.109   +1.949   +3.266   +5.513   +0.277   +5.961
    +0.068   +0.088   +0.004   -0.101   +0.552   -0.074   -0.121   +0.108
    +1.826   +0.087  -23.605  -10.385   -0.298  +14.313   -0.314   +1.811
   -15.492   -5.119   +1.215   -1.980   +6.779   -9.001   +5.015  -12.794
    -0.790  +19.453   -3.262   +3.322   +3.559   +3.256   -5.277   +1.482

--- station 1 · head 3 ---
token 'how' question (strength 57.9):
    -0.022   +0.036   -0.176   -0.161  +10.102   +0.191   +0.150   +0.222
    +1.563   +6.284   -7.345   -9.823   -0.271   +1.117   +0.323   +3.972
   -17.123   +5.786   -0.311   +4.059   -8.448   +0.980   -5.452   +6.637
    -3.874   +5.667   +3.967   +2.137   -0.924   +4.222   +1.629   +4.909
    +0.197   +0.165   +0.138   -0.211   -1.652   -0.082   -0.141   +0.276
   -21.614  -14.538  +20.122   +3.234   -0.256  +17.443   -0.145  +12.348
   +14.797   +4.798   -1.509   -1.693   +6.009  -23.223   +1.090   -1.554
    -1.244   +1.260   +1.987   +4.290   +0.195   +1.146   -4.938   +1.717
token ' are' question (strength 59.5):
    -0.179   -0.169   -0.297   +0.175  +11.293   +0.129   -0.028   +0.138
    +0.040   +7.540   -7.581  -11.026   -0.156   +1.645   +0.189   +4.847
   -18.062   +5.442   -0.344   +4.080   -8.338   +0.890   -6.035   +6.154
    -3.530   +5.668   +3.780   +2.028   -0.608   +3.676   +1.392   +4.166
    +0.104   +0.181   -0.070   -0.231   -3.021   +0.050   -0.053   +0.136
   -21.631  -15.077  +20.293   +3.585   -0.069  +18.773   -0.138  +13.048
   +15.166   +5.011   -1.641   -1.539   +5.646  -23.578   +1.222   -1.761
    -1.003   +1.555   +1.488   +3.510   +0.462   +1.143   -3.726   +0.837
token ' you' question (strength 58.9):
    -0.085   -0.052   -0.272   +0.044  +10.722   +0.188   +0.039   +0.147
    +0.322   +7.175   -7.563  -10.686   -0.170   +1.442   +0.204   +4.501
   -17.613   +5.485   -0.292   +4.091   -8.325   +0.974   -5.936   +6.233
    -3.619   +5.693   +3.867   +2.058   -0.742   +3.548   +1.392   +4.214
    +0.135   +0.188   +0.011   -0.259   -2.687   +0.016   -0.072   +0.212
   -21.642  -14.921  +20.327   +3.458   -0.123  +18.497   -0.125  +12.928
   +15.023   +4.797   -1.655   -1.562   +5.671  -23.500   +1.206   -1.720
    -1.058   +1.386   +1.567   +3.640   +0.443   +1.030   -3.824   +0.957

--- station 1 · head 4 ---
token 'how' question (strength 27.6):
    -0.140   -0.731   -3.600   -6.589   -3.173   +2.987   -3.822   +4.988
    -7.679   +8.771  -10.508   -3.276   -1.582   +0.280   +1.359   +0.484
    +4.766   -1.776   -0.746   -1.650   +2.177   +1.136   +0.766   +0.903
    -0.781   +1.328   +1.447   +0.649   +1.153   +0.651   +0.815   +1.061
    +0.833   -0.336   +3.901   -2.693   -8.987   -2.485   -3.331   -1.686
    +2.554   -7.347   -3.410   +9.169   +0.668   +0.502   -1.040   +1.890
    -1.098   +1.576   +0.215   -0.404   +2.146   -4.591   -4.033   +0.592
    -0.652   +1.131   +2.138   +1.449   +0.214   +0.191   -0.966   +0.058
token ' are' question (strength 29.3):
    +0.149   -1.125   -4.378   -7.691   -0.128   +3.146   -3.575   +5.689
    -8.667   +9.519  -11.317   -4.379   -1.617   +0.680   +1.208   +1.314
    +2.548   -1.883   -1.241   -1.327   +2.258   +0.541   +1.145   +0.462
    -0.593   +1.305   +0.958   -0.360   +1.100   +0.383   +0.845   +0.381
    +0.617   +0.142   +4.628   -2.472   -9.770   -3.070   -4.192   -0.951
    +2.667   -7.712   -3.078   +9.756   +0.870   +0.399   -0.513   -0.432
    -1.092   +3.713   +0.204   -0.687   +2.154   -4.169   -3.183   +0.262
    -0.742   +0.616   +2.092   +0.753   -0.834   +0.299   -0.509   +0.200
token ' you' question (strength 28.5):
    +0.134   -0.924   -4.037   -7.480   -1.035   +3.071   -3.780   +5.507
    -8.404   +8.921  -10.707   -4.222   -1.627   +0.692   +1.283   +1.168
    +3.763   -1.967   -0.704   -1.525   +1.802   +0.531   +1.084   +0.809
    -0.764   +1.430   +1.031   -0.495   +1.058   +0.404   +0.806   +0.574
    +0.794   -0.069   +4.589   -2.598   -9.521   -2.970   -4.064   -1.170
    +2.577   -7.587   -2.844   +9.590   +0.761   +0.035   -0.916   +0.585
    -1.036   +3.122   +0.270   -0.587   +1.797   -4.214   -3.248   +0.462
    -0.380   +0.586   +2.156   +0.849   -0.587   +0.292   -0.511   -0.029

--- station 1 · head 5 ---
token 'how' question (strength 24.2):
    -1.294   -1.620   +4.283   +2.302   +5.451   +1.789   +0.164   -0.448
    -2.593   -0.063   +1.648   -2.130   -0.086   +0.892   +0.254   -1.116
    -4.823   -6.458   +0.133   -1.526   +3.678   -0.935   -2.159   +2.184
    -2.769   +3.075   +1.700   +0.583   +2.030   +1.172   +0.729   +1.650
    -1.318   +6.223   +8.329   -2.024   -6.534   -3.908  -11.469   -0.604
    -1.338   -1.220   +0.001   -4.341   +1.518   +2.955   -0.837   +3.413
    -2.952   +1.258   +0.664   +0.117   +1.321   -2.648   -1.809   +0.521
    -0.443   +2.620   +0.771   +1.819   +0.267   +0.472   -1.414   +0.581
token ' are' question (strength 26.0):
    -1.106   -1.249   +4.271   +2.682   +7.009   +0.164   -0.200   +1.224
    -2.437   +0.448   +0.812   -3.102   -0.467   +0.594   +0.427   -1.212
    -6.225   -6.351   -0.057   -2.527   +4.747   -1.158   -2.264   +2.277
    -2.410   +3.891   +2.467   +0.514   +2.462   +1.239   +1.215   +1.429
    -0.763   +7.216   +7.185   -3.076   -7.775   -3.725  -11.759   -0.779
    -1.948   -1.517   -1.183   -4.298   +1.594   +2.650   -1.364   +1.843
    -3.470   +2.005   +1.120   +0.069   +1.852   -3.054   -2.060   +0.414
    -0.380   +2.996   +1.112   +2.437   -0.070   +0.268   -1.622   +0.876
token ' you' question (strength 26.1):
    -1.107   -1.212   +4.231   +2.516   +6.761   +0.640   -0.182   +0.776
    -2.449   +0.050   +1.026   -2.801   -0.353   +0.837   +0.325   -1.104
    -5.487   -6.591   -0.129   -2.350   +4.706   -1.107   -2.222   +2.446
    -2.971   +3.920   +2.557   +0.448   +2.520   +1.303   +1.195   +1.715
    -0.954   +7.130   +7.605   -2.858   -7.715   -3.745  -11.977   -0.772
    -1.967   -1.499   -0.648   -4.441   +1.667   +2.677   -1.231   +2.382
    -3.291   +1.779   +0.990   -0.058   +1.690   -3.001   -2.184   +0.534
    -0.496   +3.120   +1.187   +2.502   +0.149   +0.172   -1.803   +0.985

--- station 1 · head 6 ---
token 'how' question (strength 59.2):
    -0.001   +0.068   -0.263   -0.074  -10.866   +0.258   +0.193   +0.069
    +4.736   +0.618   +2.107  +46.829   -0.227  -10.646   +0.355   -4.552
    -0.457   +4.076   -0.776   -5.052   -7.691   +3.642   -3.214  +11.821
    -4.723   +0.401   +3.090   +6.658   +4.197   +4.803   +2.045   +7.483
    +0.290   +0.366   +0.260   -0.387   +0.790   -0.058   -0.111   +0.238
   +10.542   -2.211   +3.362   +3.221   -0.056   +4.138   -0.033   -0.477
    -0.903   -5.802   +2.379   -0.123   -1.779   -4.167   -0.898   +2.297
    +3.273  +16.182   +0.372   +4.991   +3.619   +0.907   -7.360   +2.532
token ' are' question (strength 60.9):
    -0.036   +0.075   -0.263   -0.158  -11.026   +0.444   +0.299   +0.075
    +5.414   +1.400   +1.668  +48.290   -0.363  -11.639   +0.472   -5.696
    -0.794   +4.001   -0.551   -5.391   -7.984   +5.087   -3.498  +12.098
    -4.535   +1.127   +3.886   +6.253   +4.008   +4.387   +2.450   +7.273
    +0.292   +0.392   +0.348   -0.410   -0.049   -0.141   -0.211   +0.472
   +10.583   -1.896   +3.314   +2.489   -0.133   +3.984   -0.194   +0.117
    -1.601   -5.698   +2.937   -0.315   -1.776   -4.546   -1.153   +2.570
    +3.424  +15.691   +0.784   +5.034   +3.853   +0.163   -7.545   +2.394
token ' you' question (strength 60.4):
    -0.037   +0.004   -0.350   -0.007  -10.956   +0.358   +0.244   +0.059
    +5.094   +1.402   +1.765  +47.755   -0.306  -11.525   +0.389   -5.562
    -0.728   +3.956   -0.546   -5.402   -7.848   +4.969   -3.560  +12.078
    -4.614   +0.909   +3.828   +6.207   +4.107   +4.438   +2.417   +7.285
    +0.325   +0.389   +0.276   -0.437   +0.035   -0.057   -0.170   +0.382
   +10.549   -2.037   +3.192   +2.691   -0.108   +4.097   -0.176   +0.117
    -1.625   -5.744   +2.801   -0.210   -1.791   -4.520   -1.146   +2.518
    +3.343  +15.822   +0.690   +5.026   +3.936   +0.209   -7.476   +2.323

--- station 1 · head 7 ---
token 'how' question (strength 34.7):
    +0.048   +1.277   +1.764   +1.434   -1.615   -8.949   +0.711   +2.362
    +4.601   +0.133   -0.707   -1.691   +1.221   +0.335   +2.914   +5.524
    +0.562  +10.222   +1.665   -4.484  -12.420   -0.181   +6.866   -0.344
    +1.641   +4.358   +1.650   -0.820   +2.693   +0.069   -1.261   +1.733
    -0.449   +2.016   -8.194   -8.940   -0.939   +4.729   +5.269   +2.656
    -4.708   -0.212   +0.974   +2.528   -0.394   +4.152   -0.160  -11.682
    +2.867  -11.991   +0.996   -7.262   -3.037   +2.456   +2.360   -1.888
    -1.396   -5.050   -3.787   +0.322   +0.040   +2.186   +2.086   -0.097
token ' are' question (strength 34.2):
    +0.168   +0.938   +0.912   +3.955   -2.797   -9.079   +2.256   +3.313
    +4.611   +0.558   -0.472   -0.844   +1.152   +0.521   +1.596   +5.073
    +0.882   +9.830   +0.340   -4.231  -11.774   -0.609   +6.201   -1.047
    +0.972   +3.247   +1.621   -0.786   +2.260   +0.480   -0.772   +1.609
    -0.606   +2.749   -9.940   -7.473   -2.899   +4.654   +5.243   +4.089
    -3.553   -0.144   +0.546   +4.861   +0.337   +4.139   +0.994  -11.459
    +2.666  -11.805   +0.814   -5.707   -2.589   +2.400   +2.320   -2.827
    -1.681   -5.295   -3.602   -0.596   -0.374   +1.372   +1.480   -0.758
token ' you' question (strength 34.6):
    +0.172   +1.143   +1.182   +3.288   -2.459   -9.113   +1.854   +2.985
    +4.737   +0.675   -0.574   -1.047   +1.315   +0.585   +1.835   +5.344
    +0.846  +10.181   +0.670   -4.616  -11.927   -0.469   +6.532   -0.656
    +1.107   +3.531   +1.572   -0.687   +2.430   +0.280   -1.107   +1.837
    -0.508   +2.580   -9.619   -8.229   -2.278   +4.776   +5.368   +3.650
    -3.792   -0.230   +0.665   +4.706   +0.203   +4.702   +0.950  -11.490
    +3.030  -11.710   +1.068   -6.076   -2.715   +2.532   +2.465   -2.357
    -1.626   -5.012   -3.849   -0.140   +0.028   +1.646   +1.735   -0.423

--- station 1 · head 8 ---
token 'how' question (strength 129.8):
    -0.030   +0.014   +0.133   +0.139   +0.175   -0.406   -0.173   -0.111
    +7.229   +6.650   -0.208   -3.978   -2.342   -2.156   +5.397   +1.689
    -0.597   -6.269   -3.720   -4.155  +23.207   -0.459  -50.822   -1.634
    -3.397  +24.923   +4.408   -3.676   +7.708   +3.291   -1.390   +2.845
    -0.030   +0.071   -0.042   -0.088   +0.090   +0.108   +0.228   +0.015
    -3.059   -3.070   +0.314   -5.775   -2.818   +3.525   -0.524  -78.492
    -1.398  -25.691   +2.936   -5.283  +45.326  -32.446   -5.674   +1.347
   +43.371  -21.684  -17.105   -2.634   +0.394   +1.385   +4.293   -3.517
token ' are' question (strength 131.1):
    +0.010   -0.036   +0.043   +0.091   +0.029   -0.206   -0.135   +0.094
    +7.547   +7.069   -0.096   -4.514   -3.785   -1.692   +5.523   +1.077
    -0.007   -5.813   -4.301   -4.298  +23.378   -0.097  -51.059   -1.749
    -3.390  +24.822   +4.202   -4.275   +7.954   +3.358   -1.566   +2.917
    -0.031   +0.055   +0.040   +0.032   +0.075   +0.158   +0.044   +0.055
    -2.887   -2.972   +0.132   -5.314   -2.387   +3.522   -1.463  -79.305
    -1.580  -25.602   +3.106   -4.860  +45.872  -33.070   -6.496   +1.206
   +43.699  -22.283  -17.327   -2.643   +0.128   +1.546   +4.443   -3.579
token ' you' question (strength 131.0):
    +0.033   -0.076   +0.060   +0.109   -0.027   -0.273   -0.161   +0.106
    +7.393   +6.947   -0.087   -4.304   -3.302   -1.777   +5.385   +1.272
    -0.050   -6.172   -4.203   -4.292  +23.421   -0.188  -51.018   -1.710
    -3.650  +24.821   +4.188   -4.154   +7.910   +3.298   -1.360   +2.954
    -0.022   +0.083   +0.080   +0.065   +0.107   +0.201   +0.082   +0.020
    -2.794   -3.200   +0.175   -5.404   -2.413   +3.540   -1.051  -79.258
    -1.454  -25.620   +3.101   -4.990  +45.792  -32.947   -6.233   +1.334
   +43.730  -22.296  -17.271   -2.686   +0.155   +1.521   +4.421   -3.570

--- station 1 · head 9 ---
token 'how' question (strength 58.5):
    -0.037   +0.430   +0.371   +0.451   +1.561   -1.393   -1.228   -0.355
    -6.432  -15.142   -0.746   +3.006   -7.323   +0.706   +0.765   -0.047
    -1.133   +0.989   +2.472   -3.642   +5.397   -2.986  +10.031  +20.133
    +0.364   +5.156   +2.590   +0.206   +0.471   -0.498   +0.105   +0.794
    -0.108   +0.363   -0.438   -1.099   +0.236   +0.148   +3.569   +2.005
   -17.605   +5.712   +1.474   +8.593   -6.503  -10.731   -1.780   -3.376
    +0.113  -39.054   -4.968   +3.071  +16.197   +2.190   -5.336   +0.391
    +3.818   -1.324   -1.563   -0.555   -0.826   +1.273   +0.212   +0.066
token ' are' question (strength 59.3):
    -0.040   +0.427   +0.158   +0.393   +1.438   -1.660   -1.785   -0.502
    -6.776  -13.503   -0.734   +4.084   -7.018   +2.187   +2.536   -0.611
    -1.352   +2.175   +3.287   -3.053   +5.789   -3.142   +9.503  +20.290
    +0.535   +5.071   +2.945   -0.565   +0.359   +0.054   +0.459   +0.394
    -0.086   +0.270   -0.514   -1.043   +0.091   -0.348   +3.833   +1.992
   -19.275   +5.744   +1.451  +11.314   -5.398  -12.303   -0.324   -2.144
    +0.194  -38.818   -5.058   +3.678  +15.750   +2.605   -5.173   -0.747
    +3.709   -0.136   -1.307   -1.306   -1.408   +1.806   -0.102   -0.444
token ' you' question (strength 59.0):
    -0.071   +0.534   +0.099   +0.211   +1.304   -1.596   -1.567   -0.529
    -6.491  -13.665   -0.720   +3.871   -7.066   +1.656   +2.564   -0.688
    -1.364   +1.222   +3.125   -3.064   +5.621   -3.338   +9.625  +20.207
    +0.499   +5.086   +2.933   -0.785   +0.203   +0.197   +0.268   +0.560
    -0.099   +0.268   -0.634   -1.174   -0.051   -0.217   +3.812   +2.025
   -19.445   +5.996   +1.520  +10.694   -5.374  -12.161   -0.856   -2.517
    +0.295  -38.697   -5.161   +3.460  +15.706   +2.475   -5.074   -0.255
    +3.823   -0.185   -1.286   -1.017   -0.716   +1.590   -0.278   -0.531

--- station 1 · head 10 ---
token 'how' question (strength 63.7):
    +0.005   -0.004   +0.005   +0.005   -0.016   +0.007   -0.030   -0.136
    -1.061   +1.370   -0.006   +0.204  +21.177   -4.049   -0.381  +22.673
    -0.123   -7.325   -2.762   +4.549   -2.163   +1.964  -23.674  -10.733
    -1.628  +25.644  +17.048   -1.665   +2.968   +1.443   -0.439   +1.079
    +0.016   -0.015   +0.029   +0.017   -0.009   -0.047   +0.056   +0.155
    +1.693   +0.356   +0.156   +0.148  +20.790   -0.427   +0.463  +10.392
    +0.187   -2.714   +0.002   -0.559   -6.880   +7.425   +2.941  +11.288
   -18.555   +9.167  -10.797   +0.235   -1.634   +1.660   +2.095   -0.892
token ' are' question (strength 64.1):
    +0.007   -0.023   -0.011   -0.048   -0.012   +0.072   +0.074   -0.103
    -1.726   +2.082   +0.032   +0.863  +21.652   -5.122   +0.310  +22.582
    -0.045   -7.432   -3.037   +4.656   -2.131   +1.791  -23.341  -11.598
    -0.919  +25.809  +17.574   -2.492   +1.918   +1.838   +0.114   +0.199
    +0.006   +0.010   +0.027   -0.011   -0.028   -0.104   +0.034   +0.177
    +2.030   +0.607   +0.124   +0.719  +17.782   -0.774   +1.118  +11.379
    +0.214   -2.012   +0.022   -0.496   -7.632   +7.713   +3.638  +11.360
   -19.223  +10.918  -10.911   -0.087   -2.940   +1.655   +0.775   -1.023
token ' you' question (strength 64.2):
    +0.008   +0.000   -0.041   -0.085   -0.034   +0.082   +0.066   -0.127
    -1.718   +1.863   +0.045   +1.040  +21.559   -5.075   +0.609  +22.643
    -0.034   -7.607   -3.014   +4.569   -2.195   +1.753  -23.377  -11.317
    -1.075  +25.835  +17.522   -2.628   +2.034   +1.670   -0.081   +0.449
    +0.014   -0.031   +0.012   -0.042   -0.059   -0.096   +0.040   +0.209
    +2.070   +0.517   +0.139   +0.591  +18.637   -0.553   +1.143  +11.227
    +0.249   -2.194   -0.049   -0.551   -7.490   +7.802   +3.561  +11.381
   -18.996  +10.455  -10.880   -0.045   -2.799   +1.633   +0.866   -0.942

--- station 1 · head 11 ---
token 'how' question (strength 56.1):
    -0.987   +1.045   +1.253   +0.293   +1.257   -1.398   -0.249   -0.600
    +5.453  -24.849   -0.339   -5.161   -1.601   +1.183   -2.180   -2.427
    -0.242   -6.091   +5.654   +0.291  -16.236   +4.796  -12.162   +5.534
    +3.763   +2.546   +3.119   -0.602   +0.678   +0.946   -0.443   +0.896
    -0.427   +1.001   -0.715   -1.436   +0.708   +0.283   +0.998   -0.636
   +19.007  +11.972   +1.136   -4.704   -3.728   +4.426   +0.041   -2.708
    +1.179   -9.107   -4.806   -0.700  +32.660   +4.904   +2.229   -6.758
    +2.090   -5.751   -3.532   -1.327   +0.191   +1.107   +0.693   -1.582
token ' are' question (strength 56.9):
    -0.597   +0.601   +1.121   +0.192   +0.982   -0.942   -0.176   -0.593
    +4.247  -24.470   -0.153   -4.962   -1.838   +0.949   -1.554   -1.935
    +0.061   -5.544   +5.961   +1.262  -17.360   +4.991  -12.486   +6.042
    +3.711   +2.138   +3.487   -1.054   +1.301   +0.930   -0.855   +1.285
    -0.316   +0.691   -0.452   -0.929   +0.555   +0.416   +0.722   -0.435
   +21.108  +11.890   +0.910   -2.081   -4.169   +5.823   +0.860   -2.649
    +1.115   -9.287   -4.213   -0.050  +32.817   +4.782   -0.312   -6.302
    +2.061   -5.518   -4.319   -1.078   -0.346   +1.719   +0.738   -1.174
token ' you' question (strength 56.9):
    -0.648   +0.712   +1.202   +0.167   +1.098   -1.235   -0.278   -0.621
    +4.579  -24.452   -0.260   -5.366   -1.677   +0.806   -1.940   -1.876
    +0.080   -5.756   +5.754   +0.925  -17.461   +4.903  -12.452   +6.050
    +3.845   +2.439   +3.657   -0.991   +1.197   +0.858   -0.507   +1.165
    -0.335   +0.838   -0.555   -1.139   +0.625   +0.407   +0.867   -0.473
   +20.789  +12.504   +0.996   -1.211   -4.110   +5.819   +1.166   -2.488
    +1.364   -9.200   -4.391   -0.272  +32.656   +5.020   +0.188   -6.381
    +2.089   -5.454   -4.215   -1.087   -0.159   +1.565   +0.628   -1.235

--- station 1 · head 12 ---
token 'how' question (strength 65.7):
    -0.012   -0.005   +0.297   +0.268   +0.189   -0.185   -0.180   -0.374
    +1.453   -3.912   -0.170   -1.460   -4.978   -6.940   -2.045   +0.543
    -0.587   -4.521   -6.005   +2.023  -15.105   +2.276   -4.010  -40.192
    +4.515   -1.233   +3.132   -0.290   -0.136   +0.689   +0.478   +0.461
    -0.017   +0.083   +0.026   -0.045   +0.186   -0.286   +0.137   -0.073
    -1.248   +1.873   +0.058   -0.877   +5.635  -15.214   -0.937   +6.577
    -0.418  -23.348   +1.432   -6.064  -32.959   -2.221   +4.520  -12.637
    +1.626   -8.860   -2.194   -1.744   -0.875   +1.272   +0.902   -0.396
token ' are' question (strength 66.7):
    -0.003   -0.014   +0.132   +0.124   +0.045   -0.120   -0.140   -0.393
    +0.962   -2.196   -0.266   -1.045   -4.664   -4.753   +0.612   -0.149
    -0.723   -3.356   -5.704   +2.394  -14.475   +2.177   -3.962  -40.981
    +5.050   -1.413   +3.005   -1.257   -0.117   +0.942   +0.172   -0.296
    -0.005   +0.043   +0.069   +0.033   +0.096   -0.167   +0.167   -0.075
    -0.894   +0.522   +0.249   -0.287   +6.447  -17.142   -1.381   +7.881
    -0.227  -23.238   +1.168   -6.573  -33.142   -2.810   +5.159  -13.633
    +0.998   -8.938   -2.741   -2.074   -0.456   +1.159   +1.435   -0.173
token ' you' question (strength 66.3):
    +0.004   -0.023   +0.119   +0.073   +0.063   -0.067   -0.058   -0.273
    +1.165   -2.848   -0.132   -1.186   -5.269   -5.673   -0.153   -0.071
    -0.647   -3.694   -5.818   +2.302  -14.653   +2.145   -3.891  -40.655
    +5.198   -1.338   +3.063   -1.368   -0.219   +0.970   +0.030   -0.039
    -0.003   +0.017   +0.018   +0.025   +0.061   -0.124   +0.082   -0.012
    -1.021   +1.357   +0.110   -0.441   +6.239  -16.528   -1.589   +7.209
    -0.250  -23.189   +1.225   -6.400  -33.089   -2.599   +5.093  -13.232
    +1.105   -8.405   -2.770   -1.906   -0.795   +1.260   +1.210   -0.041

--- station 1 · head 13 ---
token 'how' question (strength 54.5):
    -0.143   +0.151   +0.543   +0.442   +0.592   -0.590   -0.503   -0.617
    +4.460   +8.421   -0.380   +2.684   -1.159   +0.659   -3.303   +0.908
    -0.345   -1.930   -0.277   +9.694  -19.652   -8.091   -5.856   +5.713
    +2.903   -0.138   +4.356   -0.825   +1.411   +0.776   -1.109   +1.330
    -0.074   +0.200   -0.024   -0.372   +0.511   -0.257   +0.489   -0.248
    +6.010   -0.547   +0.632   -3.666   -3.301   +3.367   -3.762  +14.754
    +0.415   -6.558   +0.221  -10.496  +39.454   +3.660   -0.957   -8.158
    +2.996   -8.103   -5.673   -0.211   +0.986   +1.433   +1.788   -0.871
token ' are' question (strength 54.0):
    -0.370   +0.594   +0.849   +0.424   +0.743   -1.090   -0.623   -0.544
    +5.995   +8.558   -0.519   +2.167   -1.960   +1.531   -4.078   +0.007
    -0.540   -2.550   -0.627   +8.586  -18.378   -7.923   -5.461   +5.457
    +2.940   -0.091   +3.905   -0.536   +0.771   +0.986   -0.855   +1.129
    -0.278   +0.606   -0.932   -1.136   +0.714   +0.231   +1.131   -0.326
    +4.752   +0.358   +0.591   -6.162   -3.635   +3.123   -4.892  +14.139
    +0.328   -5.903   +0.207  -10.703  +39.650   +3.790   +0.132   -7.937
    +2.853   -7.532   -5.224   +0.129   +1.581   +0.841   +1.568   -0.778
token ' you' question (strength 54.1):
    -0.290   +0.435   +0.866   +0.520   +0.814   -1.040   -0.702   -0.716
    +5.426   +8.085   -0.573   +2.342   -1.915   +1.423   -3.780   +0.131
    -0.621   -2.275   -0.419   +8.612  -18.633   -8.157   -5.697   +5.753
    +2.861   -0.038   +3.982   -0.510   +0.836   +0.852   -0.974   +1.212
    -0.278   +0.551   -0.632   -0.949   +0.706   -0.057   +0.993   -0.486
    +4.925   -0.720   +0.691   -6.404   -3.728   +3.161   -4.600  +14.127
    +0.446   -6.250   +0.039  -10.821  +39.525   +3.884   -0.031   -7.911
    +3.158   -7.632   -5.248   +0.008   +1.332   +1.174   +1.682   -0.696


############ STATION 2 ############

--- station 2 · head 0 ---
token 'how' question (strength 18.3):
    -2.493   +6.385   +1.417   -2.527   +0.662   +2.076   -0.196   +1.996
    +0.129   +0.959   -1.064   -0.792   -0.426   +0.798   +0.131   +0.714
    -1.360   -0.416   +0.143   +0.939   -1.036   +0.670   +0.408   -0.694
    +0.537   -1.293   +9.250   +0.649   +0.481   +0.237   -0.180   +1.814
    -8.405   +0.952   +4.421   +4.534   +0.479   -2.734   +1.387   +1.072
    -1.604   -0.248   -3.238   +1.129   +0.926   +0.267   +1.239   -1.807
    +1.643   -0.386   -0.107   +0.138   +0.075   -0.646   -0.513   +0.654
    -0.253   -0.111   +0.081   -0.521   +0.645   -0.117   -1.853   -4.577
token ' are' question (strength 16.9):
    +0.021   +2.735   +0.047   -3.054   +0.939   +2.557   -0.045   +0.817
    -0.327   +0.141   +0.631   -0.297   -0.558   +3.085   -0.173   -0.219
    -1.158   +1.097   -0.371   +0.397   -0.676   +1.579   -0.114   -0.580
    -0.316   -0.986   +9.019   +1.304   +0.364   +0.034   +0.228   +2.955
    -7.918   +1.507   +5.119   +2.772   +1.293   +0.326   +1.293   +0.450
    -1.191   -0.404   -3.201   +1.370   +1.259   +0.656   +0.000   -1.937
    +1.697   -0.026   -0.348   -0.658   -0.673   +0.558   -0.011   -0.024
    -0.586   +0.193   +0.320   -0.583   +0.601   -0.117   -1.215   -4.764
token ' you' question (strength 18.4):
    -0.809   +3.682   +0.085   -3.745   +1.494   +1.992   -1.882   +1.199
    -0.503   +0.974   +1.343   +0.268   +0.174   +2.060   +0.887   +0.452
    -1.511   +1.335   -0.140   +0.658   -0.139   +0.460   -0.126   -0.366
    -0.342   -2.057  +10.247   +0.700   +0.447   -0.199   -0.138   +2.428
    -8.100   +1.290   +4.879   +4.195   +0.099   +0.986   +2.308   +1.009
    -1.013   -0.279   -2.184   +0.185   +2.412   +0.280   +0.133   -1.846
    +2.223   +0.279   -0.291   -0.623   -0.050   -0.196   -0.387   +0.346
    -0.989   -0.068   +0.862   -0.961   +0.879   -0.673   -1.526   -5.298

--- station 2 · head 1 ---
token 'how' question (strength 9.9):
    +0.269   +0.950   -0.179   -1.105   -0.409   +0.121   -1.190   +1.306
    -0.447   +0.997   -0.064   +0.175   -1.218   +1.383   +2.878   -0.879
    -1.113   +1.473   +0.063   +0.038   -1.037   +0.509   -1.103   -0.451
    -0.904   -0.716   +5.344   -0.727   -0.783   +0.663   +0.775   +1.028
    +0.044   -0.121   -0.073   +0.964   -0.310   +0.405   +0.150   -1.380
    -0.776   +1.158   -0.112   +0.246   -0.529   +0.888   +0.173   -0.064
    -0.478   -1.189   -1.473   -0.143   +4.065   +0.676   -0.107   -2.084
    -0.331   -0.187   +1.156   -1.185   -0.555   +0.631   +0.432   -2.240
token ' are' question (strength 8.2):
    -0.374   +0.483   +0.556   -1.164   +0.955   +1.602   -0.156   +1.528
    -0.422   +0.642   -0.011   +0.290   -0.852   +0.598   +2.427   -0.459
    -0.056   +1.139   +0.559   +0.193   +0.714   +0.754   +1.163   +0.083
    -0.572   +0.057   +5.320   +0.136   -0.982   +0.083   -0.434   +1.289
    -0.038   -0.001   +0.380   +0.179   +0.188   -0.005   +0.839   +0.267
    -0.800   +0.440   -0.677   -0.486   +0.926   +0.439   +0.499   -0.649
    +1.840   +0.489   -0.329   -0.615   +1.413   -0.667   +0.248   -1.318
    -0.035   -0.492   +0.011   +0.054   +0.454   +0.384   +0.820   -1.654
token ' you' question (strength 9.0):
    -0.073   +0.247   -1.023   -1.056   +0.310   +1.258   -0.823   +1.031
    +0.022   +0.207   -0.494   +0.336   -0.588   +1.133   +1.836   -0.019
    -0.361   +0.866   +0.868   +0.830   +0.290   +0.400   +0.352   +0.368
    -0.495   -1.147   +5.455   +0.337   -0.262   +0.512   +0.511   +1.933
    -0.456   +0.403   +0.526   +0.790   +0.482   +0.549   +1.485   +0.448
    -1.687   +1.483   -1.787   -0.631   +0.968   -0.020   -0.084   -1.385
    +1.546   +0.456   -0.124   -1.361   +1.195   -1.062   -0.846   -1.633
    +0.357   +0.344   +0.352   -0.945   +0.487   -0.251   -0.051   -1.818

--- station 2 · head 2 ---
token 'how' question (strength 11.3):
    -1.246   +3.833   +2.591   -1.210   +1.990   +1.699   +0.229   +2.234
    -2.303   +0.240   -0.166   +0.766   +1.067   +0.341   +0.565   -1.051
    +0.087   +0.233   -0.298   +0.868   -0.664   -0.277   +0.407   -0.345
    -0.589   -0.848   +5.938   +1.159   -0.057   +0.948   -1.351   +0.916
    -2.540   -0.280   +2.144   +2.613   -0.917   -1.536   +1.293   +0.002
    -1.035   -1.210   -1.044   +0.232   -0.684   -1.645   -0.235   -0.915
    +0.850   -0.045   -0.384   +0.200   +0.768   +0.650   +0.026   +0.839
    +0.110   -0.228   -0.275   -0.597   +0.669   -0.147   -0.643   -2.352
token ' are' question (strength 12.7):
    -0.230   +2.606   +1.556   -1.865   +1.811   +2.309   -0.769   +2.475
    -0.757   +0.079   +0.871   +0.756   -0.215   +3.026   -1.396   -0.135
    +0.910   +2.803   +0.118   +1.491   +0.133   +0.280   +1.281   +0.021
    -0.727   -0.659   +6.773   +1.101   -0.300   +0.224   +0.299   +1.270
    -1.431   +0.137   +2.050   +2.448   +0.273   -1.281   +3.127   -0.795
    -0.999   +0.574   -1.276   +1.284   +1.901   -0.881   +0.454   -2.998
    +1.873   +0.434   -0.620   -0.180   -0.061   +0.373   -0.548   -0.427
    -0.621   -1.066   +1.035   -0.658   +0.460   -0.888   -0.612   -2.457
token ' you' question (strength 13.9):
    -0.694   +2.766   +2.084   -2.174   +2.467   +3.277   -0.080   +2.835
    -1.202   +1.224   +1.584   +1.487   -0.558   +2.039   +0.067   -0.056
    -0.407   +1.436   -0.413   +0.268   +0.599   +1.207   +0.822   +0.416
    -0.419   -1.962   +7.641   +1.079   +0.267   -0.349   -0.207   +1.662
    -0.979   -0.361   +2.608   +3.577   -1.565   -1.810   +3.266   -1.713
    -0.859   +0.041   -1.749   +1.710   +1.506   -0.155   -0.448   -1.679
    +2.811   +0.088   +0.366   -0.779   +0.336   +0.003   +0.069   +0.603
    -0.767   -0.160   +0.457   -0.211   +0.382   -0.922   -1.332   -1.727

--- station 2 · head 3 ---
token 'how' question (strength 8.6):
    -0.346   +0.655   +0.397   -0.566   +0.462   +0.155   +0.195   -0.037
    +0.127   +0.043   -0.807   +0.309   +1.370   +0.575   -0.257   -2.196
    -0.793   -1.130   -0.125   -1.596   +0.208   -0.184   +0.050   -1.738
    +1.511   +1.176   +3.676   +1.386   +0.866   +3.168   +0.527   +3.421
    -0.256   -0.084   +0.255   +0.142   +0.361   -0.020   +0.022   +0.031
    -0.347   -1.121   -0.233   -0.146   -0.644   +0.350   +0.571   -0.243
    +0.657   +0.126   -0.810   -0.709   -1.029   +1.454   -0.162   -1.397
    +1.155   -0.984   +0.802   -0.766   +0.032   +0.391   -0.257   +1.159
token ' are' question (strength 7.0):
    -0.141   +0.348   +0.287   -0.466   +0.661   +0.563   -0.361   +0.161
    +0.001   +0.189   +0.366   +0.220   +0.476   +0.314   +1.238   +0.078
    -0.752   -0.023   +0.539   -0.663   -0.121   +0.805   +0.389   -0.671
    -0.088   +0.179   +4.016   +0.345   +0.432   +1.716   +1.217   +2.574
    -0.216   +0.062   +0.372   +0.230   +0.097   -0.048   +0.584   +0.288
    -0.593   +0.043   -0.372   +0.696   +1.091   +0.736   +0.287   -1.185
    +0.307   +0.378   +0.605   -0.403   +0.319   -0.110   +0.438   -2.411
    -0.682   +0.817   +0.186   -0.132   +0.333   -0.921   -0.828   +1.232
token ' you' question (strength 7.1):
    -0.213   +0.396   +0.189   -0.581   +0.400   +0.479   -0.532   +0.097
    -0.163   -0.315   +0.421   +0.168   +0.081   +0.401   +1.985   +0.017
    -0.275   +0.441   +0.329   -0.418   +0.137   +0.616   +0.468   -0.261
    +1.015   -0.459   +4.138   +1.402   +1.513   +1.197   +1.044   +1.141
    -0.152   +0.092   +0.189   +0.297   +0.184   -0.009   +0.646   +0.183
    -0.562   -0.219   -0.280   +0.713   +1.016   +0.905   +0.368   -1.242
    +0.256   +0.188   +0.958   -0.888   +0.167   +0.384   -0.723   -2.450
    -0.107   -0.487   +0.328   +0.145   +0.519   -1.306   -0.427   +1.071

--- station 2 · head 4 ---
token 'how' question (strength 12.1):
    -0.358   +2.675   +1.599   -1.787   -0.544   +2.035   -1.454   +1.297
    -0.074   +0.111   -0.773   +1.671   -0.235   +2.276   +2.153   +0.858
    -0.122   +0.012   -1.054   +0.753   -0.234   -0.509   -1.698   +0.357
    +0.529   -1.745   +7.556   +1.006   -0.658   +0.576   -0.372   +0.107
    -1.991   +0.925   +0.951   +0.989   -0.479   -1.033   +0.491   -0.229
    -1.854   -1.302   -2.789   +0.071   -2.398   +0.443   +0.138   +0.426
    +1.986   +0.068   -0.872   +1.425   +0.165   +0.658   -0.939   +0.068
    +0.318   -1.397   -1.328   +0.895   -0.442   -0.543   -0.083   -1.590
token ' are' question (strength 11.5):
    +0.466   +1.264   +0.755   -1.415   -0.370   +2.962   -0.515   +1.938
    -0.534   -0.109   -0.082   +1.442   -0.315   +3.620   -0.042   +0.011
    +0.292   +1.508   +0.816   +0.209   -0.318   +0.046   +0.943   +0.768
    -0.414   -0.496   +7.219   +0.468   +0.092   -0.110   +0.143   +1.301
    -1.126   +0.536   +1.538   +0.796   +0.098   +0.290   +2.334   +0.351
    -1.874   -1.063   -2.307   +0.594   +0.211   +1.732   -0.291   +0.381
    +2.968   +1.144   -0.402   -0.404   +0.477   +1.242   -0.348   -0.157
    +0.916   -1.355   -0.142   +0.118   +0.306   -0.528   -0.840   -0.922
token ' you' question (strength 13.0):
    +0.356   +0.798   -0.750   -2.693   -1.198   +3.153   -2.036   +1.788
    -0.535   -0.868   +0.291   +1.476   +0.094   +3.500   +0.870   +1.480
    +0.227   +1.351   -0.033   -0.637   -0.131   +0.243   +0.441   +0.760
    +0.376   -1.512   +7.136   +0.127   +0.810   +0.188   +1.155   +1.195
    -0.692   +1.397   +1.272   +0.552   +0.660   +0.218   +2.099   +0.824
    -2.715   -0.409   -4.222   +0.079   -0.969   +1.873   -0.770   -0.515
    +2.797   +2.106   -0.099   -0.993   +2.250   +0.509   -0.992   -0.949
    -0.099   -0.751   -0.262   +0.434   -0.059   -0.807   -0.439   -0.848

--- station 2 · head 5 ---
token 'how' question (strength 7.9):
    -0.529   +0.992   +1.133   -0.171   +0.259   +0.269   +0.243   +0.281
    -0.495   -0.069   -0.382   +0.698   -0.418   +0.492   +1.402   +0.025
    +0.199   -1.072   +0.073   +0.947   +0.445   -0.364   -0.112   -0.405
    -1.053   -0.878   +4.353   +2.293   -0.197   +0.096   -0.964   -1.040
    -0.513   -0.198   -0.257   +0.847   -0.554   -0.809   -0.381   -1.148
    +0.656   -0.440   +0.082   +0.241   -0.627   -1.097   -1.485   +1.061
    -0.117   -0.936   -0.147   -1.501   +1.786   -0.345   -1.286   -1.616
    +0.607   -0.159   -1.311   -0.288   +0.760   +1.405   -0.178   -0.547
token ' are' question (strength 8.0):
    -0.225   +0.652   +1.024   -0.512   +0.461   +1.205   -0.098   +0.586
    -0.203   +1.179   -0.069   +0.172   -0.041   +1.095   +1.466   -0.474
    -0.192   -0.240   +0.386   +0.658   +0.194   -0.568   +0.383   +0.614
    -0.963   -1.080   +5.380   +1.486   -0.477   -0.037   -0.408   -0.607
    -0.411   -0.124   +0.514   +0.717   -0.348   -0.448   +0.582   -0.518
    -0.737   +0.241   -0.951   +1.056   +0.983   +0.291   -0.980   +0.175
    +0.290   -0.665   +0.475   -1.674   +0.842   +0.045   -0.724   -2.441
    +0.457   -0.507   -0.498   -0.028   +1.403   +0.203   -0.169   -0.372
token ' you' question (strength 8.4):
    -0.177   +0.188   +0.783   -0.275   +0.202   +0.974   +0.118   +0.298
    -0.642   +0.674   -0.298   +0.756   -0.035   +0.979   +1.275   -0.234
    +0.404   -0.630   -0.439   +1.046   -0.708   +0.568   +1.332   +0.669
    +0.396   -2.723   +4.707   +1.870   +0.873   +0.180   +0.348   +0.367
    -0.068   -0.283   +0.111   +0.908   -0.581   -0.901   +0.883   -0.587
    -0.605   -0.154   -0.556   +0.786   +1.313   +0.468   -0.418   -0.496
    +0.634   -0.417   +0.472   -1.320   +1.081   -1.315   -0.236   -1.923
    -0.919   -0.538   -2.078   -0.286   -0.211   -0.875   -1.379   +1.034

--- station 2 · head 6 ---
token 'how' question (strength 12.6):
    +0.125   +2.057   -1.159   -0.343   +2.280   +3.157   -0.550   -0.511
    -2.071   -1.464   +0.319   -0.366   -0.785   +0.180   +0.936   +2.697
    +0.936   +0.476   +1.879   -0.333   -0.342   +1.304   +1.500   -0.552
    +0.395   -2.770   +4.950   +0.780   -0.127   -0.992   -1.210   +1.625
    -1.184   +0.780   +2.285   +1.950   +1.464   +0.001   +2.151   +0.482
    -1.366   +0.186   -1.188   -1.180   +2.004   -0.496   -0.773   -0.319
    +3.568   +1.629   +3.608   +0.294   -2.642   -1.338   -0.454   -0.997
    -0.170   -0.046   -0.529   +0.071   +0.030   +0.111   -1.126   -2.821
token ' are' question (strength 10.6):
    -0.189   +1.820   -0.004   -1.237   +2.651   +1.749   -1.035   +1.310
    -0.408   +0.578   +0.972   +0.980   -1.220   +2.390   +1.816   +0.070
    +0.352   +1.002   -0.168   -0.523   +0.453   +1.907   +0.114   -0.469
    +0.164   -0.433   +6.553   +0.335   +0.428   -0.055   +0.372   +2.099
    -1.025   +0.742   +1.714   +1.138   +1.333   -0.339   +0.772   +0.902
    -1.031   +0.500   -1.156   -0.442   +1.234   -0.004   -0.370   -0.578
    +2.286   -0.312   +0.873   -0.788   -0.064   -0.437   -0.109   -0.402
    -1.235   -0.243   +0.634   -0.738   +0.448   -0.691   -1.295   -1.637
token ' you' question (strength 11.2):
    -0.446   +2.058   -0.478   -1.371   +1.482   +2.751   -0.664   +1.471
    -0.695   -0.249   +1.441   +0.354   -1.816   +1.932   +2.437   +0.501
    +0.853   +0.660   -0.388   -0.517   +0.255   +1.304   +0.843   -0.600
    +0.113   -1.223   +6.280   +0.401   +0.277   -0.300   +0.890   +1.129
    -1.102   +0.037   +1.509   +1.389   +1.570   -0.781   +0.949   +0.202
    -1.439   +1.484   -1.413   -1.007   +1.467   +0.614   -1.275   -0.710
    +2.913   +0.061   +1.121   -1.129   -0.430   -0.539   -0.324   -1.859
    -0.703   -0.323   +0.607   -0.183   +0.041   -0.342   -0.913   -1.992

--- station 2 · head 7 ---
token 'how' question (strength 12.7):
    +0.308   +0.371   +0.039   -0.450   +1.075   -0.223   -0.131   +1.669
    -0.764   -0.196   +4.455   +0.693   -1.859   +0.267   -2.115   -0.382
    -1.300   -0.603   +0.218   +0.228   +2.552   +2.130   -0.680   -0.939
    +1.983   +1.026   -0.274   +2.691   -3.876   +2.035   +2.991   -0.056
    -0.150   -0.119   +0.144   -0.329   +0.763   -0.989   -0.219   +1.559
    +1.278   -0.162   +3.528   +0.396   -1.034   +0.646   +0.803   -1.320
    +1.262   -0.687   -0.547   -1.727   +2.820   -0.159   +2.517   +1.168
    +2.609   -0.587   -2.185   +1.465   +3.223   -0.090   +0.579   +2.074
token ' are' question (strength 9.0):
    +0.025   +0.408   +0.416   +0.102   +0.336   +0.630   +0.706   -0.097
    -0.552   +0.306   +1.184   -1.695   +1.312   +0.336   -0.943   +0.809
    -0.222   -0.526   -0.219   -0.644   +1.677   +0.119   -1.213   +1.111
    +1.282   -0.750   +1.214   +3.541   -2.027   +1.132   +2.413   -1.269
    -0.367   +0.112   +0.531   +0.360   +0.962   -0.184   -0.276   +0.180
    +1.080   -0.582   +0.281   +0.536   -0.948   +0.000   -0.336   -0.760
    -0.501   -1.041   -0.974   -0.437   +0.245   -0.126   +0.496   -0.850
    +2.881   -0.364   +0.829   -0.277   +3.358   -1.321   +1.234   +2.134
token ' you' question (strength 10.0):
    -0.225   +0.399   +0.604   +0.470   +0.877   +0.361   +0.560   -0.439
    -0.279   +0.201   +1.150   -1.117   +2.772   +0.178   -1.400   +0.626
    -0.477   -0.915   -0.292   -0.837   +1.691   -0.521   -1.548   +0.774
    +0.525   +0.007   +1.108   +3.627   -2.858   +0.996   +2.014   -1.793
    -0.313   -0.249   +0.087   +0.043   +0.289   -0.523   -0.469   +0.650
    +0.755   -0.390   +0.394   +0.699   -1.069   -0.106   -0.852   -0.724
    -0.783   -1.273   -1.021   +0.560   +2.150   -1.501   +0.109   -0.787
    +2.871   +0.184   +0.705   -0.972   +3.210   -1.814   +1.653   +1.929

--- station 2 · head 8 ---
token 'how' question (strength 10.9):
    +0.728   +1.134   +5.436   +5.945   +0.977   -0.833   +2.249   +1.085
    -0.230   +0.288   -0.203   -0.219   -0.119   +1.814   -0.110   -0.038
    -0.920   +0.180   -0.440   -0.422   -0.170   -0.091   +0.489   -0.618
    +0.432   -0.067   -0.156   +0.801   -1.027   +0.932   +0.227   -0.183
    -3.298   -0.076   +0.147   +2.088   +1.529   +0.035   -0.776   +0.357
    -0.614   -2.306   +0.211   -0.076   +0.287   +0.069   -0.108   +0.102
    +0.599   -0.311   -2.701   -0.090   -0.071   +0.101   +0.234   +0.450
    -0.766   +0.480   +1.244   +0.478   -0.021   -0.490   +0.355   +0.336
token ' are' question (strength 13.3):
    +0.750   +1.083   +6.667   +4.237   +1.069   +0.590   +4.011   +0.164
    +0.028   +0.744   -0.527   +0.066   +0.292   +3.927   -0.844   +0.149
    -0.282   -0.178   -0.512   +0.227   -0.287   -0.076   +0.425   +0.015
    +0.703   +0.214   -0.126   +0.981   -1.397   +0.864   +0.381   -0.338
    -2.425   +0.479   +1.882   +4.892   +2.542   -0.242   -1.423   -0.073
    -0.099   -3.134   +0.060   -0.131   +0.140   +0.010   -0.208   -0.906
    +0.428   -0.071   -4.109   +0.160   +0.161   +0.676   +0.014   -0.077
    +0.076   -0.173   +1.379   +0.576   +0.595   -0.729   +0.534   +0.067
token ' you' question (strength 14.3):
    +0.221   +0.693   +6.943   +5.081   +1.519   +0.166   +4.330   +0.064
    +0.017   +0.557   -0.665   +0.020   +0.052   +4.105   -0.866   +0.012
    -0.668   -0.434   -0.297   -0.323   +0.098   -0.401   +0.608   -0.312
    +0.210   +0.089   -0.479   +0.953   -1.771   +1.064   +0.321   -0.208
    -2.582   +0.944   +1.823   +4.754   +2.457   -0.496   -1.329   +0.451
    -0.088   -3.489   +0.487   -0.246   -0.044   -0.200   -0.986   -0.996
    +0.102   -0.016   -4.686   +0.013   +0.206   +0.242   +0.171   -0.084
    -0.463   +0.244   +1.549   +0.675   +0.721   -0.212   +0.645   +0.320

--- station 2 · head 9 ---
token 'how' question (strength 18.3):
    +0.024   +1.292   +2.253   +0.441   -0.189   -0.813   +3.613   -0.961
    -0.574   +0.805   +0.127   +0.808   +0.694   +2.486   +0.296   -0.039
    -0.199   +0.272   -0.207   +0.653   -1.083   -0.164   +0.200   -0.252
    +0.968   +0.263   -1.163   +0.634   -0.207   +0.572   -0.890   +0.947
   -15.415   +0.241   +5.116   +2.316   +1.260   +0.208   +0.786   -0.455
    -0.094   -3.392   -0.309   +0.258   -0.254   +0.412   +0.212   +0.021
    +0.289   +0.945   -2.973   -0.319   +0.711   +0.424   +0.362   -0.274
    +0.692   +0.432   +0.800   +0.321   -0.157   +1.102   -0.164   -0.466
token ' are' question (strength 18.2):
    +1.074   -0.164   +0.804   -0.341   +1.057   +0.323   +4.976   -0.883
    -0.397   +0.320   +0.144   -0.709   +1.399   +3.555   -0.671   -0.257
    -0.001   -0.418   -0.172   +0.211   -0.202   -0.416   -0.154   -0.157
    +0.721   +0.309   +0.115   +1.304   -1.795   +1.020   +1.131   -0.595
   -13.241   +1.370   +5.064   +4.007   +2.040   +0.662   +0.999   -0.457
    -0.041   -4.632   -0.632   +0.247   -0.767   +0.460   -0.418   -0.416
    -0.353   -0.186   -4.669   +0.135   -0.111   +0.647   -0.196   -0.267
    -1.064   +0.064   +1.808   +0.541   +1.311   -1.027   +1.166   +0.691
token ' you' question (strength 19.1):
    +0.868   +0.061   +1.097   +0.433   -0.267   +0.534   +4.681   -1.255
    -0.529   +0.332   -0.277   -0.157   +2.016   +4.149   -0.734   -1.009
    +0.043   -0.411   +0.292   +0.232   -0.587   -0.078   +0.176   -0.079
    +0.620   +0.282   +0.130   +1.622   -1.665   +1.192   +1.305   -0.981
   -14.013   +1.602   +4.784   +3.770   +2.287   +0.913   +1.485   -0.121
    -0.176   -4.595   -1.455   +0.466   -0.618   +0.308   -1.113   -0.588
    +0.066   -0.456   -4.753   +0.252   +0.230   +0.491   -0.224   -0.428
    -0.515   +0.177   +2.257   +0.593   +1.271   -0.850   +1.591   +0.943

--- station 2 · head 10 ---
token 'how' question (strength 9.0):
    -1.092   +2.698   +3.256   +2.612   +1.068   -1.039   -0.949   +2.297
    -0.993   -1.883   -0.706   -1.115   -0.042   +2.094   -0.059   +0.254
    -0.196   +0.504   -0.460   -0.116   +0.435   -0.280   +0.770   +0.119
    +0.570   -0.326   +0.218   +0.115   -0.647   +0.042   +0.440   +0.134
    -1.023   -0.378   +0.281   -1.449   +1.630   -0.449   -3.201   +0.491
    +0.594   +0.309   +0.085   +0.295   -0.109   -0.967   +1.009   +0.563
    +0.638   -0.519   -2.853   -0.131   +1.104   -0.815   +0.917   -0.561
    +0.865   -0.091   +0.667   +0.582   +0.585   -0.613   +0.217   +0.634
token ' are' question (strength 8.6):
    -0.258   +1.038   +1.526   +1.813   +1.144   +0.915   +0.821   -0.073
    -1.000   -0.265   -0.837   -0.746   +1.119   +3.463   -0.659   -0.116
    +0.121   +0.012   -0.569   -0.021   +0.321   -0.234   +0.189   +0.020
    +0.682   -0.103   +0.375   +0.710   -1.763   +0.358   +0.781   -0.953
    -0.178   +0.316   +0.340   -0.332   +1.470   -1.472   -3.032   -0.260
    -0.149   -2.949   +0.055   +0.181   -1.015   -0.042   +0.198   -0.272
    +0.027   -0.661   -3.530   +0.249   +0.254   +0.482   -0.044   -0.596
    +0.112   +0.171   +1.253   +0.477   +0.650   -0.907   +1.007   +0.610
token ' you' question (strength 9.2):
    -0.216   +0.780   +1.325   +1.548   +0.781   +0.935   +1.243   -0.082
    -1.012   -0.795   -0.514   -1.092   +2.061   +3.736   -0.659   -0.173
    +0.091   +0.229   -0.557   +0.353   +0.233   -0.328   -0.171   -0.379
    +0.292   -0.056   +0.123   +0.672   -2.008   +0.606   +0.806   -0.846
    +0.030   -0.061   +0.089   -0.333   +1.401   -1.179   -3.402   -0.115
    -0.303   -3.053   -0.425   +0.060   -1.236   -0.597   +0.444   -0.571
    -0.103   -0.681   -3.483   +0.445   +0.725   +0.696   +0.017   -0.760
    -0.356   -0.033   +1.291   +0.630   +1.287   -1.200   +0.995   +0.563

--- station 2 · head 11 ---
token 'how' question (strength 10.5):
    -0.690   +2.548   +1.625   +1.342   +1.808   -0.223   +0.182   -0.877
    +0.266   -0.522   -0.948   -1.286   +1.904   +1.025   +0.969   +0.975
    +0.103   +1.828   -1.337   -1.348   -1.035   +1.120   +1.056   -2.035
    -0.843   +0.649   +0.335   +2.202   -0.406   +0.840   -0.487   +0.888
    -1.311   -0.211   +0.455   +0.799   +1.523   -0.557   -0.159   +0.424
    +1.148   -0.254   -1.829   +1.373   -0.591   -1.481   -1.056   +0.251
    +0.926   -0.236   -3.877   -1.166   -0.216   +0.785   -1.146   +0.372
    -4.585   +1.299   +1.223   -0.058   +1.472   -1.038   -0.353   +0.249
token ' are' question (strength 10.3):
    -0.101   +1.360   +0.893   +0.892   +2.272   -0.847   +0.568   -2.775
    -1.282   -0.385   -0.728   -2.180   +1.237   +2.592   -0.153   +1.272
    -0.106   +0.134   +0.074   +0.157   +0.214   -0.944   -0.628   -0.098
    -0.179   +0.535   +0.522   +2.815   -1.655   +0.724   -0.256   +1.140
    -0.464   +0.280   +0.326   +1.013   +1.914   +0.508   -1.166   +0.199
    +0.371   -2.045   +0.356   +0.158   -0.390   -0.449   +0.476   +0.348
    -2.141   -0.152   -4.011   -1.186   +1.661   +0.562   +0.153   +0.270
    -3.772   +0.999   +1.304   +0.422   +1.637   -0.815   +0.593   -0.207
token ' you' question (strength 11.4):
    -0.172   +1.110   +1.047   +1.049   +1.951   -0.839   +1.168   -2.585
    -0.146   -0.519   -1.363   -3.051   +1.350   +2.941   +0.869   +0.458
    +0.737   -0.071   -0.112   -1.284   -0.491   -0.398   -0.312   -0.444
    -0.555   -0.609   +0.633   +2.276   -2.284   +0.999   +0.466   -0.266
    -0.187   -0.073   +0.206   +1.019   +1.990   -0.676   -1.474   -0.119
    -0.612   -2.634   -0.454   +2.228   -0.642   -0.297   -0.769   +0.568
    -1.989   +0.213   -3.118   -2.050   +1.748   +1.164   -0.566   +0.195
    -4.491   +0.436   +2.859   -0.100   +1.511   -0.697   +0.692   +0.052

--- station 2 · head 12 ---
token 'how' question (strength 12.9):
    -0.870   +0.671   +0.573   +0.980   +0.295   +0.297   -0.088   -1.352
    +1.100   -0.493   -2.572   +0.097   +2.019   -0.334   -0.100   +1.369
    -1.215   -0.814   -0.467   -1.415   -3.018   -1.458   +1.285   +0.929
    +1.447   -0.097   +1.019   -2.107   +3.441   -1.413   +3.005   -0.201
    -0.452   +0.182   -0.302   +0.400   -1.399   +0.892   +0.351   -0.317
    +0.347   +0.795   -2.014   -0.357   -0.710   -0.950   +0.126   +0.058
    -0.972   +0.269   -0.067   +0.749   -2.208   -1.366   -2.291   -1.760
    +3.526   +0.246   +3.578   +1.640   +6.604   +0.027   +0.193   +1.181
token ' are' question (strength 10.2):
    -0.093   +0.163   +0.017   +0.185   +0.263   +0.079   +0.159   -0.001
    -0.146   -0.034   +0.074   -0.292   +2.837   +0.371   -0.488   +0.549
    -1.356   -1.153   -0.248   -0.059   +0.795   +0.032   -0.915   +0.063
    +1.533   +1.837   +1.816   +1.053   +2.448   -1.749   +2.720   -0.332
    -0.034   -0.050   +0.053   -0.003   -0.034   -0.150   -0.272   +0.479
    +0.711   -0.193   -0.003   -0.044   -0.629   +0.013   -0.581   +0.820
    -1.224   -1.388   -0.486   -0.091   +0.358   +0.818   -0.778   -0.426
    +2.643   -0.283   +2.595   +1.619   +5.067   -3.111   +1.625   +0.921
token ' you' question (strength 9.6):
    -0.006   -0.050   +0.078   +0.137   +0.103   +0.095   +0.256   +0.021
    -0.570   +0.030   +0.327   -0.131   +2.891   +0.407   -0.387   +0.306
    -1.171   -0.477   -0.172   -0.297   +0.650   -0.326   -1.012   -0.082
    +0.735   +1.447   +1.199   +0.688   +1.320   -1.503   +2.973   -0.438
    -0.063   -0.052   +0.209   +0.228   +0.117   +0.041   -0.275   +0.374
    +0.381   -0.341   +0.014   +0.276   -0.951   +0.115   -0.629   +0.322
    -1.825   -0.781   -0.332   -0.238   +0.044   +0.731   -0.132   -1.131
    +3.328   +0.181   +1.969   +1.452   +4.782   -2.833   +1.966   +1.080

--- station 2 · head 13 ---
token 'how' question (strength 10.6):
    +1.090   -1.516   -0.836   -1.395   -0.287   +1.117   +0.104   -0.250
    +0.170   +0.081   +0.239   +0.581   -0.668   +0.456   -0.378   -2.334
    -0.062   -1.189   -0.057   -1.158   -0.060   +0.335   +2.082   -0.481
    -0.978   +2.440   +1.084   +0.945   +0.146   -1.544   +1.893   -1.926
    +0.767   +0.770   +0.549   +0.626   +1.004   -0.280   +0.035   +0.523
    -1.104   -0.237   -0.410   +1.246   -1.126   +0.629   +0.028   -0.388
    -2.568   +0.389   -0.079   -1.219   -2.100   +1.710   -1.479   +0.425
    +4.005   +0.480   +1.575   -1.127   -0.213   -4.913   +0.660   +1.408
token ' are' question (strength 9.3):
    +0.292   +0.234   +0.115   -0.118   +0.254   +0.460   +0.392   -0.538
    -0.803   +0.149   +0.776   -0.825   +1.779   +0.264   +0.056   -0.126
    -0.454   -0.755   -0.023   -0.471   -0.094   +1.259   +0.964   +0.691
    +0.226   +1.125   +0.644   +2.993   -0.678   -1.865   +2.219   -1.535
    -0.099   +0.339   +0.260   +0.313   +0.281   +0.003   -0.082   +0.491
    +0.845   -0.203   -0.846   +0.666   -0.878   +0.377   -1.160   -0.824
    -1.528   -0.767   -0.208   +0.232   +0.514   +1.133   -0.807   -0.989
    +4.134   -0.178   +2.494   -0.564   +1.118   -3.793   +1.094   +1.281
token ' you' question (strength 9.3):
    +0.237   -0.196   -0.162   -0.188   +0.164   +0.313   +0.237   -0.086
    -0.418   +0.160   +0.855   -0.587   +2.195   +0.307   -0.497   +0.004
    -0.486   -0.294   +0.357   -1.277   +0.037   +0.479   +0.129   +0.252
    -0.358   +1.131   +1.733   +2.215   -0.601   -1.073   +3.261   -2.290
    +0.155   +0.175   +0.144   -0.003   +0.109   -0.094   -0.170   +0.494
    +0.264   -0.017   -0.749   +0.442   -1.035   +0.213   -0.995   -0.177
    -1.851   -1.006   -0.254   -0.074   +1.146   +0.684   -1.537   -0.898
    +3.231   +0.108   +2.107   -1.468   +1.506   -3.109   +2.291   +1.865


############ STATION 3 ############

--- station 3 · head 0 ---
token 'how' question (strength 13.6):
    -6.978   -3.026   -3.488   -0.101   -3.300   +2.115   +2.302   -0.547
    -1.868   -0.697   -0.556   +0.036   -1.025   +1.022   +0.508   -0.905
    -1.198   +0.073   +0.134   +2.945   -0.175   +0.321   -0.295   -0.528
    +3.836   -0.128   -0.855   +0.416   -0.163   +0.339   +1.398   +0.725
    +1.270   -1.270   +1.420   -4.441   -0.374   +3.097   -0.056   +0.923
    -0.488   +0.009   +1.539   +2.293   -1.808   -1.084   -0.041   -0.056
    -1.412   -0.151   -0.574   +1.130   +0.581   -0.338   -0.692   -0.666
    +0.812   +0.074   +0.769   -0.883   -0.332   +0.441   -0.797   -1.068
token ' are' question (strength 12.4):
    -7.026   -3.356   -3.218   -0.770   -1.250   +1.224   +0.815   -0.552
    -2.284   -0.395   +0.287   +1.296   -0.045   +0.816   +0.121   -0.822
    -0.688   -0.369   +0.089   +2.695   +0.159   +0.145   -0.646   +0.057
    +3.122   +0.703   +0.050   -0.412   -1.989   -0.029   -0.384   -0.654
    +0.017   -1.029   +2.126   -4.249   -0.096   +3.620   +0.345   -0.341
    -0.450   +0.402   +1.596   +1.378   -0.567   -0.817   +0.801   -0.069
    -0.636   -0.036   +0.455   +0.445   -0.249   -0.391   -0.163   -0.372
    +0.558   +0.335   +0.176   -0.624   -0.165   -0.297   -0.339   -0.694
token ' you' question (strength 11.7):
    -5.831   -2.811   -3.243   -0.955   -1.563   +0.861   +1.981   +0.716
    -2.223   -0.103   -0.437   +1.261   -0.186   +0.117   +0.217   +0.005
    -0.382   +0.309   +0.350   +2.902   -0.133   -0.101   -0.569   -0.024
    +2.576   +0.467   +0.405   +0.665   -1.316   -0.232   -0.191   -0.405
    +0.312   -0.257   +2.247   -3.997   -0.298   +4.081   -1.120   +0.194
    -0.148   -0.353   +1.790   +2.436   -0.637   -0.744   +0.141   -0.035
    -0.629   +0.219   -0.029   +0.142   +0.022   -0.112   -0.116   +0.106
    +0.568   +0.143   +0.341   -0.002   -0.619   -0.342   -0.208   -0.573

--- station 3 · head 1 ---
token 'how' question (strength 7.4):
    -0.884   -1.729   +0.153   -1.095   -0.091   +1.837   +0.197   +0.293
    -2.294   -0.021   +0.261   -0.561   -1.263   -0.581   +0.431   +0.472
    -0.101   +0.332   +0.208   +3.084   +0.039   -0.445   -0.206   -0.024
    +2.241   +0.523   -0.278   +0.759   +0.489   +0.031   +1.418   +1.079
    +0.541   -0.306   +1.874   -0.370   +0.074   +0.542   +0.568   -0.187
    +1.515   +0.350   +2.228   +0.866   -0.000   -1.830   -0.368   -0.491
    -0.248   +0.188   -0.092   -0.411   +0.111   +0.204   -0.083   +0.044
    +0.860   -0.314   +0.079   -0.523   -0.061   +0.559   -0.625   -0.582
token ' are' question (strength 7.3):
    -0.296   -0.694   -0.387   -0.481   +0.635   +1.447   +0.890   +0.909
    -3.155   -0.261   -0.531   +0.333   -0.977   -1.360   +0.637   +0.063
    +0.028   +0.039   -0.008   +3.872   +0.029   -0.031   -0.680   -0.035
    +1.510   +0.185   +0.027   +0.300   -0.713   +0.142   +0.459   +0.128
    +0.014   -0.662   +0.688   -0.739   +0.364   +1.649   -0.483   -0.214
    +0.979   -0.092   +2.178   +1.037   +0.228   -1.873   -0.053   +0.455
    -0.313   +0.226   -0.088   -0.142   -0.143   -0.034   -0.279   -0.094
    +0.603   +0.116   +0.001   +0.071   -0.240   +0.008   -0.152   +0.128
token ' you' question (strength 7.5):
    +0.110   -0.411   -0.210   -0.279   +0.600   +1.337   +0.573   +0.960
    -2.991   -0.155   -0.176   +0.418   -0.503   -1.691   +0.896   -0.026
    -0.126   +0.064   -0.035   +4.231   +0.007   -0.090   -0.664   -0.096
    +1.455   +0.227   -0.085   +0.215   -0.700   +0.150   +0.565   +0.252
    -0.045   -0.347   +0.540   -0.710   -0.003   +1.762   -0.261   +0.134
    +0.693   -0.123   +2.426   +1.293   +0.343   -1.924   +0.050   +0.510
    -0.205   +0.110   -0.115   -0.351   -0.117   -0.022   -0.213   -0.221
    +0.712   +0.119   -0.093   -0.033   -0.443   +0.025   -0.206   +0.050

--- station 3 · head 2 ---
token 'how' question (strength 15.8):
    -0.450   -2.568   +0.157   -2.805   +0.478   +2.012   -1.110   +0.523
    +0.060   +1.433   +3.216   -2.001   -1.662   -4.346   +0.322   -0.250
    +1.997   +0.071   +0.707   -0.756   +2.878   +0.644   +0.137   +1.124
    +6.512   +3.614   -0.939   +0.739   -0.535   -0.875   +2.576   +4.633
    +2.207   +1.262   +2.813   -0.612   -2.069   -0.083   -0.737   -2.116
    +2.612   +0.831   +0.265   +0.626   -1.777   +1.838   -2.302   -1.371
    -0.287   +0.306   +1.939   -0.479   -1.282   -2.186   +1.860   -1.576
    +2.277   -2.531   -0.091   -0.181   +2.427   +0.710   -1.477   -2.862
token ' are' question (strength 11.9):
    +0.198   -0.443   +0.348   -0.937   -0.208   +1.033   -0.693   +0.041
    +0.338   +1.816   +2.391   -0.229   -1.435   -3.724   -1.707   +0.355
    +1.397   -2.492   +1.848   +0.697   +1.201   +2.699   +0.122   +0.156
    +5.216   +1.626   -0.803   +0.173   -1.597   -1.449   +0.628   +2.054
    +0.446   +0.625   +0.650   +0.233   -1.144   -0.413   +0.147   -1.760
    +2.017   +0.468   -0.465   +0.513   -0.780   +1.815   -2.625   +0.216
    +0.946   +4.047   +1.920   +0.288   -0.452   -1.894   +0.112   +0.871
    -1.335   -1.030   +0.180   +0.072   -0.130   -0.487   +0.406   -0.046
token ' you' question (strength 12.1):
    +0.001   -0.445   +0.256   -0.913   -0.001   +0.880   -0.571   +0.420
    +0.075   +0.779   +2.966   +0.048   -0.695   -4.563   -1.244   -1.074
    +0.281   -2.170   +0.331   +2.924   +0.428   +2.504   -1.276   +0.368
    +4.530   +0.661   +1.836   +1.242   -2.465   -0.454   -1.903   +4.039
    +0.274   +0.472   +0.879   +0.127   -1.023   -0.012   -0.167   -1.745
    +2.341   -0.017   +0.146   -0.557   -0.820   +1.873   -0.388   -1.465
    +0.549   +1.149   +1.117   +1.920   -0.346   -1.963   +0.156   -1.221
    +0.303   -0.901   +0.439   -1.924   +1.023   -0.553   +0.621   -0.061

--- station 3 · head 3 ---
token 'how' question (strength 12.8):
    -4.126   -6.496   -2.846   -3.824   -0.303   +1.814   -0.493   +1.472
    -1.273   -0.921   +1.494   +0.342   -1.501   +0.624   -0.528   -0.553
    -0.438   -0.469   +0.275   +4.270   -0.047   +0.143   -0.522   -0.132
    +2.218   +0.749   -1.245   +0.212   -0.802   +0.464   -0.119   +0.754
    +0.809   -1.786   +3.119   -3.748   +0.193   +1.133   +0.582   -1.497
    -0.872   +0.646   +1.148   +0.802   -0.496   -0.723   +0.553   -0.484
    -0.302   +0.350   +0.046   +0.226   -0.043   -0.644   -0.730   +0.091
    +0.176   +0.259   -0.849   +0.901   -0.437   +0.479   -0.611   -0.613
token ' are' question (strength 9.7):
    -3.408   -4.092   -1.705   -1.892   -1.436   +1.191   +0.538   +1.259
    -1.078   -0.845   +0.489   +1.950   +0.254   +0.634   -0.563   -0.696
    +0.160   +0.391   -0.150   +3.541   -0.089   +0.295   -0.439   +0.211
    +1.803   -0.003   -0.339   +0.295   -1.244   +0.428   -0.022   -0.468
    -0.775   -2.309   +0.813   -3.326   +0.431   +0.901   -0.742   -0.762
    -1.216   +0.039   +0.743   -1.384   -0.364   -0.728   -0.162   +0.425
    -0.494   -0.046   -0.247   +0.032   -0.501   -0.569   -0.898   -0.200
    +0.810   +0.537   -0.158   +0.203   -0.841   +0.227   -0.130   -0.442
token ' you' question (strength 11.0):
    -2.537   -4.828   -2.647   -3.733   -0.714   +1.177   +0.396   +2.777
    -0.722   +0.562   +0.107   +0.896   -0.168   -0.897   -0.505   -0.449
    -0.729   +0.121   -0.120   +3.798   -0.027   -0.497   -1.009   +0.057
    +1.746   +1.047   +0.134   +0.383   -1.482   +0.177   +0.519   -1.020
    -0.680   -0.985   +1.643   -3.098   -0.043   +2.095   -1.667   -0.944
    -1.949   +0.327   +1.213   -0.946   -0.383   -1.296   -0.270   +0.053
    +0.050   -0.115   -0.138   +0.520   -0.029   -0.210   -0.620   +0.351
    +0.265   -0.229   -0.082   +0.004   -1.044   +0.516   -0.281   -1.064

--- station 3 · head 4 ---
token 'how' question (strength 14.7):
    -2.219   -5.572   -0.957   -5.030   +1.889   +2.089   -2.795   -0.062
    -0.034   +0.648   +1.470   -1.540   -1.211   +0.437   +0.735   -0.398
    +0.314   +0.931   +0.280   -0.341   +1.519   +0.462   -0.071   +0.620
    +5.674   +1.890   -0.888   +0.223   -1.512   -1.105   +1.078   +5.038
    +2.453   -0.161   +4.328   -0.715   -2.161   -1.231   -0.771   -0.875
    +1.402   +0.950   +0.185   +1.607   -0.287   -0.365   -0.399   -2.250
    +0.258   -0.320   +1.108   +0.000   -0.701   -1.171   +0.225   -0.906
    +0.871   -1.747   -0.978   -0.542   +1.480   +0.846   -1.373   -1.274
token ' are' question (strength 8.8):
    -0.382   -2.075   -0.104   -2.474   +0.332   +1.245   -1.956   -0.099
    +0.097   +1.240   +1.093   +2.087   -0.205   -1.167   -0.245   +0.177
    -0.084   -2.201   +1.044   -0.250   +0.492   +1.212   -0.599   -0.651
    +3.512   +1.171   -0.071   +0.014   -2.941   -0.929   +0.819   +1.687
    +0.785   +0.052   +1.751   -0.531   -1.664   -0.387   +0.081   +0.014
    +0.632   +0.992   +0.215   +0.271   +0.224   -0.122   -1.939   -0.302
    +0.363   +1.567   +1.402   +0.354   -0.423   -0.561   -0.129   +0.019
    -0.538   +0.097   -0.154   +0.248   +0.190   -0.052   +0.362   -0.068
token ' you' question (strength 9.3):
    -0.396   -2.416   -0.408   -2.797   +0.528   +1.550   -1.265   +0.212
    -0.066   +0.462   +1.076   +1.491   +0.460   -1.468   -1.441   -1.045
    -0.277   -1.362   +0.453   +1.623   +0.673   +1.482   -0.401   -0.040
    +3.162   +0.473   +1.263   +0.196   -2.340   -1.014   -1.192   +2.714
    +0.721   +0.484   +2.644   -0.573   -1.980   +0.024   -1.040   -0.617
    +0.991   -0.015   -0.032   -0.492   +0.946   -0.797   -1.247   -1.247
    +0.327   -0.139   +0.559   +0.360   +0.539   -0.815   -0.147   -0.686
    -0.051   +0.014   -0.330   -1.518   -0.219   -0.351   +0.030   -0.209

--- station 3 · head 5 ---
token 'how' question (strength 15.5):
    +0.846   +0.280   -0.502   +0.364   +0.564   -0.061   +0.299   +0.140
    -0.123   -0.217   +0.074   +1.390   -0.580   -0.166   +0.814   +0.198
    +0.496   -0.625   +0.748   +0.859   -0.211   +0.529   -0.211   +0.563
    -1.224   +0.336   +2.097   -1.336   -4.458   -3.980   -3.854   -6.585
    -0.250   -0.053   -1.056   -0.289   +0.463   -0.029   -0.209   +0.811
    -0.234   -0.362   +0.106   -0.021   +0.962   -0.157   -0.551   +0.262
    -0.797   -0.099   +1.152   +0.037   +0.464   -0.969   -0.002   -0.382
    -0.307   +1.623   -3.287   +4.438   -2.245   -1.518   +6.618   +6.336
token ' are' question (strength 6.3):
    +0.130   +0.298   -0.774   +0.397   +0.144   -0.180   +0.049   +0.214
    -0.370   -0.020   +0.120   +0.764   -0.375   -0.652   -0.617   -0.109
    -0.251   -0.537   +0.686   +1.159   -0.150   -0.126   -1.314   -0.432
    +0.605   +0.353   +0.649   -0.082   -3.590   -0.722   -1.331   -0.997
    -0.691   -0.772   -0.798   -0.509   +0.248   +0.133   -0.062   +0.840
    -0.081   +0.565   +0.193   +0.423   -0.040   -0.579   +0.034   +0.845
    -0.165   +0.288   +0.462   +0.160   +0.316   +0.029   -1.464   -0.323
    -1.157   +1.677   -1.164   +1.393   +0.156   -0.215   +0.491   +0.739
token ' you' question (strength 5.3):
    +0.106   +0.474   -0.708   +0.315   +0.530   -0.118   +0.199   +0.197
    -0.274   -0.323   -0.061   +0.350   +0.616   -0.687   -0.601   +0.214
    -0.243   +0.099   +0.181   +1.201   -0.095   +0.043   -0.947   -0.189
    +0.573   +0.731   -0.276   -0.827   -3.153   -0.841   -1.397   -0.345
    -0.512   -0.620   -0.789   -0.292   +0.054   +0.279   -0.305   +0.680
    -0.214   +0.124   +0.308   -0.527   -0.042   -0.668   -0.336   +0.495
    -0.305   +0.424   +0.669   -0.279   +0.563   +0.210   -1.458   +0.434
    -0.421   +0.703   -0.255   +0.942   -0.245   +0.315   -0.566   +0.006

--- station 3 · head 6 ---
token 'how' question (strength 9.9):
    -0.396   -1.467   -2.014   +0.263   +0.742   +0.413   +1.519   -0.886
    -1.672   +1.105   +0.421   +1.231   -2.081   -0.045   +0.274   +0.111
    +0.697   -0.479   -0.467   +5.215   +0.852   +0.044   -0.447   -0.490
    +0.740   -0.901   +1.559   -1.883   -2.292   +0.076   -1.995   -1.486
    -0.852   -1.100   +1.273   -1.920   -0.877   +1.632   +0.011   +0.691
    -0.068   -0.147   +0.760   +0.250   -0.183   +0.506   +0.591   +1.409
    -0.046   -0.552   -0.690   -0.169   -0.432   -1.041   -0.250   +0.464
    -0.699   +1.552   -0.393   +1.365   -0.728   -0.451   +1.092   +2.441
token ' are' question (strength 8.9):
    -1.332   -1.951   -1.907   -0.970   -0.282   +1.609   +1.653   -1.013
    -2.285   +0.262   +0.590   +1.115   +0.203   -0.876   -0.530   -0.442
    +0.060   -0.356   +0.270   +4.253   +0.430   -0.241   -0.694   -0.311
    +2.080   -0.497   +0.561   -0.690   -1.322   +0.211   +0.784   +0.541
    -0.394   -1.858   +1.847   -2.506   -1.556   +0.877   -1.356   +0.338
    +0.032   +0.751   +0.467   +1.135   -1.823   -0.517   +0.404   -0.049
    -0.222   -0.156   +0.038   +0.219   -0.553   -0.462   -0.641   +0.083
    +0.575   +0.289   -0.226   -0.526   +0.373   +0.144   -1.069   +0.302
token ' you' question (strength 8.4):
    -0.491   -1.830   -1.826   -1.462   +0.127   +1.471   +1.002   -0.519
    -1.488   +0.156   -0.021   +0.943   -0.039   -1.747   -0.296   -0.271
    +0.091   -0.170   -0.156   +4.112   -0.247   -0.734   -0.495   +0.166
    +2.144   -0.363   +0.186   -0.005   -0.993   +0.148   +0.773   -0.277
    -0.024   -0.570   +2.077   -2.496   -1.796   +1.640   -1.625   +0.322
    -0.105   +0.314   +0.612   +0.955   -1.325   -1.334   -0.230   +0.035
    -0.552   -0.361   -0.059   +0.438   -0.678   -0.124   -0.397   -0.046
    -0.029   +0.802   -0.161   -0.513   -0.296   +0.590   -0.796   -0.033

--- station 3 · head 7 ---
token 'how' question (strength 10.8):
    -0.097   -0.574   -2.223   +0.384   -0.659   -1.435   +1.869   -0.264
    -1.104   -0.694   -0.029   -0.786   -1.016   +0.998   -1.381   +2.863
    +0.689   +0.541   -0.466   -2.276   +0.290   -0.347   +0.416   +0.511
    +2.578   +0.145   -0.777   -1.064   +3.071   -2.150   -0.987   +0.668
    +2.691   +3.297   +2.541   +2.318   +0.977   +0.079   +0.189   +1.025
    -0.008   -0.389   +1.185   +0.613   +0.190   -4.015   +0.021   -0.863
    -0.026   +0.554   +0.235   +0.857   +1.400   -0.524   -0.560   -1.073
    +0.324   -0.703   -1.149   +0.232   -0.156   +1.702   +0.018   -0.267
token ' are' question (strength 9.4):
    -1.089   -1.194   -1.746   -0.342   +0.399   +0.189   +1.139   -0.376
    -1.381   +1.224   -0.042   -1.249   +0.102   +0.730   -0.036   +1.989
    -0.235   -0.183   -0.008   -2.681   -1.183   -1.736   +0.200   +0.217
    +1.416   -0.307   -0.461   -0.040   +2.938   -3.319   -0.440   +0.496
    +1.418   +1.587   +1.774   +1.309   +1.038   +0.286   +1.396   -0.491
    -1.775   -0.559   -0.838   +0.809   +0.091   -2.908   +1.070   -0.319
    -1.069   -1.108   -0.747   -1.162   +0.185   -0.110   -0.817   -1.363
    +0.255   -0.406   -1.142   -0.125   -0.045   +1.194   -0.491   +0.002
token ' you' question (strength 11.6):
    -1.683   -1.473   -2.046   +0.230   -0.757   -1.276   +4.132   -0.794
    -2.180   +1.925   +0.042   +0.221   -1.843   +1.334   +0.422   +3.190
    -0.039   -1.413   -0.038   -2.603   -0.261   +1.017   +0.746   +0.244
    +1.259   -1.557   +0.753   -0.099   +1.819   -2.915   -1.189   +1.351
    +1.766   +1.956   +1.979   +2.112   +1.514   -0.549   -0.196   -0.331
    -1.489   +0.274   -1.151   +2.214   +0.223   -2.929   +2.126   -0.952
    -0.942   -0.271   -1.866   -1.117   -0.121   -0.351   -0.350   -0.218
    +0.915   -0.656   -1.376   +0.817   +0.800   +0.911   +0.151   -0.201

--- station 3 · head 8 ---
token 'how' question (strength 10.6):
    +0.183   +0.099   -2.173   +0.648   +0.838   -1.517   +1.056   -0.531
    -0.764   -0.714   +1.238   -1.722   -0.464   +0.652   +0.570   +1.158
    +0.494   +0.646   -0.444   -2.336   -0.088   -0.566   +0.933   +0.070
    +1.231   -0.311   +0.054   +0.122   +0.593   -2.207   -0.592   -1.085
    +2.927   +3.810   +1.583   +2.828   +0.503   +1.384   +0.240   -0.374
    -0.039   -1.272   +0.212   +0.781   +1.210   -5.602   -0.469   -0.023
    -1.200   -0.797   +0.771   -0.909   +0.225   -0.095   -0.795   -0.457
    +1.189   -0.526   -0.966   -0.650   -0.056   +0.719   +0.205   -0.195
token ' are' question (strength 11.8):
    -1.356   -2.768   -2.456   +0.751   -0.620   -0.652   +1.603   -1.740
    -2.014   +0.489   +1.350   -2.300   +1.010   +0.108   -0.572   +1.986
    +0.583   +0.001   +0.426   -3.255   -0.491   +0.234   +0.843   -1.077
    +2.091   +0.153   +0.257   -0.382   +0.029   -2.632   -1.092   +1.004
    +1.736   +3.112   +0.148   +2.635   +0.631   +0.578   +0.524   -0.268
    -0.644   -1.221   +0.144   +0.207   +0.772   -5.868   -0.270   -0.508
    -0.510   -0.337   +0.866   -0.192   -0.034   -1.363   -0.789   +0.515
    +0.921   +0.547   -1.991   -0.282   +1.023   +1.407   -1.187   -0.778
token ' you' question (strength 10.6):
    -0.755   -0.207   -2.124   +1.216   +0.151   -1.688   +2.195   -2.041
    -2.199   +0.108   -0.209   -2.607   +0.429   -0.129   -0.325   +1.443
    +0.114   -0.134   +0.137   -2.747   +1.130   -0.069   +0.018   -0.669
    +1.741   -1.627   +1.309   +0.221   -0.892   -3.097   -0.982   +1.076
    +0.738   +2.094   +0.753   +2.085   +0.733   +1.276   -0.063   -0.185
    +0.386   -1.055   -0.401   +0.594   +0.276   -4.532   +0.220   -0.704
    -1.439   +0.121   +1.214   -0.824   +0.054   -0.018   -1.012   +0.397
    +1.583   +0.318   -2.471   -0.353   +0.389   +1.079   -0.313   +0.015

--- station 3 · head 9 ---
token 'how' question (strength 14.6):
    -0.270   -0.536   -2.603   +0.781   -0.881   -0.695   +2.542   +1.653
    -2.181   +0.076   +3.623   -0.317   -2.160   -0.136   -1.160   +1.543
    -0.133   +1.680   -1.027   -2.061   +1.446   +0.683   +2.027   +0.767
    +4.854   +0.152   -1.321   -0.556   +4.309   -3.124   -0.405   -1.117
    +5.561   +2.306   +1.988   +2.804   +1.500   +1.357   +0.580   +1.014
    +0.556   -1.067   -0.111   +2.107   -0.466   -3.505   -0.731   -0.093
    -0.669   -1.499   +0.005   -0.740   +0.097   +1.298   -0.435   -2.186
    +0.378   -1.932   -2.048   +0.232   -1.586   +1.498   +1.238   +0.603
token ' are' question (strength 11.4):
    -1.616   -1.814   -2.080   +0.765   -0.135   +0.235   +1.510   -2.054
    -2.429   +0.835   +3.221   -0.771   +2.078   +0.142   -1.865   +0.637
    -0.166   +0.889   +0.328   -1.036   -0.593   +0.629   +0.261   -0.827
    +2.678   -0.609   -0.374   +0.378   +3.446   -3.208   -0.434   +1.202
    +3.875   +1.719   +0.147   +1.639   -0.109   +0.389   +0.440   -0.409
    +0.434   -1.462   -0.541   +1.475   +1.293   -3.215   +0.282   -0.514
    -0.584   -0.394   +0.916   -0.233   +0.194   +0.033   +0.033   -0.260
    +0.744   -0.184   -1.988   -0.462   -0.863   +1.927   -1.379   -0.209
token ' you' question (strength 11.7):
    -1.460   -0.565   -2.197   +0.177   -0.588   -0.806   +2.511   -2.262
    -2.355   +1.441   +1.006   -2.372   -0.705   -0.462   -1.167   +1.374
    -0.629   -2.125   -0.354   -0.446   +1.623   -0.492   -0.096   -0.375
    +2.797   -3.569   +0.599   -0.042   +2.619   -3.082   -0.787   +0.538
    +2.829   +1.404   +1.100   +1.512   +1.128   -0.051   -1.447   -0.700
    +0.187   -1.126   -0.240   +1.798   +0.063   -2.115   +2.050   -1.370
    -0.338   +2.736   +0.597   -0.890   +0.221   -0.326   -0.841   -0.478
    +1.994   -1.235   -1.812   +0.777   -0.327   +0.954   +0.696   +0.061

--- station 3 · head 10 ---
token 'how' question (strength 9.2):
    +0.245   +0.464   -0.525   -0.558   -0.004   -0.923   +0.162   -0.276
    -0.900   -0.870   +0.974   -1.950   +0.901   -0.734   +0.195   +0.968
    +0.985   -0.039   +0.133   -2.764   +0.157   +1.404   +0.352   +0.235
    +2.469   +0.968   -0.393   -1.020   +3.001   -3.532   -0.875   +0.026
    +0.301   +1.516   +1.459   -0.025   -0.367   +0.382   -0.542   +0.506
    +0.168   -0.950   -0.541   -2.269   +0.244   -2.794   -0.011   +0.811
    -1.294   -0.257   +0.158   +0.263   -0.541   -0.883   -0.002   -0.174
    +1.196   -1.240   -0.245   +0.274   -0.160   +2.434   +0.432   -0.664
token ' are' question (strength 8.3):
    -0.695   -0.839   -0.951   -0.643   -0.669   -0.775   +1.449   +0.059
    -1.710   +0.491   +0.963   -2.142   +0.070   -0.579   -1.090   +2.289
    +0.902   +0.705   +0.483   -1.771   +1.017   +0.249   +0.226   -0.517
    +1.711   +0.467   -0.529   -0.694   +1.898   -3.132   -1.476   +1.346
    -0.150   +0.617   +0.318   +0.747   -0.403   +0.400   +0.199   -0.424
    -0.139   +0.001   -0.223   -1.346   -0.122   -2.659   +0.527   -0.496
    -1.160   +0.339   +0.143   +0.723   +0.351   -0.520   +0.279   +0.241
    +1.142   -0.871   +0.916   -0.544   +0.161   +1.690   -0.661   -0.983
token ' you' question (strength 9.0):
    -0.093   +0.019   -0.168   +0.003   -1.120   -1.262   +1.820   -0.505
    -2.247   +0.606   +0.722   -2.180   -0.335   -1.523   -0.638   +2.041
    +0.616   +0.661   +1.016   -2.635   +1.318   +0.200   +0.036   -0.319
    +1.388   +0.020   +0.737   +0.454   +1.038   -3.580   -1.079   +2.215
    +0.243   +1.135   +1.006   +1.051   +0.237   +0.127   -0.561   -0.827
    -0.450   -0.208   -0.462   -1.696   -0.029   -2.835   +0.007   -0.614
    -0.523   -0.803   -0.204   +0.438   -0.792   -0.239   +0.052   +0.005
    +1.267   -0.827   +1.307   -0.606   +0.266   +0.958   -0.464   -0.567

--- station 3 · head 11 ---
token 'how' question (strength 11.5):
    +0.222   +0.025   -1.723   +1.527   -0.737   +0.526   +1.435   -0.899
    -0.951   -0.221   +1.186   -3.653   -0.559   -1.131   -0.314   +0.314
    -0.433   -0.057   +0.800   -1.771   -1.011   +0.889   -0.781   +0.417
    +2.659   +0.589   +0.497   -0.795   +3.316   -2.984   -1.117   +0.992
    +3.872   +4.358   +2.945   +1.800   +0.138   -0.061   -0.719   -0.019
    -1.305   -0.226   +0.738   +0.883   +0.307   -3.401   -0.046   -0.702
    -0.002   -0.257   -0.709   +0.287   -0.538   -0.201   -0.288   +0.614
    +0.429   -0.304   -1.692   +0.376   -1.055   +1.386   -0.003   -0.340
token ' are' question (strength 8.9):
    -1.551   -2.108   -1.374   -0.524   -1.844   +0.172   +0.827   -0.397
    -1.421   -0.353   +0.543   -1.670   -0.072   -1.174   +0.180   +1.612
    -0.576   -0.680   -0.162   -1.998   +0.494   -0.005   -0.096   +0.168
    +1.225   -0.461   +0.068   +0.001   +2.324   -3.246   -1.255   +0.365
    +1.647   +2.798   +0.862   +1.614   +0.233   +0.314   +0.576   -0.429
    +0.084   +0.040   -0.580   +0.604   -0.580   -2.927   -0.979   -0.985
    -0.853   +0.492   +0.128   +0.356   -0.301   -0.192   -0.501   -0.248
    +0.379   +0.048   -1.619   -0.003   -0.439   +1.233   -0.124   -0.851
token ' you' question (strength 9.0):
    -0.947   -0.272   -1.478   +0.776   -0.416   -1.193   +1.143   -0.644
    -2.074   -0.051   +1.157   -1.794   +0.253   -0.746   +0.170   +1.629
    -0.224   +0.378   +0.545   -1.847   -0.634   +0.754   -0.253   +0.324
    +1.650   -0.309   +0.713   -0.644   +2.424   -3.085   -0.059   +0.716
    +2.461   +2.725   +1.279   +2.023   +0.830   +0.743   +0.461   +0.070
    -0.408   -0.087   -0.449   +1.183   -0.033   -2.646   -0.511   -0.937
    -0.358   -0.104   +0.894   -0.406   -0.222   +0.129   +0.563   +0.282
    +0.656   +0.265   -1.625   -0.428   +0.095   +0.792   -0.335   -0.738

--- station 3 · head 12 ---
token 'how' question (strength 9.2):
    -1.298   -1.979   -0.697   -0.162   -0.456   -0.432   +0.597   -0.476
    -1.724   +0.477   +0.085   -2.338   -0.953   +0.253   +0.210   +1.035
    -0.299   +0.518   +1.008   -1.344   +0.050   -0.325   +0.265   +0.351
    +0.965   -0.925   -1.235   +0.709   +2.144   -2.977   -0.367   +0.462
    +2.036   +1.307   +1.221   +1.603   -0.989   -0.536   +1.970   +0.389
    -0.347   +0.117   -0.961   +0.267   +0.698   -4.097   -0.031   -0.333
    -0.545   +0.096   -0.654   -0.297   -0.598   -0.374   -0.178   -0.350
    +0.313   -0.180   -1.935   -0.023   -0.366   +2.162   -0.371   -1.441
token ' are' question (strength 9.3):
    -1.941   -2.041   -1.010   -1.442   -0.749   +0.005   +2.106   -0.836
    -1.867   -0.037   +0.488   -2.760   -0.543   -0.840   +0.741   +0.928
    -0.837   +0.690   -0.000   -1.567   +0.364   -0.440   +0.373   +0.129
    +1.112   -0.479   +0.078   +0.055   +1.692   -2.968   -1.026   +0.006
    +0.694   +0.683   +0.013   +1.079   +0.503   -0.446   +1.287   +0.007
    -1.070   -0.241   -0.832   +1.479   +0.737   -4.113   +0.336   -0.064
    -0.637   -0.158   +0.051   +0.337   +0.074   +0.455   -0.375   +0.250
    +0.628   +0.043   -2.234   -1.026   -0.395   +1.693   -1.197   -0.494
token ' you' question (strength 9.5):
    -1.509   -1.446   -1.509   -0.882   -0.000   -0.460   +2.887   -0.545
    -2.663   -0.085   +0.111   -2.699   -0.993   -0.724   -0.137   +1.799
    -0.662   +1.025   +0.285   -2.560   +0.407   +0.301   +0.644   +0.173
    +0.384   -1.238   +0.527   -0.383   +1.415   -2.589   -1.421   -0.022
    +0.784   +1.003   +0.380   +1.477   +0.720   +0.393   +0.606   +0.415
    -0.732   -0.096   -0.358   +1.304   +0.492   -3.356   +1.121   -0.663
    -0.669   +0.284   +0.002   -0.127   +0.110   +0.245   -0.342   -0.399
    +1.155   +0.065   -2.896   -0.396   +0.400   +0.696   -0.574   -0.598

--- station 3 · head 13 ---
token 'how' question (strength 7.2):
    -0.762   +0.413   +0.737   -1.132   -1.239   -0.142   -0.044   -0.531
    -1.099   +0.043   +0.855   +0.065   -1.196   -0.808   +0.124   +0.214
    -0.483   +1.149   -1.186   -1.741   +1.550   -0.415   +0.504   -1.431
    +0.431   -1.243   +0.045   +1.115   +1.459   -0.991   +0.242   +0.316
    -1.182   -0.789   -0.113   +0.231   -0.571   -0.592   -0.494   -0.106
    +0.145   -0.797   -0.804   +0.549   +0.467   +2.236   +0.942   +0.868
    -0.952   +0.995   -0.374   -0.662   -1.558   -0.249   -1.678   -0.647
    +0.116   +0.172   +0.475   -1.421   +1.203   +0.323   +1.454   -0.328
token ' are' question (strength 6.4):
    -0.638   -0.401   -0.051   -0.716   +0.020   -0.130   -0.059   -0.236
    -0.418   -0.631   +0.640   -0.298   -0.234   -0.429   -0.033   +1.699
    -0.632   +0.093   -0.286   -1.281   +0.131   +0.029   -0.020   -0.404
    +0.736   -0.554   +0.982   +0.148   +1.764   -2.705   -0.366   -0.207
    +0.224   -0.614   +0.317   +0.448   +0.278   -0.518   -0.376   +0.024
    -0.302   -1.647   +0.454   +1.003   +0.606   +0.657   +0.435   -1.276
    -0.788   +1.814   -0.755   -0.644   -0.630   +0.828   -1.237   -0.434
    +0.090   -0.536   -0.616   -1.165   +0.510   +1.383   +0.638   +0.254
token ' you' question (strength 6.8):
    -0.392   +0.131   -0.656   -0.481   -0.352   -0.818   +0.832   -0.479
    -1.832   -1.006   +0.708   -0.917   -0.497   -0.619   -0.107   +1.057
    -0.696   +0.446   +0.179   -1.906   +0.659   +0.670   -0.073   -0.354
    +0.977   -0.040   +1.552   -0.032   +1.821   -2.508   -1.804   -0.269
    +0.686   +0.339   +0.262   +0.976   +0.135   -0.346   -0.271   -0.115
    -0.189   -0.657   +0.478   +0.444   +0.443   -0.857   +0.936   -1.035
    +0.251   +0.877   -0.856   -0.831   -0.493   -0.511   -0.911   +0.235
    +0.919   -0.081   -1.270   -0.651   -0.453   +1.263   +0.714   +0.244


############ STATION 4 ############

--- station 4 · head 0 ---
token 'how' question (strength 18.0):
    -0.970   -0.601   +0.950   +0.528   -0.224   -1.126   +2.461   -1.904
    -3.544   -2.454   -4.280   -4.393   -3.143   -0.540   -3.051   -2.809
    +0.639   -0.487   +1.804   +0.053   -2.380   -0.036   +0.123   +1.010
    +0.490   +0.367   +0.291   +0.034   +0.440   -1.182   +0.976   -0.618
    +1.194   +0.452   +0.677   +0.906   -1.405   +1.608   +0.549   +2.044
    -0.378   +0.353   -1.070   -0.637   +1.663   -3.295   -0.107   +1.474
    +3.606   -3.459   -0.649   -2.692   +0.797   -1.349   +1.306   -0.228
    +0.233   -0.533   -2.328   +0.619   +0.084  +11.830   +0.099   +0.767
token ' are' question (strength 19.1):
    -0.547   -1.377   +2.094   -0.337   +0.765   -1.274   +1.132   -0.928
    -2.134   -1.037   -2.876   -3.843   -3.707   -0.991   -2.206   -2.847
    -1.272   -0.046   +0.696   +1.771   -2.999   +1.139   -2.064   +0.687
    -1.534   -0.080   -1.240   +0.115   +0.261   +1.182   +2.368   +0.420
    +1.662   +1.150   +1.163   +1.808   -1.420   +0.137   +0.960   +1.263
    -0.938   +1.072   -0.612   +0.048   +1.818   -5.279   +0.839   +1.713
    +2.803   -4.891   -0.771   +0.386   +0.230   -1.109   -2.242   -0.668
    -0.591   +1.858   -0.973   +1.578   +4.678  +12.088   +0.539   -0.309
token ' you' question (strength 18.4):
    -0.302   -1.114   +1.484   -0.056   +0.479   -1.079   +0.932   -1.004
    -1.976   -1.566   -3.462   -4.394   -3.601   -0.160   -2.404   -2.783
    -1.135   -1.336   +0.952   +1.557   -1.729   +3.135   -2.222   -1.939
    -1.723   +0.744   +0.786   +1.940   +1.313   -0.036   +2.159   -0.316
    +1.140   +0.766   +0.715   +1.471   -1.098   +0.129   +0.706   +1.139
    -1.129   +0.738   -1.087   +0.273   +1.333   -4.754   +1.575   +0.603
    +2.305   -3.148   +0.662   +0.438   +0.749   -1.319   -2.982   -1.326
    +1.097   +1.053   -2.463   -1.375   +1.277  +11.805   -0.207   +2.789

--- station 4 · head 1 ---
token 'how' question (strength 15.6):
    -0.985   +0.035   -2.636   -1.448   +1.883   +1.269   -0.603   -0.863
    -0.445   +0.078   +0.742   +1.501   +2.025   +0.601   +1.415   +0.839
    -1.463   +1.982   +0.006   +3.417   +3.559   +0.727   +0.379   -0.241
    +0.252   +0.042   +0.736   +0.489   -0.042   -1.465   +0.150   +0.041
    -2.093   -2.248   +0.591   -1.443   +0.529   -3.768   -1.043   -1.585
    -1.836   -2.989   -1.178   -3.994   -1.891   +1.199   -0.224   +0.818
    +0.169   +2.123   +2.422   +1.227   -3.117   +0.694   +0.019   +0.942
    +0.143   +0.046   -1.168   +0.092   +0.040   +9.553   +0.694   +0.076
token ' are' question (strength 12.6):
    +1.340   +1.508   -1.271   +0.137   +1.016   +0.032   -0.516   +0.174
    -0.714   +0.682   -0.406   +0.471   -1.763   +1.184   +0.656   +1.521
    -1.039   +0.086   +0.045   +2.239   +1.586   +0.255   -0.008   -0.345
    +0.009   -0.272   +0.095   +0.068   -0.009   -1.125   +0.172   +0.000
    -2.224   -2.929   +0.866   -1.502   +2.077   -2.387   +0.520   -2.421
    +0.436   -2.751   -1.145   -1.104   -2.044   +0.596   -2.471   -1.180
    -1.379   +0.823   +0.536   +0.619   -1.882   +0.188   -0.090   -0.067
    -0.022   +0.075   -1.230   -0.035   +0.009   +8.376   +0.162   +0.414
token ' you' question (strength 12.6):
    +0.819   +0.052   -1.723   -1.178   +2.005   +1.045   -1.439   +0.113
    +0.031   +1.004   -0.092   +0.043   -1.526   +1.249   -0.001   +1.081
    -0.648   +0.106   -0.101   +2.243   +0.969   +0.068   -0.107   -0.221
    +0.034   -0.084   +0.343   +0.080   -0.097   -1.474   +0.086   +0.054
    -1.912   -3.503   -0.073   -1.279   +2.507   -1.972   +0.119   -2.752
    +0.464   -2.624   -0.469   -1.406   -2.009   +1.221   -2.126   -0.278
    -0.549   +0.850   +0.216   +0.966   -2.631   +0.098   +0.095   +0.123
    -0.068   +0.055   -1.343   +0.114   +0.005   +8.125   +0.084   +0.323

--- station 4 · head 2 ---
token 'how' question (strength 14.4):
    +0.810   -0.546   +0.715   -0.963   +1.863   -1.847   -0.105   -0.978
    -2.291   -3.420   -1.399   -2.354   +0.912   -0.759   +0.244   -1.742
    -3.747   +3.840   +0.977   +4.222   -4.068   -0.060   +0.166   +0.095
    -0.186   +0.084   -0.085   -0.311   -0.065   +0.017   -0.143   +0.502
    +0.232   +0.141   +0.958   +1.041   +0.106   -1.946   +1.261   -0.462
    -1.846   -2.342   -1.256   -3.413   -2.637   +0.253   -0.389   -1.691
    +0.611   -0.467   +1.827   -1.675   -2.084   -0.389   -0.405   +0.867
    -0.477   -0.124   -2.142   +0.448   -0.213   +6.831   -0.429   -0.677
token ' are' question (strength 12.3):
    -0.658   -0.518   -0.430   -0.075   +2.244   -1.301   -2.031   -2.100
    +0.741   -0.563   +1.097   -0.199   +0.097   +0.305   +1.227   +1.022
    -0.507   -0.139   -0.301   +3.449   +1.918   +0.233   -0.118   -0.163
    +0.085   -0.089   +0.206   -0.005   -0.082   -0.847   +0.145   +0.249
    -0.610   -1.027   +0.602   -1.000   +1.402   -1.699   +0.408   -1.940
    -0.779   -1.824   -1.369   +0.001   -2.085   -0.582   -3.026   -0.289
    -0.947   +0.460   +0.662   -0.473   -1.604   +0.134   -0.232   +0.034
    -0.037   +0.062   -1.471   +0.145   +0.114   +8.752   +0.065   +0.014
token ' you' question (strength 12.4):
    -0.876   -1.144   -0.585   -0.469   +2.272   -1.128   -1.598   -2.382
    +0.418   -0.838   +0.553   +0.495   +0.187   +0.820   +1.535   +1.183
    +0.262   -0.319   -0.356   +3.476   +1.860   +0.201   +0.110   -0.232
    +0.129   +0.003   +0.149   -0.115   -0.022   -0.950   +0.114   +0.309
    -0.366   -0.793   +0.827   -0.661   +1.161   -1.528   -0.016   -2.019
    -0.688   -1.812   -1.619   +0.191   -1.952   -0.706   -2.941   -0.090
    -1.201   +0.381   +0.619   -0.136   -1.449   +0.172   -0.111   -0.061
    +0.024   +0.066   -1.359   +0.200   +0.062   +8.814   +0.079   +0.040

--- station 4 · head 3 ---
token 'how' question (strength 12.2):
    -0.632   +0.160   +0.481   -0.613   +0.534   -0.067   +0.454   -0.717
    -1.544   -0.613   -0.537   -1.343   -1.781   +0.619   -1.150   +0.276
    -0.950   +1.058   +1.893   +4.293   -3.858   -0.713   -0.247   -0.098
    +0.759   +0.328   +0.239   -1.301   +0.549   -1.424   -0.287   +0.486
    -0.507   -0.510   +0.673   -0.413   -0.412   +0.458   +0.781   +0.739
    -0.277   +0.450   +0.186   -0.179   +0.257   -0.881   -0.289   +0.377
    +1.777   -1.765   -0.031   -1.496   -1.732   -0.049   +0.652   -0.002
    +1.417   -0.434   -1.558   +0.290   -0.825   +8.368   +0.350   -0.269
token ' are' question (strength 12.1):
    -0.746   -0.718   -0.116   -1.038   +0.219   -0.548   -0.658   -0.380
    -0.838   +0.458   +0.305   +0.369   -1.532   -0.663   -1.821   -0.253
    -0.609   -0.353   +0.970   +5.674   -1.681   +0.539   +0.362   +0.020
    -0.214   -0.490   +0.049   -0.310   -0.136   +0.051   +0.200   +0.233
    +0.392   -0.370   +1.509   -0.394   -0.677   +0.346   +0.885   +0.834
    +0.747   +0.869   +0.840   +0.399   -0.040   -2.118   -1.165   +0.543
    +1.288   -2.459   -0.767   -3.169   -3.265   -0.190   -0.047   +0.197
    -0.438   +0.159   -1.138   -0.162   -0.021   +7.344   -0.217   -0.014
token ' you' question (strength 10.4):
    -0.586   -0.499   -0.476   -1.225   +0.369   -0.251   -0.729   -0.508
    -0.447   -0.266   +0.132   +0.580   -1.917   +0.217   -1.423   -0.828
    -0.208   -0.083   +0.389   +4.124   -0.401   +0.293   +0.293   +0.194
    -0.325   -0.312   +0.415   -0.046   -0.529   -0.329   +0.060   +0.141
    +0.524   -0.433   +1.261   -0.401   -0.232   -0.176   +0.737   +0.149
    -0.232   +0.386   +0.252   +0.213   -1.040   -1.919   -0.584   -0.330
    +0.598   -0.537   -0.539   -2.455   -3.328   -0.649   -0.296   +0.158
    -0.544   +0.335   -1.199   +0.122   +0.012   +7.117   -0.135   -0.058

--- station 4 · head 4 ---
token 'how' question (strength 17.3):
    -0.084   -0.211   -0.510   -2.405   +3.060   -3.565   +1.648   -1.778
    -1.050   -1.474   -2.241   -2.901   -2.700   +2.438   -1.693   +0.693
    -1.538   +1.581   +1.373   +1.403   -0.773   +1.102   -0.561   +0.526
    +0.703   +0.275   -0.118   -0.482   +0.546   +0.187   +1.536   -0.440
    -0.567   +0.656   +1.614   +1.708   -0.431   -2.201   +3.198   -0.552
    -2.821   +1.108   -1.322   -0.919   +0.331   -1.967   -0.617   -0.956
    +1.436   +0.093   +0.746   -0.748   +0.578   +0.041   +0.801   -0.156
    +0.175   -1.677   -2.579   +0.768   -0.278  +12.689   -0.229   +1.145
token ' are' question (strength 19.7):
    -2.274   -1.967   -1.797   -3.697   +2.963   -2.724   +0.775   -2.428
    -0.850   -2.299   -3.055   -2.521   -1.454   +3.032   -1.251   -0.245
    -1.230   +1.235   +1.190   +2.354   -0.342   +0.739   -1.374   +0.132
    -0.511   +0.089   -0.605   +0.012   +0.105   +0.592   +1.760   +0.240
    +0.151   -1.900   +3.289   -0.910   +1.402   -3.515   +3.905   +0.926
    -2.741   +0.746   -3.172   +0.032   +0.221   -4.383   +0.704   -0.695
    -1.654   -1.350   +0.968   +1.247   +0.333   -0.343   -1.511   -0.513
    -0.341   +1.008   -1.441   +1.187   +3.295  +13.321   +0.350   +0.267
token ' you' question (strength 20.7):
    -2.082   -1.802   -1.902   -3.888   +3.679   -3.602   +1.086   -3.088
    -0.912   -2.974   -1.854   -3.737   -0.847   +3.284   -0.957   +0.847
    -1.196   +0.791   +1.200   +2.196   +0.170   +2.551   -1.352   -1.800
    -0.740   +0.272   +0.819   +1.132   +0.698   -0.058   +1.466   -0.285
    +0.353   -1.879   +3.959   -1.023   +1.720   -4.200   +4.475   +0.632
    -2.909   +0.499   -3.155   -0.605   -0.785   -2.980   +0.187   -0.625
    -3.153   -1.322   +1.814   +0.699   +0.752   -0.747   -1.941   -0.680
    +1.000   +0.469   -2.628   -0.894   +0.944  +13.202   +0.032   +1.877

--- station 4 · head 5 ---
token 'how' question (strength 13.0):
    -0.751   -0.986   +1.369   -0.107   +0.176   -0.298   +0.569   +0.129
    -0.153   +0.253   +0.155   +0.099   +0.459   -1.037   -0.423   -1.081
    +2.142   -2.629   +0.006   -0.876   +0.548   -0.991   +0.856   +2.501
    +0.792   -0.071   -0.945   +0.733   +0.943   +0.825   +1.087   -0.927
    +0.792   +0.538   +0.824   +0.731   -1.095   +0.297   +0.084   +0.638
    +0.718   +0.507   +0.855   +0.903   +0.803   -0.440   +1.559   +1.713
    +1.916   -0.106   -2.552   -0.434   +3.969   -1.895   +0.141   -1.437
    -1.377   +0.150   -1.825   -0.653   +0.661   +9.248   -0.231   +0.743
token ' are' question (strength 17.5):
    -0.688   -0.690   +0.646   +0.144   -0.197   -0.336   +0.304   +0.227
    -0.203   +0.593   +0.262   -0.019   +0.237   -1.807   -1.463   -1.914
    +1.197   -2.863   +0.289   -0.196   +0.645   -0.308   -3.914   -0.535
    -2.240   +1.485   -1.602   +0.034   +1.454   +1.875   +3.846   +0.680
    +0.874   +0.093   +0.589   +0.756   -0.475   +0.470   -0.218   +0.463
    +1.024   +0.571   +1.255   +1.361   +1.531   -1.313   +1.840   +1.512
    +2.596   -0.973   -1.734   -1.912   +3.611   -1.897   -0.064   -1.474
    +0.623   +2.118   -0.029   +2.329   +6.430  +11.661   +0.417   -0.303
token ' you' question (strength 18.0):
    -0.441   -0.433   +0.606   +0.126   -0.046   -0.123   +0.169   +0.327
    +0.032   +0.562   +0.474   -0.078   -0.101   -1.709   -1.772   -2.124
    +0.871   -2.351   +1.106   -0.094   +0.229   +0.929   -5.082   -4.235
    -0.649   +1.890   +0.677   +2.219   +2.075   +0.611   +2.860   -0.348
    +0.583   +0.051   +0.441   +0.358   -0.361   +0.304   -0.207   +0.233
    +0.897   +0.573   +1.111   +1.128   +1.611   -1.722   +1.714   +1.314
    +2.506   -1.116   -2.212   -1.753   +3.587   -4.323   -0.866   +0.241
    +2.946   +1.150   -3.244   -2.404   +1.408  +11.254   -0.464   +4.291

--- station 4 · head 6 ---
token 'how' question (strength 12.6):
    -0.132   +0.018   -0.371   -1.089   +1.456   -0.438   -2.008   -1.012
    -1.921   -1.801   -0.124   +0.156   -1.491   -0.395   -1.191   +0.070
    -2.651   +2.798   +1.103   +3.416   -1.660   +0.006   +0.001   -0.216
    -0.126   +0.200   +0.452   -0.388   -0.007   -1.695   +0.054   +0.027
    -1.148   -1.012   -0.212   -0.902   -0.466   -1.277   +0.395   -1.364
    -1.923   -2.390   -0.776   -1.361   -2.737   -0.039   -1.264   -0.505
    +1.140   +0.392   +1.960   -0.039   -3.879   -0.830   -0.155   +0.452
    -0.051   -0.463   -1.366   -0.005   -0.131   +7.249   +0.144   +0.115
token ' are' question (strength 14.9):
    -0.183   -0.209   -0.330   +0.875   +0.986   -0.937   -2.499   -1.727
    -0.393   +0.135   -0.370   +3.105   -1.300   +0.724   +1.385   +0.788
    -0.817   +0.017   +0.103   +4.703   +3.442   +0.840   -0.098   -0.009
    +0.089   -0.578   +0.629   +0.113   -0.222   -1.668   +0.289   +0.114
    -0.506   -0.333   -0.372   -0.977   -0.266   -0.608   +0.441   -1.813
    +0.035   -2.851   -0.897   +0.766   -4.558   +0.461   -2.877   +0.812
    +0.048   +0.229   +0.515   -0.495   -2.787   +0.241   -0.424   +0.235
    -0.255   +0.069   -1.860   -0.111   +0.340   +9.927   -0.073   +0.369
token ' you' question (strength 13.9):
    -0.484   -0.539   -0.492   +0.651   +0.916   +0.213   -2.250   -1.917
    -0.277   -0.255   -0.632   +2.063   -1.624   +1.674   +1.123   +0.772
    -1.229   +0.140   -0.191   +4.501   +2.756   +0.897   +0.048   +0.010
    +0.047   -0.462   +0.549   +0.137   -0.283   -1.673   +0.219   +0.183
    +0.069   -0.447   -0.113   -1.054   +0.664   -0.434   +0.037   -1.424
    -0.620   -1.713   -0.956   +0.162   -4.530   +0.510   -2.471   +0.509
    +0.314   +0.415   +0.500   -0.453   -2.905   +0.235   -0.366   +0.242
    -0.178   +0.089   -1.623   -0.108   +0.372   +9.466   -0.181   +0.138

--- station 4 · head 7 ---
token 'how' question (strength 23.4):
    -5.116   -3.780   +1.093   -4.774   +2.762   -0.206   -3.914   -1.074
    -1.948   +0.311   +0.401   -3.512   -0.775   -1.583   -1.078   -1.174
    -2.718   -0.782   +8.647   +1.019   -2.040   -0.077   +0.626   +1.247
    +0.717   -0.591   -8.787   -0.124   +0.554   -1.261   +1.146   -0.899
   +10.982   -4.069   +4.426   +4.097   -2.652   +1.472   +0.718   -1.763
    -5.173   +0.399   -0.512   +0.293   +1.088   -1.415   -0.954   +0.519
    +0.446   +0.439   +0.495   +0.204   +0.322   +1.387   -3.083   -0.244
    +4.487   -1.257   -2.104   +1.115   +1.983   -1.665   +0.100   -1.102
token ' are' question (strength 18.8):
    -6.276   -2.215   -0.061   -4.752   +0.639   -0.132   -2.362   +0.217
    -0.147   +1.635   +0.646   -2.506   +0.120   +0.773   -0.025   -2.437
    +0.594   +0.357   +8.171   +0.590   +0.127   -0.138   -0.598   +1.070
    -1.279   -0.672   -8.406   +0.947   +0.664   -2.273   -0.363   -0.691
    +7.903   -3.653   +0.522   +0.133   +2.362   +0.996   -0.808   +0.962
    -2.873   -1.259   -0.486   -0.951   +0.466   -0.494   -0.684   -0.616
    -0.102   -0.505   +1.737   +0.192   +0.581   -0.402   +0.800   +0.184
    +2.866   -1.290   -0.459   +1.027   -0.360   +0.635   +0.421   +0.982
token ' you' question (strength 17.0):
    -4.286   -3.594   +0.257   -4.670   +0.507   -0.450   -3.018   +0.037
    -0.042   +2.618   +0.046   -3.517   +0.739   +0.108   +0.521   -2.064
    +0.810   +0.253   +5.889   +0.867   -0.080   -0.322   +0.131   +1.385
    -1.676   -0.297   -8.178   +1.465   +0.341   -2.588   -0.533   +0.189
    +6.455   -2.795   +0.340   +2.525   +0.825   +0.753   +0.140   +1.291
    -3.464   -0.824   -1.290   -0.673   +0.079   -0.501   -0.386   -0.024
    +0.952   -0.072   +0.891   -0.255   +0.537   +0.512   +0.251   +0.124
    +2.336   -0.369   -0.052   +0.165   +0.703   +0.775   -0.411   +1.399

--- station 4 · head 8 ---
token 'how' question (strength 14.6):
    -0.109   -2.202   -0.923   -0.870   -0.289   +0.336   -0.052   +0.400
    +1.148   +0.108   +1.898   -0.350   +0.277   -1.557   -1.158   -2.009
    -1.201   -2.359   +6.310   +0.971   +1.692   +1.753   -1.359   +0.217
    +1.845   -0.548   -7.987   -1.484   -0.584   -2.158   -0.621   +1.886
    +2.552   +0.155   +0.411   +1.597   -0.241   -0.216   +0.660   -0.954
    +1.122   +2.783   +1.495   -0.756   -0.027   +0.758   +1.132   +1.288
    +0.019   +1.423   +1.470   +1.478   -2.782   +0.015   -0.243   +0.701
    -0.533   -1.036   -1.244   +2.754   +1.501   +2.133   +1.187   +1.004
token ' are' question (strength 8.7):
    -1.006   -0.714   -0.267   -0.612   +0.971   -0.428   -1.347   +0.997
    -0.026   +0.890   +0.379   -0.776   +0.290   -0.331   +0.740   -2.202
    +0.214   -0.144   +3.277   -0.352   +0.687   +0.721   -0.163   -0.240
    +0.891   +0.257   -5.894   -0.735   +0.308   +1.012   +0.506   +0.651
    +0.495   -1.333   +0.013   +0.158   +1.151   +0.837   +0.106   -0.158
    -1.694   -0.161   +0.244   -1.090   -0.737   -0.131   -0.054   +0.549
    -0.947   -0.446   +0.343   -0.449   -0.395   +0.277   -0.481   -0.878
    -0.062   +0.017   +0.338   +0.728   +0.214   +0.712   -0.547   +0.569
token ' you' question (strength 10.3):
    -0.440   -1.901   +0.095   -1.395   +0.124   -0.287   -2.116   +0.379
    -0.296   +1.549   +1.017   -1.969   -0.184   -0.125   +0.667   -2.897
    -0.743   +1.117   +2.772   +0.176   -0.320   +1.519   +0.262   +0.395
    -0.052   +0.227   -6.019   +0.604   -0.122   +0.697   -0.578   +0.059
    +0.792   -0.695   +0.569   +0.988   +1.439   +1.178   -0.778   -0.036
    -1.849   +1.396   -0.027   -1.430   -0.160   +1.511   +0.326   +1.351
    -0.095   -0.684   -0.420   -0.821   -2.008   +1.314   -0.245   -0.374
    -0.194   -0.063   +0.694   +1.684   +0.812   +1.005   +0.501   +0.022

--- station 4 · head 9 ---
token 'how' question (strength 13.0):
    -0.469   -2.372   -0.498   -1.638   +1.910   -0.147   -2.297   +0.822
    -0.732   +2.737   +1.196   -0.724   +2.252   +1.205   +0.069   -0.680
    -0.482   +0.994   -0.566   -0.775   +1.011   +0.196   +0.753   +0.109
    -1.339   +0.353   -5.573   -2.719   -0.113   +1.658   +0.984   -0.022
    +1.551   +0.472   +1.443   -0.032   -0.295   +0.993   +0.228   -0.091
    -0.962   -0.625   -3.886   +0.860   -0.842   +1.575   -0.851   +0.633
    +1.500   +1.161   -1.502   +1.575   -3.617   +0.929   +1.922   +1.197
    -5.349   +0.259   +1.205   -0.164   +0.433   +0.750   -0.564   -0.920
token ' are' question (strength 10.4):
    +0.429   -0.145   +0.662   +0.466   -0.342   +0.663   +0.287   +0.206
    -0.297   +1.047   +0.442   +0.264   -0.159   -1.732   -0.192   +2.078
    +0.375   -0.265   -2.220   -0.281   -0.301   -1.027   -0.068   -1.169
    +1.205   +1.321   -3.993   -2.968   -0.252   +0.293   +0.099   +1.236
    +0.782   +0.302   -0.738   +0.454   -0.562   -0.726   +0.441   +0.105
    +0.738   -0.838   +0.120   +0.483   -1.079   -0.260   -0.155   -0.832
    -0.346   +0.494   -0.836   -0.401   -0.978   -2.086   -0.590   +0.752
    -6.294   +1.845   -0.816   -1.246   +1.351   -0.104   -0.809   -0.385
token ' you' question (strength 9.4):
    +0.173   -0.473   -0.190   +0.112   -0.005   -0.685   +0.189   +0.722
    +0.063   +1.133   +0.587   -0.130   +0.708   -1.066   +0.050   +1.702
    +0.762   -0.454   -1.735   +0.734   -0.909   -1.126   +0.251   +0.966
    +0.901   +0.880   -4.163   -2.639   +0.701   +0.466   +0.673   +0.231
    +0.415   +0.313   +0.190   +0.186   -0.289   -0.560   +0.377   +0.623
    +0.356   +0.441   -0.285   +0.324   -0.894   -0.933   -0.112   -0.118
    -0.124   +0.040   -1.157   +0.123   -1.609   -2.243   -1.431   +1.968
    -4.699   +1.005   -1.392   -1.495   +0.539   +0.441   +0.028   -0.992

--- station 4 · head 10 ---
token 'how' question (strength 21.4):
    +0.805   +0.506   -0.060   +1.584   +1.706   +3.062   +1.959   +1.139
    +1.974   -0.061   -2.511   +2.371   +0.246   +0.744   +2.683   -0.191
    -0.935   +2.061  +12.449   -2.428   -1.114   -2.144   -1.038   +0.350
    -1.942   +1.362  -10.553   +2.621   +1.679   -3.380   -1.651   +2.345
    +0.783   +0.866   +0.651   -0.037   +2.972   +0.828   -2.157   -0.508
    +0.483   +0.485   +1.008   -0.193   +0.529   -2.361   -0.261   -2.216
    -2.404   -0.615   +5.575   -0.090   +2.089   -3.932   +1.025   -0.661
    +1.177   +1.709   +0.527   -0.881   +0.562   +0.648   +0.529   +1.517
token ' are' question (strength 11.3):
    -1.393   +0.512   -0.936   -1.663   +0.989   -0.184   -1.926   -0.477
    -0.360   +0.685   -0.595   -2.092   +1.053   -0.301   +1.691   -0.743
    -0.226   +0.576   +4.011   -1.401   +0.218   -1.979   -1.203   -0.186
    +0.286   +0.307   -6.780   -0.436   -1.087   -2.493   -0.524   +0.489
    +0.414   -1.128   +1.356   +0.373   +1.368   +0.223   +0.820   -0.036
    -2.651   +0.367   +0.087   -1.161   -0.397   -1.597   -0.123   +0.717
    -0.685   -0.720   +0.427   -0.219   -1.361   -1.603   +1.525   -0.426
    -0.559   +0.056   +0.197   -1.272   -0.187   +0.703   -0.192   -0.101
token ' you' question (strength 12.3):
    -2.077   -0.010   -0.033   -3.163   +1.125   -0.057   -2.387   -0.255
    +1.251   -0.612   -0.353   -2.733   +0.243   +1.760   +0.887   -1.154
    -1.008   +0.532   +4.739   +0.053   +0.825   -0.618   +0.197   +0.320
    -0.624   +0.772   -6.739   -0.125   +0.524   -1.442   -0.253   +0.768
    -2.233   -1.402   +0.814   +0.032   -0.013   -0.481   +0.218   +0.064
    -3.409   +0.156   +0.021   -1.026   -0.289   -1.117   -0.906   +0.465
    +0.381   -0.473   +0.580   -0.092   -1.948   -0.310   +2.020   -1.317
    +0.683   +0.894   -0.546   +1.010   -0.925   +1.625   +1.003   +0.408

--- station 4 · head 11 ---
token 'how' question (strength 16.2):
    -2.142   -4.512   +1.317   -3.611   -1.078   +2.074   -4.198   +0.018
    -3.176   -1.073   -0.015   -2.917   -1.418   -1.477   -0.774   +0.402
    -3.247   +0.060   +0.829   -0.109   -0.495   -0.338   +0.362   +1.226
    +0.783   -0.182   -4.554   -0.415   -0.082   +2.570   -1.684   +0.799
    +4.173   -1.600   +4.407   +5.789   -1.980   -0.456   +1.888   -1.399
    -3.902   -0.771   +1.546   +0.716   +0.363   -0.334   -1.089   +1.968
    +1.974   +0.496   -1.787   +1.085   -2.463   -1.173   +0.774   -0.503
    +0.795   -2.067   -0.644   -0.620   -0.469   -0.252   -0.564   -0.689
token ' are' question (strength 11.0):
    -1.778   +0.126   +0.114   -2.023   +0.515   +0.173   -1.856   +1.624
    +0.001   +0.279   +0.892   -2.532   -0.441   -0.580   -1.114   -1.558
    +0.351   -0.091   +4.178   -0.787   -0.701   +0.030   +0.217   +0.386
    +0.453   -1.391   -6.460   +0.143   -0.265   +0.821   +0.627   +1.399
    +1.314   -2.028   +1.723   +0.233   +0.355   -0.997   +0.437   -0.350
    -1.832   -0.551   +0.499   -0.984   -1.432   +1.201   +0.012   +0.220
    -1.685   +0.953   -0.123   -0.625   -0.956   -0.935   +0.055   -0.388
    +1.062   +0.544   +0.791   +0.828   +0.073   +1.461   -0.016   +0.688
token ' you' question (strength 13.1):
    -1.187   -1.486   +0.288   -3.029   +0.295   -1.055   -3.309   +0.990
    -0.814   +0.894   -0.267   -3.722   +1.280   -0.205   +0.354   -2.430
    -1.497   +0.301   +3.493   -0.939   +0.272   -1.235   -0.430   +0.154
    -0.142   -1.312   -6.559   +0.185   -1.711   -0.212   -0.922   +1.135
    +1.506   -1.312   +2.832   +2.184   +0.619   +0.201   +0.124   -0.077
    -3.058   +0.023   +1.177   -1.063   -1.652   +0.103   +2.054   +1.065
    -0.085   +0.272   -0.627   -0.441   -2.390   +0.291   +2.316   +0.693
    +1.774   -0.268   +0.189   +1.276   -0.682   +0.974   -0.079   -0.242

--- station 4 · head 12 ---
token 'how' question (strength 14.5):
    -1.356   -1.838   +1.386   -1.750   -0.423   -0.043   -3.632   +1.626
    -0.687   +0.422   -1.540   -2.861   +0.222   +0.211   +0.685   +1.137
    -0.292   +0.049   +5.610   +0.739   +0.623   +2.106   +0.158   +0.327
    -0.749   -1.300   -4.766   -0.751   -1.008   -0.117   +0.282   -0.776
    +1.181   -1.216   +1.020   +2.478   -1.641   +1.308   +2.141   +0.359
    -3.875   +0.080   +0.669   +0.679   -1.156   -3.424   +0.306   +1.886
    +0.337   +0.804   -2.821   +2.151   -0.968   +0.435   -2.964   +1.308
    +2.992   +2.235   -2.556   -2.325   +1.320   +0.086   -0.162   -1.404
token ' are' question (strength 11.0):
    -1.208   -0.853   +1.836   -1.792   +0.227   +0.626   -1.002   -0.597
    -0.743   -1.392   +0.455   -1.037   +0.100   +0.961   -1.358   -0.707
    -0.022   -1.689   +4.108   +0.952   +0.028   +0.345   -0.572   -0.744
    -0.762   +0.435   -5.810   +0.342   -0.214   +0.637   -0.771   +0.424
    +1.114   -2.481   +1.651   +2.875   -0.837   +0.183   +1.937   +0.253
    -2.561   -0.466   -0.233   -0.433   -0.232   -1.164   -0.631   -1.193
    -2.187   -0.331   -0.212   -1.429   -1.172   -1.354   +0.305   +0.125
    -1.049   +0.114   +0.005   -0.124   +0.376   -0.106   +0.376   +0.795
token ' you' question (strength 11.5):
    -0.874   -1.858   +1.911   -2.680   +1.414   -0.510   -2.309   -1.457
    -1.384   -1.541   +1.147   -1.510   +1.306   -0.325   -0.878   -0.946
    +0.946   -1.537   +2.933   +0.543   -0.593   +0.544   -0.294   +0.518
    -1.169   -1.527   -6.080   +1.104   -0.875   -0.139   -0.295   +0.355
    +1.285   -1.266   +1.022   +2.184   -0.714   +1.231   +0.627   +0.951
    -2.651   -0.641   +1.237   -1.081   -0.734   -0.795   +1.538   -0.034
    -1.177   -0.107   -0.959   -0.464   -2.470   +0.228   -0.397   -0.430
    -0.990   +0.100   +0.534   -0.324   -0.148   +1.642   -0.316   -0.099

--- station 4 · head 13 ---
token 'how' question (strength 13.1):
    -2.103   -0.703   +1.325   -2.785   +2.858   +1.011   -2.211   +0.286
    -0.388   -0.030   -3.027   -0.691   -1.325   -0.088   -0.269   +0.222
    -2.809   -0.653   +3.100   -0.908   -0.162   +1.960   -1.627   -0.189
    -1.208   -1.486   -6.664   -1.918   +0.079   +0.552   -0.173   +0.609
    +1.964   -2.141   +0.900   +1.757   -2.121   -0.329   -1.018   +1.456
    -1.461   +0.601   +2.174   -0.185   +0.315   -0.884   -1.869   +0.061
    -2.030   -0.273   -0.348   +0.279   -0.869   -1.740   +0.090   +0.038
    -0.046   +1.292   -0.353   +1.737   -1.600   +1.097   -1.005   +2.206
token ' are' question (strength 11.6):
    -1.399   -0.766   +1.001   -2.202   +1.464   +0.672   -1.068   +0.591
    -0.174   +0.143   +0.295   -3.456   -0.131   -0.419   -0.592   -0.094
    -0.218   -1.511   +3.143   +0.886   +0.056   +1.534   -1.287   +0.082
    -0.419   -0.553   -6.241   +0.768   +1.141   +0.582   +0.281   -0.649
    +1.138   -2.997   +0.625   +0.629   +0.087   +1.058   +1.511   +0.398
    -0.886   -0.041   -0.290   -1.812   +2.881   -2.254   +0.325   +0.805
    +0.087   +0.137   -0.094   -0.090   -1.286   -1.742   +0.458   -0.533
    -1.905   -0.841   -1.692   +0.218   -0.133   +0.077   +1.860   +0.519
token ' you' question (strength 13.7):
    -1.581   -2.690   +1.112   -3.540   +2.308   -0.326   -3.339   +1.696
    +1.034   -0.598   -0.632   -3.553   +0.738   +1.627   -0.488   -1.145
    +0.636   -0.347   +3.650   +1.369   -0.119   -0.368   +0.282   +1.323
    -0.512   -1.690   -6.527   +0.529   +0.104   -0.378   +0.935   -0.698
    +1.557   -2.513   +0.510   +1.485   +0.586   +1.011   +1.797   +1.512
    -1.399   +1.454   -1.106   -1.403   +3.343   -2.935   -1.321   +0.458
    +0.463   -1.004   -0.266   -0.498   -0.949   -0.592   -0.115   -0.448
    +0.856   -0.806   -1.328   +0.609   +0.029   +1.699   +2.145   -0.035


############ STATION 5 ############

--- station 5 · head 0 ---
token 'how' question (strength 20.4):
    +0.196   +0.829   -1.788   +3.553   -1.197   -2.508   +0.599   -1.286
    -0.220   +0.534   +0.002   -1.645   +0.125   -0.579   -2.934   -0.788
    -0.120   -0.510   +0.320   -2.246   +1.553   -0.833   +0.287   -1.134
    +1.054   -0.707  +16.024   -0.778   +0.079   +0.262   -0.055   -0.699
    -1.730   -1.675   +0.265   +2.464   -1.525   -2.189   +0.813   -3.926
    +0.609   +1.059   +3.938   -1.876   -1.090   +0.698   -0.004   +2.658
    -0.599   -1.008   +1.540   -4.117   +0.518   -1.074   +2.369   +1.850
    +0.346   +0.352   +0.687   +2.888   +0.379   +1.079   -0.525   -1.569
token ' are' question (strength 18.5):
    +1.516   +2.401   +0.913   +0.562   +1.799   -1.311   -1.881   -0.552
    -1.711   +1.294   -0.129   -1.101   +0.370   -0.689   -1.337   +0.662
    +0.237   -0.000   -0.866   -0.996   +0.241   -1.196   +0.807   -0.699
    -0.014   +0.020  +15.650   -1.126   +3.295   -0.541   -0.584   +0.945
    -1.371   -0.900   -0.722   +2.772   -1.672   -1.276   +0.010   -2.561
    -1.445   -1.116   +2.298   +1.217   -2.699   +1.235   -0.613   -0.141
    -0.017   -0.290   -0.934   +0.522   +1.278   -0.028   +0.478   -1.621
    -1.093   -1.710   +1.316   -0.223   +0.123   -0.461   +0.046   +0.673
token ' you' question (strength 20.9):
    +0.773   +1.704   -0.309   +1.960   +2.522   -1.951   -0.230   -0.360
    -0.566   +0.668   -0.647   +0.250   -0.245   -1.072   -1.903   +0.832
    -0.372   +0.463   -1.244   -1.178   -0.661   -0.574   +0.197   -0.925
    -0.033   +1.209  +17.633   -0.831   +1.337   +0.407   -0.633   +0.785
    -0.994   -1.355   -0.828   +3.740   -0.793   -3.877   +0.364   -3.220
    -0.781   -2.015   +3.110   +0.781   -2.291   +1.355   -2.343   +0.608
    +0.367   -0.156   -0.415   -2.144   +0.241   -0.306   +0.397   -1.399
    -1.850   -0.336   +2.242   -0.705   +0.121   -1.421   -1.358   -0.181

--- station 5 · head 1 ---
token 'how' question (strength 19.1):
    +0.630   +0.797   +0.813   +1.437   +1.110   -1.900   -0.487   -1.836
    -0.978   -0.937   +1.208   -0.363   +0.511   +1.206   -2.727   +0.064
    -0.851   -0.010   +1.133   -0.899   +1.346   -0.265   +0.677   -1.937
    +1.879   -1.822  +16.118   -0.008   +1.364   -1.228   +0.812   -2.300
    -0.172   -1.405   -0.747   +1.143   -0.320   -1.633   +1.506   -2.187
    -1.441   +1.185   +2.433   -0.473   +0.173   -0.655   -0.666   -1.455
    -0.674   -0.734   -0.047   -3.743   -1.246   +0.641   +0.774   -0.453
    +0.356   -0.044   +0.285   -0.364   -1.633   +1.749   -0.037   -1.910
token ' are' question (strength 18.2):
    -0.264   +0.276   +0.976   +0.785   +0.977   -1.422   -0.494   -2.000
    -0.543   -0.643   -0.972   +0.241   +0.500   +0.260   +1.148   -0.640
    -2.056   +1.862   -0.434   -1.601   -1.780   -0.491   -0.677   -0.037
    +0.222   -1.180  +15.517   +0.872   +4.441   +0.889   -1.023   +1.787
    -1.159   -1.143   -0.769   +0.347   -1.966   +0.055   +0.568   -1.427
    -0.740   +1.563   +1.711   +0.988   +0.947   +0.609   -0.616   -0.322
    -1.505   +0.784   -1.368   -0.729   -0.417   +0.672   +1.364   -0.788
    +0.593   -1.912   +0.623   -0.343   +0.738   +0.070   -2.298   -0.428
token ' you' question (strength 19.1):
    -0.389   -0.211   +0.740   +1.038   +0.877   -1.075   -0.158   -0.570
    -1.014   -0.375   -0.634   +1.999   -0.296   -0.452   -1.555   +0.458
    -2.216   +1.134   +0.236   +0.083   -1.661   -0.230   -0.609   +0.469
    +0.363   +2.014  +15.894   -1.845   +3.640   +0.943   -1.246   +0.196
    -0.363   -0.479   -0.428   +0.766   -1.526   -1.089   +1.904   -1.847
    -0.083   +1.060   +0.772   +2.679   +0.314   +0.223   -0.733   +0.209
    -0.044   +3.329   -1.788   -4.142   +1.096   +0.190   +0.930   -0.280
    +1.474   -0.642   +1.384   -0.413   +0.692   -0.860   -2.190   +1.034

--- station 5 · head 2 ---
token 'how' question (strength 17.3):
    +3.116   +1.763   +0.455   +0.266   +1.097   -0.954   -0.315   -0.553
    -0.979   -0.287   -0.930   +0.911   +0.059   +0.279   -1.352   -0.472
    -0.539   -0.818   +0.199   -0.854   +0.045   +0.052   -0.278   -1.159
    -0.141   -1.046  +15.000   -0.896   -2.091   +1.045   +0.413   +0.426
    +1.429   +0.023   +1.429   +1.580   +0.033   -2.103   +1.756   -2.315
    -0.467   -0.347   +1.905   -0.250   -0.243   +0.251   -2.552   -0.824
    -0.430   +1.314   -0.004   -1.123   +0.497   +0.844   +0.435   -1.669
    +1.410   +0.664   +1.307   -0.598   +0.446   +0.510   -0.266   -0.057
token ' are' question (strength 19.0):
    +2.188   +0.733   +1.378   +0.703   +1.463   +0.213   +0.502   +0.791
    +0.436   +0.943   -0.208   +1.124   -0.027   +0.192   -2.418   -1.791
    -0.549   -0.321   -1.316   -0.713   +0.251   +1.008   -0.642   +0.495
    -0.485   -0.412  +16.418   +0.781   -1.159   +1.467   -0.505   +0.539
    +2.628   +0.404   +0.701   +2.055   +1.286   -2.059   +2.182   -2.289
    -2.627   -1.366   +2.054   -0.102   +0.126   +0.324   -1.604   -1.324
    +1.614   +0.285   -0.384   -0.990   +0.488   +0.221   +0.720   -1.735
    +1.305   +0.947   +1.688   -0.577   +0.312   -0.209   -0.318   +0.787
token ' you' question (strength 19.6):
    +2.083   +0.743   +0.411   +0.441   +1.054   +0.875   +0.991   -0.218
    +0.047   -0.192   +0.698   +1.396   +0.591   -0.211   -2.417   -0.852
    -0.354   +0.121   -1.690   -0.695   -0.058   +0.201   -1.014   -0.976
    -0.818   +0.266  +16.340   +0.883   -1.765   +1.508   -0.292   -0.566
    +3.924   +0.995   -0.072   +2.205   +0.906   -3.066   +1.988   -2.645
    -2.606   -1.616   +2.634   +0.235   +0.215   +0.433   -1.405   -1.564
    +0.695   +1.877   -0.322   -2.763   +0.432   +0.584   +0.121   -0.728
    +1.090   +0.902   +2.196   -0.294   +1.165   -0.338   -1.246   +1.355

--- station 5 · head 3 ---
token 'how' question (strength 14.9):
    -0.379   -0.715   +0.243   +0.800   +0.331   -1.198   -0.201   +0.071
    -0.904   -0.752   -0.510   -0.041   -0.272   +1.324   -1.011   -0.177
    +0.187   +0.929   -0.705   -0.474   +0.665   +0.637   +0.095   -0.674
    -0.739   -0.461  +12.986   +0.048   -0.005   -0.564   +1.148   +0.194
    +0.031   -0.277   -0.378   +0.079   -0.703   -0.793   +0.375   -1.726
    -1.598   +0.829   +1.912   +0.381   -0.319   +0.447   -0.971   -0.383
    -0.269   +0.553   -0.173   -3.199   -0.466   -0.527   +0.202   +3.611
    -0.845   +0.385   -0.788   +0.670   -0.599   -0.431   +0.466   +0.088
token ' are' question (strength 14.1):
    +0.146   +0.226   +0.130   +0.284   +0.351   -0.628   +0.638   -0.094
    -0.388   -0.332   -0.636   +0.711   +0.108   +0.623   +0.012   +0.452
    -1.140   +0.227   -0.424   -0.987   -0.338   +0.044   -0.425   -0.093
    +0.618   +0.285  +13.121   -0.757   +1.529   +0.251   +1.187   +0.452
    -0.187   -0.067   +0.031   +0.216   -0.375   -0.311   +0.692   -1.342
    -0.704   -0.631   +0.524   +1.628   +0.128   -0.545   +1.390   -0.793
    -0.538   -0.088   +0.171   -0.560   +0.152   +0.489   +0.452   +2.076
    +0.446   +0.422   -0.596   +0.120   -0.650   +0.340   +0.430   +0.800
token ' you' question (strength 15.0):
    +0.122   +0.038   -0.074   +0.557   +0.429   -0.106   +0.059   +0.577
    +0.694   -0.055   -0.258   +0.804   +0.203   +0.250   -0.917   +0.229
    -1.114   +0.630   -0.413   -0.722   -0.587   +0.488   +0.029   +0.632
    +0.128   +0.585  +14.064   -0.019   +1.199   +0.016   +0.294   -0.408
    -0.140   -0.351   -0.741   +0.501   -0.148   -0.759   +0.314   -0.831
    -0.890   -0.767   +0.675   +1.249   +0.156   -0.421   -0.109   -0.563
    -0.666   +0.442   -0.467   -1.737   -0.672   +0.232   +0.092   +2.113
    +0.364   +0.711   -0.451   +0.556   -1.105   -0.321   +0.767   -0.117

--- station 5 · head 4 ---
token 'how' question (strength 18.1):
    +0.483   -0.075   +0.780   +1.572   -0.050   -1.520   -0.050   -0.222
    -0.214   -1.461   -0.798   -0.052   +0.774   +2.061   -2.293   +0.833
    -0.219   +0.679   -0.514   -1.762   -0.029   +2.200   +0.652   -0.493
    +0.525   -0.679  +15.496   -0.157   -0.226   -0.644   -0.493   -0.958
    -0.954   -1.007   +0.449   +0.504   +0.769   -1.579   +0.602   -1.714
    -2.880   +1.165   +2.452   -1.053   -0.659   +0.853   -2.088   +0.772
    -1.131   -0.083   -0.099   -3.500   -1.562   +0.235   -0.901   -1.956
    -0.244   +1.298   +0.036   +0.848   -0.369   +0.054   -1.395   -0.090
token ' are' question (strength 17.1):
    +0.007   +0.465   +1.099   +1.143   -0.087   -1.422   -0.519   -0.822
    -0.246   -0.439   -1.045   -0.144   -0.211   -0.537   +0.023   +0.047
    -0.076   +0.061   -0.891   -0.755   -0.824   +0.928   +0.240   +1.234
    +0.211   +0.344  +15.154   +0.652   +1.619   -0.042   +0.124   -0.679
    -0.664   -0.724   +0.532   +0.370   -0.336   -1.005   -0.922   -1.708
    -2.830   +0.630   +2.663   +0.569   -1.200   +1.046   +0.529   -1.737
    -1.255   -0.618   -0.925   -0.740   -0.646   +1.676   -0.053   -2.677
    -0.034   +1.948   +0.751   -0.464   -0.418   +0.174   -0.046   +0.289
token ' you' question (strength 18.5):
    -0.449   -0.088   +1.016   +1.285   -0.258   -0.951   -1.581   +0.658
    +0.067   -0.137   -0.944   +1.215   -0.946   -0.168   -0.728   +0.564
    -0.431   +0.260   -1.394   -0.474   -1.445   -0.303   +0.226   +1.375
    -0.338   -0.049  +16.288   +0.583   +1.112   -0.525   +0.004   +0.028
    -0.381   -0.686   +0.211   +0.564   +0.628   -1.723   +0.217   -1.449
    -2.391   -0.792   +2.470   +2.062   -1.623   +0.589   +0.359   -1.795
    -1.956   -0.593   -0.677   -1.272   -0.330   +0.796   -0.148   -1.638
    -0.705   +3.413   +1.699   -0.177   -1.443   -0.468   +0.227   +0.194

--- station 5 · head 5 ---
token 'how' question (strength 20.0):
    +1.384   +2.066   +0.868   +1.263   -0.979   -0.731   -1.478   -0.145
    -0.825   -0.904   -0.642   -0.420   -0.028   +1.811   -3.045   -0.140
    -0.115   +0.510   +0.124   -0.024   +0.092   -1.160   +0.399   -1.005
    +0.554   -1.271  +16.891   -0.268   -1.130   +0.022   +0.481   +0.330
    -4.575   -0.174   +0.237   +3.825   -0.573   -3.214   +0.069   -3.115
    -0.289   +1.241   +2.401   +0.290   -0.260   +0.910   -1.400   +0.736
    +0.007   -0.726   -0.367   -2.669   +0.168   -0.268   +0.253   -1.490
    -0.876   -1.784   +0.637   -0.080   +0.134   -0.547   -0.025   +0.587
token ' are' question (strength 21.9):
    +3.917   +3.629   +1.585   +1.624   +0.812   -1.308   -0.151   +0.827
    -1.876   +0.458   -0.823   -0.142   -0.152   +1.740   -2.097   +1.613
    -0.738   +0.146   -1.532   +0.092   -0.413   -0.303   -0.118   -0.500
    -0.536   +0.299  +18.242   +0.073   +0.977   +0.042   -0.230   +1.232
    -2.864   -1.676   -1.019   +3.292   -1.295   -3.581   +0.028   -3.572
    -1.031   -0.612   +1.488   +0.801   -0.803   +1.367   -1.409   +0.128
    +0.686   +0.248   -0.434   -3.098   -0.001   +0.403   -0.094   -3.119
    -0.952   -1.852   +1.466   +0.115   -0.157   -1.224   +1.739   -0.595
token ' you' question (strength 22.2):
    +3.363   +2.222   +0.610   +2.267   +0.514   -2.249   +0.453   +1.090
    -1.232   -0.090   +0.218   -0.014   +0.460   +1.726   -2.523   +0.867
    -0.678   -0.164   -1.807   -0.226   -0.226   -0.442   +1.023   -0.255
    -0.281   +0.118  +17.985   -0.424   +0.346   +0.520   +0.244   +0.980
    -3.768   -3.114   -0.167   +3.687   +0.088   -4.906   +0.460   -3.146
    -0.852   -1.062   +1.883   +1.363   -1.281   +0.264   -2.367   +0.243
    +1.074   +0.629   -0.210   -4.284   -0.089   +0.303   -0.231   -2.465
    -0.228   -1.493   +1.443   +0.193   -0.435   -1.390   +1.953   -0.341

--- station 5 · head 6 ---
token 'how' question (strength 20.1):
    +3.607   -0.528   +1.708   +2.247   +1.064   -2.689   +1.291   -0.480
    +0.145   -0.702   +0.071   -0.622   -0.073   -0.047   -1.916   +0.398
    +0.916   -0.922   -0.841   +0.105   -0.005   -0.543   +0.590   -0.912
    -0.086   -0.414  +16.645   +0.082   -1.253   +0.490   -0.279   -0.450
    -2.562   -3.801   -1.300   +3.100   +0.652   -1.791   +0.662   -3.502
    -0.528   +1.527   +1.834   +0.078   +0.125   +1.167   -0.645   +0.834
    +0.155   -0.523   -0.179   -4.889   +1.137   +0.385   +0.472   +0.033
    -0.497   +0.083   +0.542   +0.313   +0.539   -0.971   -0.510   +0.192
token ' are' question (strength 19.8):
    +2.102   +1.219   +1.351   +0.805   +0.599   -0.902   -1.434   -0.454
    -0.146   +0.034   +0.366   +0.697   +0.499   -1.115   -1.318   +0.704
    -0.681   +0.921   -0.706   +0.168   -0.653   +0.277   +0.312   -0.468
    -0.400   -0.860  +17.383   +0.590   -0.637   +0.877   +0.559   -0.179
    -1.265   -1.822   -1.929   +2.993   +0.356   -1.382   +0.739   -3.420
    -1.597   +0.202   +2.035   -0.030   +0.039   +0.203   -0.903   -0.217
    -0.120   +0.141   -0.812   -4.766   +0.934   -0.569   +0.207   +0.187
    -0.969   -0.266   +0.807   -0.686   +0.516   -0.663   -0.282   +0.322
token ' you' question (strength 22.4):
    +2.259   -0.313   +0.881   +1.717   +0.037   -1.442   +0.188   +0.130
    +0.830   -0.151   -0.351   +1.463   -0.407   -1.292   -2.376   +0.926
    -0.815   +0.455   +0.352   +0.761   -0.784   -0.207   -0.222   -0.415
    -0.167   -0.648  +18.853   -0.335   -0.821   +1.279   +0.337   -0.231
    -1.670   -1.921   -1.133   +4.653   +1.151   -2.596   +1.427   -4.008
    -1.989   +0.888   +2.443   +1.296   -0.240   +1.221   -1.905   +0.174
    +0.418   +1.548   -1.250   -5.778   +0.997   -0.531   -0.369   +0.787
    -0.966   +0.301   +1.210   -0.873   +0.277   -0.950   -0.614   +1.160

--- station 5 · head 7 ---
token 'how' question (strength 10.0):
    -0.578   +1.014   -0.213   +0.741   -0.711   +0.510   -0.428   +0.445
    +0.070   +0.060   -0.025   -0.512   +0.735   -1.023   -0.162   +0.129
    +0.761   +0.264   -0.569   -1.342   -1.697   -1.021   +0.155   -1.385
    +1.819   +1.332   +0.076   -2.801   +5.954   +0.727   +2.736   +0.837
    +0.591   +0.422   -0.708   -0.430   +0.083   -0.431   -0.366   +0.500
    +0.451   +0.419   +0.067   +0.112   +1.760   -2.119   -1.115   +0.169
    +1.208   +1.082   -0.829   +0.725   -1.233   -1.180   -1.237   -0.972
    -0.542   +1.463   -1.475   -0.552   +0.476   -1.337   +1.730   +0.012
token ' are' question (strength 11.2):
    -0.248   +0.346   +0.191   +0.225   -0.311   +0.524   +0.154   +0.673
    -0.532   +0.639   -0.787   +0.033   +0.207   +1.303   -0.387   +0.201
    -1.072   -0.958   -0.314   -1.904   +0.266   -1.342   +2.749   -0.827
    +1.534   +0.234   -0.451   +1.121   +8.284   -0.673   +0.972   +0.058
    -0.027   +0.407   -0.351   -0.084   -0.647   -0.087   -0.863   +0.576
    +0.251   +0.438   +1.155   -0.074   -0.820   -0.988   +0.290   -0.273
    -0.199   -1.184   +0.907   +1.209   +1.823   -0.473   +2.705   -0.897
    -0.676   +1.891   -0.284   +1.417   -0.981   +0.215   +1.880   +0.439
token ' you' question (strength 10.2):
    -0.297   -0.029   +0.531   +0.485   -0.124   +0.348   +0.184   +0.069
    -0.160   +0.131   -0.614   -0.089   +0.586   -0.052   -1.001   +0.834
    -1.004   -0.123   -0.265   -1.533   -0.422   -0.894   +1.583   -1.075
    +1.167   +0.533   -1.028   +0.263   +7.481   -0.048   +0.391   -0.030
    -0.224   +0.469   -0.286   -0.059   -0.800   +0.479   -0.829   -0.035
    +0.577   +0.441   +0.755   +1.020   -0.504   -1.087   -0.008   +0.517
    +0.220   -1.534   +0.333   +0.562   +0.645   -1.290   +1.632   -0.419
    -1.478   +2.507   +0.116   +0.778   -1.678   +0.467   +2.545   +1.262

--- station 5 · head 8 ---
token 'how' question (strength 13.9):
    -0.388   -0.433   -0.357   -0.102   +0.504   -0.100   -0.961   -0.848
    +0.826   +0.996   +1.568   +1.008   -0.586   -1.746   -1.244   +1.565
    +1.218   +0.646   -1.834   -1.047   -1.135   +0.907   +0.985   +0.789
    -1.491   -1.205   +0.013   +2.900   +8.952   +1.723   +0.564   +1.112
    -0.008   +0.279   +0.386   -0.133   +0.078   +0.619   -0.101   +1.485
    +0.007   +0.125   +0.308   +0.673   +0.466   -0.750   -0.161   +0.090
    -1.935   -1.133   -0.519   +2.373   +1.682   -1.822   -0.753   -1.999
    -0.873   +2.126   -0.136   -0.560   -1.738   +1.823   +5.378   +1.966
token ' are' question (strength 12.9):
    -0.305   +1.397   -1.134   +0.969   -1.354   +0.437   -0.449   +0.104
    -0.030   -0.324   +0.461   +0.951   +1.691   -0.575   +0.578   +0.322
    +0.380   -0.805   -0.852   +1.199   -0.004   -0.244   +0.975   -2.672
    +0.564   -0.304   -1.226   +0.238   +7.395   +0.266   -0.618   -0.269
    +1.233   +0.361   -1.151   -1.107   -0.374   -0.737   -0.156   +0.291
    -0.249   -0.420   +2.110   -1.021   +0.691   +0.523   +1.389   -0.404
    -0.028   -1.273   +0.546   +2.232   +1.895   -1.183   +0.057   -3.067
    +0.046   +2.316   -0.311   +0.803   -1.273   -0.706   +6.488   +1.224
token ' you' question (strength 12.3):
    -0.440   +0.689   -0.368   +1.087   -1.008   +0.453   -0.329   +0.315
    -0.012   +0.147   +0.974   +0.777   +0.745   -0.331   -0.631   +1.216
    +1.333   -0.593   -0.778   -0.754   +0.257   -0.367   -0.016   -1.389
    -0.547   +0.232   -2.332   +1.309   +7.487   +1.009   +0.188   -0.572
    +0.991   +0.800   -0.719   -0.484   -0.705   -0.623   -0.521   +0.811
    +0.326   -0.242   +0.958   -0.346   -0.278   -0.216   +0.468   +0.100
    +0.024   -1.035   +0.791   +1.264   +1.599   -0.690   +0.782   -1.325
    +0.090   +3.956   -1.532   +0.515   -1.762   -0.792   +5.762   +1.894

--- station 5 · head 9 ---
token 'how' question (strength 11.9):
    +1.194   +0.988   -1.258   -0.156   +0.350   -1.663   -0.226   +1.230
    -0.016   -0.702   -1.083   +0.870   +0.164   +0.110   +1.406   -1.097
    +0.278   -0.397   -1.091   +1.035   +0.390   +0.376   +0.101   -1.989
    +1.077   -2.591   -1.794   -0.966   +6.353   +2.396   -0.658   +0.739
    +0.678   -1.905   +0.934   -1.148   +1.961   -1.017   +2.098   -0.985
    -2.431   +0.438   +0.087   -2.089   -0.392   +1.171   +0.104   +0.897
    -0.742   +1.863   -1.210   +2.220   +1.715   +0.651   -1.367   -0.068
    +0.150   +1.379   -1.512   +0.618   -0.241   -1.772   +0.160   +3.014
token ' are' question (strength 16.1):
    +0.854   +0.560   -1.124   -0.331   +0.102   -1.167   +0.006   +0.399
    -0.631   -0.806   -2.185   +1.120   -1.994   +1.362   +0.760   -1.415
    -1.645   -1.535   +0.761   +0.541   +0.425   -1.787   +0.639   -0.517
    +2.248   -3.246   -1.546   +1.358  +10.034   +0.442   +1.222   -1.026
    +0.358   -1.527   +0.646   -0.840   +1.457   -0.461   +1.111   -0.800
    -1.744   -0.018   +0.465   -2.410   -0.712   +1.309   +1.644   -0.098
    -0.543   +0.548   +0.715   +1.605   +2.580   -1.004   +1.082   +0.611
    +0.385   +4.813   -1.759   +2.462   -2.036   +1.152   +5.374   +2.143
token ' you' question (strength 15.7):
    +0.511   -0.017   -0.969   -0.689   +0.090   -1.067   -0.051   +0.378
    -0.208   -0.721   -1.511   +0.966   -1.326   +0.123   +0.449   -0.739
    -0.410   -0.951   +0.380   -1.155   -0.011   +0.451   -0.440   +2.118
    +2.391   -2.432   -2.564   +0.586  +10.200   -0.662   +2.414   -0.381
    +0.170   -1.110   +0.786   -0.342   +1.251   -0.525   +1.122   -0.631
    -1.591   -0.378   -0.339   -1.456   -0.484   +0.733   +1.176   +0.496
    +0.256   +0.615   +0.434   +0.287   +2.782   -0.601   +0.774   +0.637
    -0.906   +4.547   -2.304   +1.841   -3.637   +0.520   +5.617   +2.110

--- station 5 · head 10 ---
token 'how' question (strength 14.5):
    -0.884   +0.185   +0.242   +1.184   -1.687   +1.145   -1.819   +1.170
    +0.478   -2.709   -0.119   +1.104   -1.313   -0.846   -3.068   +0.684
    +0.771   -0.503   -1.247   -0.504   -0.801   +1.086   +2.185   -0.760
    +0.754   +0.064   -0.386   +0.172   +8.448   +1.157   +0.215   -1.747
    +0.411   +1.594   -2.212   -0.186   -1.899   +0.733   -1.301   +1.358
    +2.404   +0.865   -0.015   +3.215   -0.561   +2.145   +1.447   +0.337
    +1.110   -2.819   +1.226   +1.021   +1.656   -0.255   +5.671   +0.836
    +0.002   -0.420   -0.111   -0.740   -2.075   +1.007   +0.067   -0.189
token ' are' question (strength 13.8):
    -0.643   -0.514   +1.713   +0.592   -1.161   +0.847   -1.484   +0.672
    +0.389   -0.173   +1.424   -1.082   -0.362   -0.279   -0.105   +0.120
    +0.093   -1.667   -0.706   -0.322   -0.668   -0.739   +1.082   -0.130
    -0.337   +0.334   -0.627   -0.137   +7.985   +1.306   +0.388   -1.727
    -0.481   +1.927   -1.710   +0.836   -1.815   +0.814   -2.574   -0.074
    +4.090   +0.415   +0.857   +1.378   +0.397   -0.879   -0.448   +1.743
    +0.204   -2.963   +0.396   +0.217   +1.036   -0.414   +6.276   +0.154
    +0.605   +1.694   -0.140   -0.652   -1.615   +0.711   +1.943   +0.787
token ' you' question (strength 15.4):
    -1.026   -0.008   +1.765   +1.246   -0.756   +1.184   -0.810   +1.053
    -0.378   +1.123   +0.705   -0.315   -0.718   -1.823   -2.342   +0.038
    -0.002   -0.360   -1.068   -1.799   -1.575   -0.738   +0.759   -0.985
    +0.131   +0.455   -1.527   -0.151   +8.031   +1.381   +1.024   -1.797
    -0.285   +1.963   -2.852   -0.364   -2.873   +2.180   -3.056   +0.381
    +3.547   -1.141   +0.340   +1.766   +0.011   -0.867   +0.204   +1.122
    +0.027   -3.670   +0.474   +0.434   +0.209   -0.588   +6.752   +0.210
    +0.194   +2.245   -0.314   -0.197   -1.953   +1.404   +2.724   +1.259

--- station 5 · head 11 ---
token 'how' question (strength 12.6):
    -0.348   +1.398   -1.267   +1.620   -1.427   +1.602   -1.599   +1.737
    +0.725   -1.958   +0.787   +1.220   +0.365   -1.997   -0.829   +0.326
    +1.490   -2.209   +0.405   +2.630   -0.002   +0.933   +2.509   -2.274
    -1.364   +0.415   +1.196   +1.308   +7.878   -1.083   -0.548   -0.029
    +0.310   +1.096   -0.916   -0.307   +1.001   -0.177   +0.149   -0.157
    +0.489   +1.837   +0.291   +0.998   +1.290   -0.041   +0.370   -0.022
    -1.108   -1.576   +0.583   +0.784   +2.129   -0.836   +2.532   +0.800
    -0.133   -0.015   +0.197   -1.258   -1.951   -1.980   -0.300   -0.434
token ' are' question (strength 13.4):
    -0.476   +0.855   -0.131   +1.158   -1.516   +1.185   -1.037   +1.070
    -0.512   -0.010   +0.875   -1.335   +1.140   +0.221   +1.227   +1.104
    -1.842   -2.240   -0.134   -0.629   -1.327   -1.636   +1.526   -0.383
    +0.641   +2.045   -0.779   +1.574   +8.582   -1.531   +1.708   -1.288
    +0.276   +0.721   -1.103   +0.137   -0.312   -1.160   -1.097   +1.113
    +1.266   +0.455   +1.977   -1.035   +0.878   -1.048   +1.843   +0.007
    +0.236   -0.967   +0.665   -0.485   +1.570   -0.465   +4.628   -0.052
    -0.772   +0.987   -1.273   +1.445   -1.414   -1.274   +2.836   +0.834
token ' you' question (strength 13.5):
    -0.180   +0.758   -0.110   +1.353   -0.858   +0.681   -0.363   +0.672
    -0.061   +0.043   +0.464   -0.235   +1.243   -0.269   -1.262   +1.463
    -1.249   -1.744   +0.138   -1.830   -3.080   -1.083   +0.680   +1.070
    +0.893   +1.392   -0.819   +1.990   +8.350   -0.554   +2.335   -0.965
    +0.012   +0.171   -0.855   -0.304   -0.228   -0.392   -0.803   +0.561
    +0.693   -0.034   +1.253   -0.459   +1.055   -2.001   +1.275   +1.240
    -0.476   -1.678   +0.796   -0.571   +2.546   -0.113   +3.913   +0.232
    -0.222   +2.093   -1.201   +1.545   -1.405   -0.795   +4.070   +1.318

--- station 5 · head 12 ---
token 'how' question (strength 24.4):
    -0.748   -3.505   +5.991   +1.496   +4.289   +3.040   +2.597   -0.089
    +1.002   -0.716   +0.391   +0.025   +1.817   +0.205   -4.320   +1.075
    +1.341   +0.045   -0.952   -0.278   +0.604   -0.999   -0.852   -0.633
    -1.448   +2.698   -0.944   -0.522   +9.753   +0.068   -0.567   -2.635
   -13.225   +1.843   +2.419   +2.509   -4.838   +2.714   -4.964   +0.359
    +5.247   +0.315   -0.681   +5.387   -0.253   +1.099   +0.836   +0.097
    -0.556   -3.941   +1.759   -0.413   +1.608   -0.798   +4.017   +0.531
    +0.589   -0.912   -0.230   -0.999   -2.150   +0.235   +3.757   +0.475
token ' are' question (strength 22.8):
    -0.593   -3.607   +4.235   +0.957   -0.074   +3.375   +0.922   -0.186
    -0.287   -0.796   +0.609   +0.270   +1.492   -0.564   -3.994   +0.887
    +0.258   -0.602   -0.062   -1.324   +1.135   -0.762   -0.808   -0.801
    -0.283   +1.177   -0.940   -0.396  +10.208   -0.061   -1.295   -3.162
   -12.358   +1.768   +3.081   +2.975   -4.088   +2.105   -3.854   +0.924
    +4.190   +0.400   -0.279   +4.501   +1.141   +1.218   -0.311   +0.054
    -0.647   -3.636   +1.176   +0.124   +1.111   -0.849   +5.143   +0.558
    +0.513   +0.748   -0.861   +0.296   -1.582   +1.040   +5.197   +1.925
token ' you' question (strength 21.7):
    -1.619   -2.921   +5.514   +0.836   -1.645   +1.546   +0.224   -0.779
    +0.387   +0.344   +0.829   +0.649   +1.325   -0.712   -3.638   +0.136
    -0.479   -0.186   -0.208   -2.595   -0.446   -0.323   -0.591   +0.496
    +0.331   +0.551   -0.969   -0.193  +10.345   -0.581   -0.723   -2.710
   -10.305   +1.537   +2.727   +1.767   -3.425   +1.796   -4.010   +1.481
    +3.555   +0.322   -0.597   +3.769   -0.561   +0.845   -0.272   +0.874
    -0.950   -3.844   +0.059   -1.068   +1.672   -1.004   +6.281   +0.283
    +0.322   +1.259   -1.465   +0.624   -2.177   +1.216   +5.110   +2.197

--- station 5 · head 13 ---
token 'how' question (strength 9.3):
    -0.594   +0.463   -0.314   +1.128   -0.894   +0.446   -0.997   +1.275
    +0.849   -0.776   +1.841   -0.258   +0.467   -1.165   -0.796   -0.287
    +1.267   -0.116   -1.481   +1.010   -1.606   +1.061   +0.932   -0.450
    +0.912   +0.238   +0.034   +1.361   +5.749   +0.173   -1.269   +0.515
    +0.257   +1.176   -1.244   +0.236   -0.230   +0.550   -0.970   -0.748
    +0.882   +0.768   +0.051   -0.125   +0.642   -1.541   -0.423   +0.516
    -0.970   +0.577   -0.714   +1.324   -0.085   -0.384   +1.980   -1.270
    +0.511   +0.873   -0.958   +1.214   -0.877   +0.237   +1.981   +0.639
token ' are' question (strength 10.7):
    -0.384   +0.042   +0.228   +0.486   -0.829   +1.291   -1.245   +0.251
    -0.360   -0.971   +0.206   -0.044   -0.133   +1.110   -0.985   +0.137
    -1.508   -0.830   +0.732   -1.115   -1.053   -1.344   +1.074   -1.522
    +0.138   +1.025   -0.973   +1.313   +6.808   -1.290   +0.071   -0.748
    +0.023   +0.661   -0.699   +0.333   -0.422   +0.444   -1.501   -0.254
    +1.438   +0.295   +1.883   -0.964   +1.143   -0.485   +0.744   +0.269
    -0.608   -1.984   -0.124   +1.343   +0.960   -0.452   +3.666   -0.976
    -0.273   +1.317   -0.159   +0.638   -0.871   +0.094   +1.744   +1.582
token ' you' question (strength 10.1):
    -0.114   +0.101   +0.326   +0.718   -0.250   +0.609   -0.094   +0.074
    -0.260   -0.846   +0.098   +0.115   +0.223   -0.229   -1.725   +0.437
    -0.731   -0.396   +0.728   -1.911   -1.350   -0.248   +0.741   -0.051
    +0.637   +0.588   -0.337   +0.367   +7.373   -0.971   +0.396   +0.894
    -0.177   +0.601   -0.556   +0.096   -0.418   +0.952   -1.165   -0.058
    +0.634   -0.092   +1.283   -0.221   +0.712   -0.293   +0.632   +0.927
    -0.229   -1.719   -0.187   +0.535   +0.139   -0.294   +3.232   -0.287
    -0.253   +1.572   -0.511   +0.537   -1.847   -0.534   +1.732   +0.957


############ STATION 6 ############

--- station 6 · head 0 ---
token 'how' question (strength 11.9):
    +0.391   +0.008   -0.254   -0.244   +0.330   -0.591   -0.246   -0.543
    -0.428   +1.071   -0.144   -0.998   -0.411   -0.323   -0.275   +0.048
    -0.414   -0.333   +0.800   -0.488   +0.552   +1.603   -0.089   -0.011
    -1.580   +0.700   -0.620  +10.017   -1.086   -0.163   -1.023   +1.168
    -0.321   +0.351   -0.269   -0.066   -0.206   -0.577   +0.534   +0.341
    +0.279   +0.507   -0.524   +0.249   +0.294   -1.250   +0.711   -0.194
    +1.011   -0.309   -1.536   +0.448   -0.296   -1.124   +0.283   -0.756
    -1.324   -1.089   +0.627   +0.902   -0.992   +1.392   -0.305   +3.083
token ' are' question (strength 15.5):
    +0.166   +0.575   -0.668   -0.235   -0.399   -0.894   -0.279   -0.510
    +0.158   -0.198   +0.148   +0.330   +1.100   -0.628   -0.409   -1.430
    +0.585   -1.301   -0.510   +0.423   -0.117   +1.161   +1.093   -2.623
    -0.422   +4.747   -0.953  +10.903   -2.132   -0.023   -1.917   +3.475
    -0.711   +0.232   -0.749   +0.624   -0.492   -0.163   +0.368   +0.183
    -0.315   -0.075   +0.112   +0.667   -0.656   +0.011   +1.481   -0.124
    -0.185   +0.386   +0.575   -0.076   +0.304   -2.756   -0.252   -2.500
    -2.925   -1.175   -2.551   +3.423   +0.027   +0.635   -1.505   +2.758
token ' you' question (strength 13.9):
    +0.265   +0.269   -0.368   -0.066   -0.163   -0.728   -0.172   -0.365
    +0.165   -0.113   +0.022   -0.358   +0.838   -0.487   -0.278   -0.390
    +0.120   -1.264   -0.607   -0.286   +0.680   +0.833   +0.467   -2.537
    -0.998   +2.565   -0.331  +10.586   -1.127   -1.341   -0.809   +1.103
    -0.518   +0.177   -0.498   +0.298   -0.299   -0.207   +0.085   +0.152
    -0.280   -0.358   -0.114   +0.582   +0.020   -0.414   +1.193   +0.113
    +0.016   +0.275   +0.253   -0.512   -0.387   -1.447   -0.489   -1.554
    -3.965   +0.625   -1.078   +3.688   -0.023   -0.654   -1.102   +4.026

--- station 6 · head 1 ---
token 'how' question (strength 16.3):
    +1.278   -1.838   +0.721   -1.820   +0.639   -1.106   -1.423   -1.793
    -3.351   +1.943   +0.914   -1.503   -0.216   +0.354   +0.093   +0.781
    +0.106   -0.279   -0.620   -1.106   -0.221   -0.807   +0.974   +0.613
    +0.463   +0.031   +0.572  +12.430   -0.182   +0.293   +0.393   +0.728
    +1.457   +1.424   +0.034   -1.878   -1.050   -1.492   +1.346   +0.631
    +0.827   +0.652   -2.899   -0.208   +1.796   -2.128   -0.600   -4.321
    +0.462   +0.116   -0.032   -0.298   -0.569   -3.105   +0.659   +1.697
    -0.646   +1.213   +0.358   +1.870   +0.068   -0.763   +1.577   +0.526
token ' are' question (strength 15.3):
    -0.152   -2.558   +1.017   -1.776   +0.180   -1.632   -0.078   -1.151
    -1.813   +1.293   +0.601   -0.443   -1.507   +1.023   +0.052   -0.377
    +0.521   -0.843   -0.526   -1.772   -0.487   -0.209   +0.355   +0.168
    +0.325   +0.269   +0.065  +11.816   +0.357   -1.059   -0.004   +0.271
    +1.668   +2.614   -0.432   -1.224   +0.592   -2.341   +1.404   +1.082
    -0.940   +1.042   -2.016   +0.246   +0.303   -1.665   -0.453   -1.578
    +0.299   -1.082   -0.254   -0.362   -1.704   -4.406   -0.089   +1.377
    +0.062   +0.566   -0.328   +1.707   -0.495   -1.151   -0.663   +1.279
token ' you' question (strength 17.1):
    +0.333   -1.902   +1.810   -4.247   +0.730   -1.962   -0.606   -1.524
    -3.531   +1.193   +0.257   +0.003   -0.108   +0.300   +0.487   +0.202
    -0.685   -0.464   -0.771   -1.957   +0.054   -0.622   +0.448   +0.210
    +0.357   +0.617   -0.193  +11.906   +0.341   -1.587   +0.350   +0.279
    +2.632   +2.812   +0.344   -1.733   -0.965   -3.467   +0.925   +1.306
    -1.446   +0.995   -2.293   +0.431   +1.095   -2.372   -0.402   -3.071
    +0.880   -1.245   -0.586   -1.188   -1.306   -4.282   +0.380   +1.765
    +0.968   +0.219   +0.817   +2.202   -0.350   -0.621   -0.611   +1.858

--- station 6 · head 2 ---
token 'how' question (strength 12.8):
    +0.064   +0.180   -0.097   -0.168   -0.816   -0.468   +0.023   -0.303
    -0.254   +0.819   -0.230   -0.726   +0.491   +0.237   -0.165   +0.064
    -1.379   -0.057   +0.893   -0.564   -0.416   +1.299   +1.575   +0.123
    +0.740   +0.214   -1.307  +11.683   -0.499   +0.078   -0.192   +0.569
    -0.211   -0.223   +0.086   +0.684   -0.378   -0.118   +0.544   +0.900
    -0.078   -0.436   -0.146   +0.639   +0.526   -1.178   -0.092   -0.872
    +0.332   -0.223   -0.672   +0.070   -0.811   -0.589   -0.644   +0.990
    +1.272   +0.466   +0.514   +1.115   -0.811   +0.706   +0.950   +1.262
token ' are' question (strength 14.3):
    -0.292   +0.481   -0.330   -0.288   -0.133   -0.900   -0.216   -0.642
    -0.963   +0.296   +0.140   +1.053   +0.464   -0.623   -1.010   -0.897
    +1.126   -0.028   -0.935   -1.654   +0.709   +0.719   +2.847   -2.361
    +0.614   -0.221   +0.494  +12.079   -0.493   -1.621   -1.446   +1.475
    -0.115   +0.019   -0.322   +0.424   -0.164   -0.210   +0.707   +0.327
    -0.152   -0.042   +0.396   +0.132   -0.370   -0.162   +0.760   -2.123
    -0.457   -0.162   -0.270   -0.740   -1.552   -1.568   +0.452   -0.783
    +0.325   +0.100   -1.020   +2.167   -0.379   -0.041   +1.175   +1.927
token ' you' question (strength 14.9):
    -0.023   +0.115   -0.380   -0.546   -0.104   -0.903   -0.474   -0.963
    -0.901   +0.922   -0.114   -0.248   -0.477   -0.261   -0.974   +0.409
    +0.290   -1.473   +0.008   -0.449   +1.324   +0.198   +0.966   -1.985
    +0.864   +0.367   +1.197  +12.450   -1.767   -1.581   -1.173   +0.290
    +0.297   +0.217   -0.505   -0.127   -0.515   -0.679   +0.436   +0.224
    +0.199   -0.583   -0.122   +0.562   -0.392   -1.280   +1.274   -1.527
    +0.871   -0.940   -1.300   +0.325   -0.435   -2.506   -0.760   -0.404
    -0.891   +1.050   +0.881   +2.629   -0.324   -1.437   +1.903   +2.892

--- station 6 · head 3 ---
token 'how' question (strength 13.5):
    +1.265   +1.341   -1.505   -1.265   -1.189   -2.435   +0.503   -0.091
    +0.174   +0.901   -0.227   -0.122   -0.077   -0.369   +0.263   -0.027
    -0.501   -0.406   +0.905   -0.098   +0.982   +1.372   -0.116   -0.335
    +0.460   +0.212   -0.691  +11.438   +0.401   -0.063   -0.803   +1.746
    -0.966   +0.780   -1.676   +1.457   -1.579   +0.123   +1.420   +1.298
    +1.269   -1.103   -0.185   +0.342   +0.318   -1.234   +0.649   -0.649
    -0.053   -0.302   +0.571   +0.116   +0.672   +0.465   +0.840   +0.262
    +0.509   -0.263   +0.391   +1.672   +0.082   +0.486   -0.531   +1.476
token ' are' question (strength 16.5):
    +0.278   +1.076   -1.406   -0.113   -1.056   -1.113   +0.979   +1.095
    +0.794   -0.125   -1.115   +2.066   +2.855   -1.970   +0.809   -2.931
    +0.873   -1.039   -1.180   +0.045   -0.748   -0.461   +1.082   +0.192
    +0.427   +1.817   +0.586  +12.223   -2.132   -0.521   -1.881   +3.535
    -0.692   +0.113   -1.248   +1.637   -0.161   +0.486   +0.468   +0.149
    +0.204   -1.343   +1.429   +0.924   -0.441   +1.090   +1.603   -0.700
    -1.360   +0.963   -0.304   +0.312   +0.131   -2.255   +1.938   -0.776
    -0.232   +0.991   -0.949   +3.853   -0.153   -1.438   -0.558   +3.540
token ' you' question (strength 14.8):
    +0.173   +0.841   -1.164   -0.168   -1.087   -1.003   +0.900   +0.899
    +0.979   +0.279   -1.278   +1.173   +1.573   -1.782   +0.351   -1.434
    -0.216   -1.278   -0.862   +0.407   +0.986   -1.604   +0.621   -0.510
    +0.141   +1.793   -0.059  +10.683   -1.667   -1.433   -2.217   +1.980
    -0.498   -0.113   -0.669   +1.278   -0.145   +0.593   +0.789   +0.566
    +0.883   -1.568   +1.277   +0.904   -0.213   +0.109   +1.793   -0.099
    -0.703   -0.438   -0.053   +0.340   -0.037   -1.204   +0.205   -0.313
    -0.663   +2.305   +1.025   +4.667   +0.456   -1.395   -1.360   +4.094

--- station 6 · head 4 ---
token 'how' question (strength 15.4):
    +0.595   -0.714   -0.107   -0.872   -0.349   -1.280   -1.494   -1.790
    -1.744   +1.650   -0.269   -0.599   -0.159   +1.505   -0.808   +0.021
    +0.599   -0.722   -0.313   +0.372   -1.575   +0.240   -0.223   +0.210
    -0.832   +0.243   -0.179  +12.047   +0.795   -0.444   +0.490   +0.078
    +1.192   +1.102   -1.862   -0.935   -0.822   -1.831   +1.706   -0.704
    +0.263   -0.168   -1.877   -1.021   +1.927   -2.037   +0.005   -2.684
    -0.641   +0.343   +0.747   -0.490   -2.765   -2.594   -1.280   +1.731
    -0.147   -0.090   +1.016   +1.148   -0.996   -0.430   +2.635   +1.567
token ' are' question (strength 15.8):
    +0.304   -1.160   -0.189   -0.707   -0.788   -0.906   -1.682   -1.676
    -2.083   +0.597   -0.548   -0.571   -0.825   +0.019   -0.679   -0.115
    -0.779   -1.650   -0.216   -1.420   -1.046   -0.161   -0.462   +0.455
    +0.055   -0.348   +0.171  +12.774   -1.600   -1.029   -0.317   +0.728
    +0.218   +0.367   -1.292   +0.070   -0.279   -0.450   +0.772   -0.509
    +0.450   +0.146   -1.215   -0.900   -1.487   -1.043   -0.807   -3.229
    +0.327   +2.430   -0.061   -0.095   -3.365   -3.115   +0.148   +1.252
    +1.223   -0.377   -0.174   +1.189   -1.173   -0.565   +1.580   +2.140
token ' you' question (strength 15.5):
    +0.300   -0.693   +0.080   -0.795   -0.163   -0.953   -1.878   -2.074
    -2.312   +1.167   -0.521   +0.440   -0.045   -0.322   +0.027   -1.762
    -0.045   -1.276   +1.131   -1.678   -0.429   -1.066   +0.126   -0.619
    +0.599   -0.046   +1.232  +11.845   -0.661   -1.003   +0.508   +0.005
    +0.063   +0.823   -1.273   -1.108   -0.467   -1.589   +0.634   -1.719
    +0.140   +0.457   -2.020   -0.807   -0.278   -2.970   +0.817   -2.538
    +0.218   -2.100   +0.709   +0.038   -2.525   -2.367   +0.306   +1.721
    +1.152   -0.131   +1.111   +2.581   -1.373   -0.400   +0.312   +2.602

--- station 6 · head 5 ---
token 'how' question (strength 15.2):
    +0.972   -0.218   -0.340   -1.322   +0.538   -0.977   -0.839   -0.734
    -1.859   +0.633   +0.005   -0.066   +0.182   +0.693   -0.780   +0.188
    +1.997   -2.143   +0.367   +0.711   -0.444   -0.646   -1.436   +0.073
    -0.044   -0.034   -0.446  +12.368   +0.560   +0.192   -0.519   +0.916
    +0.171   +0.867   -0.870   -0.436   -0.341   -0.765   +1.693   +0.156
    -0.185   +0.319   -1.879   -0.590   +0.834   -1.231   +1.137   -1.448
    -0.005   -1.751   -0.552   +0.978   +1.105   -4.634   -0.693   +1.229
    -0.822   +0.731   +1.609   +0.764   -1.545   +0.130   +0.886   +1.433
token ' are' question (strength 15.7):
    +1.464   -0.547   -0.642   -0.945   -0.428   -1.997   +0.653   -0.704
    -2.542   +0.153   -0.003   -0.154   -0.051   +1.232   +0.315   -1.039
    +2.295   -1.778   +0.055   -0.060   -0.137   -0.974   +0.585   +0.841
    +0.677   -0.644   +0.732  +12.336   -0.619   -0.068   -0.750   +0.527
    +0.219   +1.541   -1.376   -0.246   -0.397   -0.337   +1.841   +0.038
    +0.185   +0.240   -0.428   -0.678   -1.403   +0.106   -0.217   -1.933
    +0.644   +0.995   -1.344   -0.308   +0.316   -5.121   -1.163   +1.858
    +0.136   -1.011   -0.872   +1.612   -0.720   -0.752   -0.588   +3.038
token ' you' question (strength 17.8):
    +0.947   +0.391   -1.185   -1.569   +0.128   -2.290   -0.353   -0.380
    -2.239   +1.060   -1.027   +0.080   +1.323   +1.202   +0.497   -1.234
    +2.495   -2.206   +1.115   -0.925   +1.236   -1.634   +0.576   +0.588
    +0.725   -0.109   +0.866  +13.219   -0.819   -0.918   +0.159   +0.505
    -0.570   +1.313   -1.331   -0.102   -0.793   -0.871   +1.687   -0.281
    +0.304   +0.174   -0.308   -0.031   -1.167   -1.078   +1.803   -1.423
    -0.066   -3.677   -0.937   -0.383   +0.553   -6.064   -0.462   +2.236
    -0.659   +0.348   +0.628   +3.245   -0.811   -0.484   -1.377   +3.451

--- station 6 · head 6 ---
token 'how' question (strength 13.9):
    -0.509   -1.620   +0.612   +1.196   +1.632   -0.176   -1.895   -1.186
    -2.264   +0.096   +0.021   -1.377   -0.891   +0.121   +0.032   -0.402
    -0.969   -1.713   -1.335   -0.064   +0.490   +0.238   -0.953   -0.935
    +0.635   +0.490   -0.073  +11.504   -0.060   +0.659   +0.661   +0.182
    +0.626   -0.840   -0.441   -1.424   -0.557   -1.194   +0.209   -0.158
    -0.100   -0.114   -1.883   -0.417   +0.633   -2.166   +0.232   -0.213
    -0.265   -0.834   +0.104   -1.963   -1.010   -3.216   +0.166   -0.224
    -0.357   -0.014   +0.278   +0.999   -0.794   +0.278   +0.585   -0.317
token ' are' question (strength 15.1):
    +0.792   -0.804   -0.765   +0.557   +1.121   -1.813   -0.206   +0.353
    -1.887   +0.600   +0.168   -0.295   -1.073   -0.631   +0.446   -0.989
    -0.308   -1.213   -2.891   -0.973   +0.992   -0.552   -0.350   +0.094
    +0.869   -0.206   +0.002  +12.084   +0.241   -0.617   +0.807   +0.928
    -0.441   +0.441   -1.099   -0.864   -1.124   -0.529   +0.732   +0.467
    -0.528   +0.201   -0.734   -0.545   +1.395   -1.771   +0.558   -1.240
    -0.136   -1.094   +0.666   -1.852   -1.414   -5.002   -0.560   +0.240
    -0.165   +0.054   -1.226   +1.643   -0.958   -0.306   -0.860   +0.949
token ' you' question (strength 15.4):
    +0.647   -0.751   -0.556   +0.839   +1.037   -1.684   -0.803   -0.891
    -2.425   +0.824   -0.027   -0.023   -0.654   -0.478   +0.368   -0.618
    -0.705   -1.379   -3.059   -0.314   +2.083   -1.319   +0.012   -0.345
    +0.724   +0.002   +0.786  +12.213   +0.302   -0.704   +0.641   +0.681
    +0.469   -0.272   -1.091   -1.185   -1.472   -0.730   -0.416   +0.081
    -0.334   -0.493   -1.484   -0.147   +0.998   -2.202   +1.126   -0.976
    +0.143   -1.333   +0.218   -2.035   -1.037   -4.472   -0.179   +0.653
    +0.593   +0.312   +0.169   +2.429   -0.528   +0.017   -0.445   +1.135

--- station 6 · head 7 ---
token 'how' question (strength 14.2):
    +0.600   +0.907   +1.247   +0.609   -0.498   +1.389   -0.184   +0.211
    -1.421   -0.219   -0.163   -0.985   +0.498   +1.435   -1.170   -0.625
    -0.181   -0.492   -0.499   +0.920   +1.077   +1.876   +1.144   +0.249
    +0.646   +0.335   -0.050   +0.226  -11.872   +0.779   -0.608   -1.435
    -0.930   -0.840   -0.347   +0.876   -0.078   +0.308   -0.447   -0.864
    -0.455   -0.636   -0.418   -0.593   -0.126   -0.588   -1.226   +0.507
    +0.943   +1.652   -0.680   +0.836   +0.646   +0.507   +0.604   +0.638
    -0.099   +1.286   -0.006   -0.569   -4.011   -1.132   +0.952   +1.882
token ' are' question (strength 17.0):
    +0.485   +0.806   +1.228   +0.685   -0.626   +0.858   +0.097   -0.087
    -0.542   +0.555   -0.226   +0.259   -0.210   -0.721   +0.994   +0.870
    +0.807   +0.207   -0.683   +3.055   +0.798   +2.247   +0.038   -0.264
    -1.122   -1.404   -1.712   -1.185  -14.302   +1.312   -1.906   +0.588
    -0.681   -0.574   -0.493   +0.914   +0.459   +0.344   -0.347   -0.235
    -1.194   +0.324   -0.009   +0.264   -1.010   -0.526   -0.591   +0.644
    +0.245   +2.246   +0.319   +0.164   +0.435   -0.056   -0.128   +0.376
    -0.138   +0.529   +0.688   -1.515   -4.068   -0.959   +2.103   +3.318
token ' you' question (strength 17.6):
    +0.416   +0.684   +0.770   +0.334   -0.386   +0.569   +0.439   +0.164
    -1.048   +0.145   -0.683   +0.175   +0.373   +0.597   -0.151   +0.311
    +0.989   -0.732   -1.267   +1.445   +0.808   +2.720   +0.165   +0.023
    -0.093   -1.385   -2.066   -2.544  -14.970   +0.760   -1.127   -0.083
    -0.185   -0.346   -0.205   +0.635   -0.003   +0.670   -0.344   -0.081
    -0.738   -0.368   -0.521   +0.336   -0.553   -1.222   -0.978   +1.074
    +1.011   +1.857   +0.682   +0.612   +0.046   +0.090   +1.006   +0.337
    -0.156   +0.089   +1.317   -1.820   -4.262   -1.314   +1.370   +3.872

--- station 6 · head 8 ---
token 'how' question (strength 12.6):
    -0.429   +0.114   +0.651   +1.490   -1.015   +1.335   -0.678   -0.497
    -0.835   -0.540   -0.934   -0.512   -0.195   +0.569   -1.592   -0.217
    +0.019   +0.451   -0.619   +0.899   +0.086   -0.329   -0.376   +0.133
    +0.924   -0.206   +0.036   +1.378  -10.786   +0.039   -1.555   -0.960
    -0.854   -1.166   -1.331   +0.669   +0.834   -0.882   -0.978   -0.748
    -0.615   +0.192   +0.462   -0.360   -0.483   -0.863   -0.313   -0.498
    +0.158   +1.647   -1.213   +0.247   +1.720   -0.313   -0.049   +1.526
    +0.893   +0.452   -0.698   -0.430   -0.442   -0.172   -0.703   -1.216
token ' are' question (strength 17.0):
    +0.050   +0.318   +0.643   +0.673   -1.055   +0.838   -0.001   -0.173
    -1.127   +0.244   -0.829   +0.549   -0.453   -0.663   +0.098   +0.801
    -0.094   -0.877   -0.694   +5.120   +0.738   +1.110   -0.564   -0.267
    -0.847   -0.593   -0.811   -0.257  -14.275   +1.603   -1.199   +0.506
    -0.324   -0.667   -0.549   +0.601   +0.523   +0.098   -1.307   -0.092
    -0.923   +1.038   +0.763   -0.485   -1.894   -0.615   +0.363   -0.036
    -0.036   +3.892   -0.191   +0.692   +0.032   -0.345   +0.274   +0.656
    -0.002   +1.056   +0.334   -0.097   -2.778   +1.408   +0.789   +2.478
token ' you' question (strength 15.6):
    +0.224   +0.319   +0.663   +0.379   -0.785   +0.484   +0.116   -0.104
    -0.460   -0.303   -0.823   -0.239   +0.640   +0.493   -0.569   +0.241
    +0.346   -0.992   -0.317   +3.276   +0.951   +1.401   -0.637   +0.425
    -0.382   +0.380   -1.572   -1.519  -13.131   +0.230   -2.806   +1.635
    -0.287   -0.511   -0.344   +0.708   +0.068   +0.348   -1.239   +0.006
    -0.995   +0.563   +0.197   -0.470   -1.169   -1.354   +0.869   -0.039
    +0.678   +2.149   -0.192   +1.313   +0.399   +0.542   -0.298   +0.628
    -0.913   +0.605   +2.029   +0.217   -2.005   +0.867   -0.245   +3.005

--- station 6 · head 9 ---
token 'how' question (strength 24.7):
    +1.093   -0.592   -2.662   -5.455   +0.833   -1.308   +1.192   +4.321
    +0.069   -0.219   -0.679   +1.229   +3.710   +2.159   -0.085   +0.734
    +1.112   +0.932   +0.343   +0.969   -0.192   +3.935   -0.509   +1.170
    +0.147   +0.146   +0.303   -0.174  -17.339   +0.044   +1.468   +0.037
    +9.249   +6.083   +1.905   +1.057   +0.435   +3.126   +0.284   +1.062
    -0.762   -4.077   +0.607   -0.778   +1.672   -1.191   +0.981   +1.638
    +1.021   +3.311   +0.364   +2.007   -0.345   -0.085   -0.136   +0.969
    +0.256   -0.143   +0.233   -0.118   -3.603   -0.336   -1.389   +2.744
token ' are' question (strength 25.3):
    +0.691   -1.465   -0.608   -6.067   -0.636   -2.274   +1.866   +4.553
    +0.105   -1.984   -0.927   +0.320   +2.718   +2.476   -0.206   +0.175
    +0.664   -0.882   +0.104   +1.172   +0.414   +3.960   +0.201   +0.865
    +0.107   -0.690   -0.768   -0.417  -18.088   +0.629   +0.868   +1.145
    +8.783   +7.209   +1.327   +1.155   +1.381   +2.535   +0.191   +1.773
    -0.391   -3.066   +0.968   -0.981   +1.520   -0.812   +0.867   +2.113
    +1.241   +2.398   +0.394   +1.976   +0.644   -0.841   -1.177   +0.731
    +0.069   +0.554   -0.293   +0.952   -4.101   +0.496   +0.020   +2.362
token ' you' question (strength 23.8):
    -0.155   -0.522   +0.902   -5.473   -1.176   -0.512   +2.387   +3.557
    +0.009   -1.934   +0.128   -0.014   +2.695   +2.055   -0.619   +0.204
    +0.803   +0.294   +0.372   +1.053   +0.248   +3.543   +0.142   +0.716
    +0.035   +0.272   -1.247   -0.886  -17.521   +0.426   +0.481   +0.917
    +8.018   +6.094   +0.479   +1.195   +0.707   +2.726   +0.266   +2.192
    -1.377   -2.976   +0.785   -2.126   +0.390   -0.775   +1.135   +1.322
    +1.140   +2.913   +0.531   +2.213   +1.423   -0.589   -0.457   +0.217
    -0.068   -0.184   +0.321   +0.193   -4.094   +0.675   +0.224   +1.848

--- station 6 · head 10 ---
token 'how' question (strength 16.5):
    +1.057   +1.010   +0.884   -0.158   -0.889   +1.180   +0.228   +0.434
    +0.373   -0.669   -1.662   +0.630   +1.332   +0.572   -0.175   -0.131
    +0.919   +0.494   +0.766   +0.522   -1.061   +2.393   -1.023   -0.110
    -0.495   -0.164   +0.034   -0.329  -15.050   +0.704   +2.242   -0.256
    +0.024   -0.119   +0.349   +1.274   +0.567   +0.756   -0.952   -1.217
    -0.921   -1.144   -0.995   -0.589   -0.813   -0.498   -0.205   +1.543
    -0.785   +1.237   +0.354   +0.413   +0.131   -0.772   -0.193   +0.180
    +0.357   +0.168   +0.432   -0.040   -1.119   +0.332   -0.725   +0.693
token ' are' question (strength 17.4):
    +0.812   +0.895   +0.740   +0.751   -0.819   +0.795   -0.111   +0.077
    +0.174   -0.237   +0.161   +0.404   +0.538   +0.504   +0.325   +0.692
    +0.899   -0.692   +0.878   +1.972   +0.403   +2.740   -0.778   +0.292
    -0.379   -0.481   -0.497   -0.716  -15.556   +0.376   +1.182   +0.686
    -0.258   -0.509   +0.016   +0.765   -0.167   +0.261   -0.935   -1.259
    -1.108   -0.780   +0.163   -0.707   -1.388   -0.280   -0.337   +1.419
    -0.779   +1.829   -0.383   +1.123   -0.026   -0.604   +0.119   +0.656
    -0.458   +0.365   -0.097   -0.481   -2.601   +1.176   +0.308   +3.394
token ' you' question (strength 18.3):
    +0.605   +0.673   +0.525   +0.887   -0.111   +1.136   +0.816   +0.441
    -0.449   -0.835   -0.052   +0.327   +1.744   +0.282   -0.156   +0.883
    +0.942   +0.258   +0.951   +1.951   +0.904   +2.661   -0.285   +1.080
    +0.082   +0.392   -1.657   -1.505  -16.129   -0.563   +0.749   +0.639
    -0.552   -0.841   +0.051   +0.932   -0.746   +0.302   -0.872   -1.006
    -1.198   -0.523   -0.250   -0.739   -1.020   -0.268   +0.478   +1.562
    +0.821   +1.402   -0.148   +0.545   -0.096   -0.438   +0.284   -0.428
    -0.323   +0.280   +1.402   -0.258   -3.459   +1.056   -0.188   +3.730

--- station 6 · head 11 ---
token 'how' question (strength 15.2):
    +1.180   +1.261   +0.874   -0.162   -0.435   +1.674   +0.083   +1.962
    -0.178   -0.631   -0.871   +0.385   +2.082   +1.169   -0.925   +0.230
    +1.062   +0.235   -0.125   +1.610   +0.002   +2.534   -0.190   -0.626
    +0.254   +0.497   +0.582   +1.222  -12.424   -0.623   -0.910   +0.289
    -0.526   -0.497   -0.075   +1.749   +0.989   +1.226   -0.946   -1.094
    -0.909   -2.032   +0.550   +0.276   +0.178   -0.984   +0.280   +1.100
    +1.178   +2.788   +0.049   +1.823   -0.376   -1.975   +0.558   +0.715
    +0.495   +0.166   +0.243   +0.409   -2.899   +0.174   -0.896   -0.388
token ' are' question (strength 18.6):
    +0.561   +1.677   +1.009   -0.709   -1.288   +1.311   +0.539   +2.300
    -0.073   -0.063   -1.249   -0.098   -0.441   +0.587   -0.500   +0.146
    +0.012   -0.737   -0.294   +3.683   +1.067   +3.487   -0.131   +0.444
    -1.073   +0.130   -1.192   -0.450  -15.252   -0.492   -1.520   +0.433
    -0.184   +0.075   -0.280   +1.863   -0.196   +0.679   -0.305   -0.635
    -1.489   -1.450   -1.469   +1.651   -0.138   -0.347   +0.100   +0.670
    +2.170   +3.068   +1.067   +1.165   +0.261   -2.404   -0.670   -0.025
    +0.850   +0.725   +0.177   +0.703   -3.715   +0.703   -0.573   +2.973
token ' you' question (strength 19.8):
    +0.538   +1.072   +0.853   -0.541   +0.367   +1.471   +0.638   +2.422
    -0.850   -0.585   -1.238   -0.419   +1.409   +0.974   -1.171   +1.203
    +0.967   -1.024   -0.468   +2.283   +1.241   +4.725   +0.591   +0.132
    -0.950   +0.212   -1.302   -0.323  -16.247   -1.514   -1.308   +0.429
    +0.192   +0.114   +0.305   +2.050   +0.157   +1.172   +0.009   -0.457
    -1.846   -1.399   -0.801   +1.210   +0.186   -0.657   +1.305   +1.463
    +3.181   +2.933   +1.237   +2.247   +0.061   -1.484   -0.568   +0.077
    -0.001   -0.057   +0.351   +0.548   -3.814   +0.550   -0.125   +3.208

--- station 6 · head 12 ---
token 'how' question (strength 18.2):
    +2.499   +1.995   +2.618   +0.268   -2.082   +2.524   +0.696   +1.458
    +0.510   -1.433   +0.253   -0.281   +3.173   +0.626   -0.099   +0.063
    -0.129   +0.243   -0.786   +1.769   -0.758   +3.809   +0.161   -0.056
    -0.349   +0.612   -0.039   +0.110  -14.645   -0.091   -0.019   +0.500
    -0.856   -0.347   +0.965   +2.750   -0.914   +0.932   -0.625   -2.242
    -0.520   -2.329   -0.834   -0.673   -1.778   -0.413   +0.380   +2.687
    -0.346   +2.904   +0.204   +1.036   -1.030   -1.369   -0.695   -0.212
    -0.532   +0.527   +0.013   -0.137   -2.540   -0.033   -0.391   -0.643
token ' are' question (strength 19.1):
    +1.465   +1.987   +2.057   +0.120   -1.357   +2.071   -0.135   +1.916
    +0.015   +0.993   +0.491   +0.036   +1.292   +1.297   +0.277   +0.523
    -0.003   -1.109   -0.091   +2.940   +0.157   +2.766   -0.485   -0.629
    +0.520   -0.372   +0.157   -0.240  -16.424   -0.481   -0.222   +0.403
    -0.352   -0.071   +0.553   +2.480   -0.849   +1.203   -0.365   -1.749
    -0.967   -2.061   -1.555   -0.139   -0.964   -0.601   -0.696   +0.703
    +0.805   +3.058   +0.156   +1.999   -0.156   -1.704   -0.609   +0.177
    -0.280   -0.400   +0.223   +0.089   -3.273   -0.259   +0.707   +1.148
token ' you' question (strength 21.0):
    +1.129   +1.662   +1.506   -0.332   -0.419   +1.699   +1.257   +2.620
    -1.278   +0.418   +0.194   +0.126   +3.968   +1.168   +0.256   +1.236
    +0.108   +0.001   -0.399   +2.110   +0.071   +4.768   -0.711   -0.833
    -0.247   -0.043   +0.260   -0.692  -17.277   -0.629   -1.572   +0.891
    -0.286   -0.276   +1.044   +2.418   -1.704   +1.813   +0.121   -0.821
    +0.156   -2.045   -2.513   -0.071   -0.943   -1.483   +0.371   +1.090
    +0.215   +2.529   +0.058   +3.471   -0.050   -1.444   -0.364   +0.172
    -0.266   -0.424   +1.021   +0.102   -3.215   -0.285   +0.196   +2.783

--- station 6 · head 13 ---
token 'how' question (strength 13.4):
    +0.459   +0.742   +0.353   +0.114   +0.454   +0.548   +0.216   +0.910
    -0.994   +0.417   -0.446   +0.033   +0.543   +1.754   -2.026   -0.116
    +1.346   +0.100   -0.207   +2.129   +0.082   -0.465   +0.586   +0.613
    +0.056   -1.126   +0.021   +0.165  -10.431   +1.569   -3.719   -0.088
    -0.346   -0.318   -0.096   +0.697   +0.032   +0.573   -0.464   -0.261
    -0.541   -1.394   +1.145   +0.192   +0.774   -1.486   -0.211   +0.688
    +1.502   +2.039   -0.798   +0.271   +0.078   -1.603   +0.226   +0.609
    +0.232   +0.756   -0.738   +1.380   -1.840   +1.706   -1.544   +2.183
token ' are' question (strength 17.4):
    +0.676   +0.684   +0.365   -0.650   +0.195   -0.200   +1.173   +1.029
    +0.035   +0.780   +0.439   +0.005   +0.457   +0.989   +1.648   +0.554
    +0.434   +0.583   -1.224   +4.172   +0.226   +2.178   +1.079   +0.846
    +0.726   +0.920   -1.492   -0.287  -13.434   +0.877   -3.743   +2.761
    +0.109   +0.276   +0.659   +0.583   +0.282   +0.949   -0.890   +0.327
    -0.387   -0.210   -0.513   -0.427   +0.071   -1.846   +1.124   -0.260
    +2.261   +4.456   +1.399   +1.333   +0.539   -0.882   -0.791   +0.850
    -1.863   +0.625   +0.213   +0.470   -2.697   +0.384   -0.103   +3.184
token ' you' question (strength 16.0):
    +0.434   +0.257   +0.404   -0.393   -0.029   -0.212   +1.052   +0.461
    +0.632   +0.142   -0.290   -0.493   +1.359   +0.710   +0.641   -0.635
    +0.659   -1.052   -0.308   +3.337   -0.578   +2.043   +0.587   +0.472
    +0.333   +1.880   -1.987   +0.037  -12.385   +1.193   -2.668   +2.585
    +0.184   +0.211   +0.220   +0.376   -0.322   +0.836   -1.154   +0.385
    -0.542   -0.441   +0.004   -0.244   +0.514   -2.168   +0.604   -0.191
    +2.402   +3.828   +1.241   +0.527   -0.228   -0.325   +0.484   +0.455
    -2.124   -0.549   +1.155   +0.282   -2.341   -0.067   +0.294   +3.577


############ STATION 7 ############

--- station 7 · head 0 ---
token 'how' question (strength 11.2):
    +0.268   -0.674   -0.702   -0.234   +0.517   -0.862   +1.003   -0.107
    +0.962   -1.435   -0.761   -0.682   -1.000   +1.086   +1.506   +0.815
    -0.036   -0.077   -0.140   -0.093   -1.037   +0.041   +0.420   -0.625
    -1.314   +2.277   +0.900   -0.222   -0.329   +0.578   +0.504   +0.194
    +1.007   +0.826   -0.519   +0.690   -0.969   -0.462   +0.753   -1.190
    +1.396   -1.241   +0.887   -1.616   +1.020   -1.140   -0.845   +1.290
    -0.264   +2.626   +0.323   +0.622   +0.863   -0.252   +0.258   -0.100
    -8.596   -0.084   +0.435   +0.014   +0.352   -1.433   +0.259   -0.764
token ' are' question (strength 13.3):
    +0.183   -0.366   -0.737   -0.012   +0.448   -0.629   +0.651   -0.015
    +0.626   -1.266   -0.448   -0.746   -1.760   +1.377   +2.585   +1.381
    +0.992   -0.668   +0.560   -0.933   -0.456   -0.683   +0.316   -0.741
    -1.188   +1.456   -0.208   -0.553   +1.111   +0.099   -0.572   -0.795
    +0.750   +0.681   -0.314   +0.775   -0.775   -0.619   +0.636   -0.644
    +0.822   -1.306   +0.902   -1.210   +1.037   -0.388   +0.411   +3.161
    +0.509   +4.416   -0.365   +1.452   -0.196   +0.955   -1.783   +0.052
    -9.975   +0.040   -1.192   +0.693   +0.257   -0.077   -1.424   +0.334
token ' you' question (strength 14.8):
    +0.010   -0.209   -0.455   +0.282   +0.082   -0.681   +0.752   +0.099
    +0.519   -0.836   -1.163   -0.589   -2.003   +1.241   +0.564   +1.184
    +0.553   -0.995   +1.532   -1.933   -1.270   -0.691   -1.450   +1.332
    -0.943   -0.870   -0.494   -0.071   +2.079   -1.151   -1.397   -1.010
    +0.380   +0.418   -0.062   +0.318   -0.737   -0.435   +0.872   -0.953
    +1.106   -1.834   +0.754   -1.752   +1.060   -1.342   +0.839   +1.157
    +1.357   +3.176   -1.468   +2.390   -1.241   +1.751   -0.212   -0.406
   -11.483   -1.872   -0.513   +1.701   +0.066   +0.535   -1.745   +0.556

--- station 7 · head 1 ---
token 'how' question (strength 15.2):
    -1.137   -0.758   +0.932   -1.644   +1.795   +2.010   -1.254   +2.495
    -3.003   +1.900   -0.621   +2.132   -0.419   +0.104   -1.509   -2.331
    +0.309   -3.259   +0.103   -0.645   -0.520   -0.116   +0.117   +0.026
    +0.830   +1.445   -0.315   -0.034   +0.036   -0.136   +0.015   +0.078
    -0.179   -0.741   -0.341   -0.602   +0.617   -1.369   +2.445   +0.793
    +0.657   +0.044   -1.994   -0.169   -1.943   +2.270   +2.092   +0.115
    +0.256   +0.551   +0.131   -0.043   -1.138   +0.602   -0.045   -0.025
   -11.832   +0.244   +0.162   +0.162   +0.025   +0.110   -0.080   +0.722
token ' are' question (strength 14.6):
    -1.008   -0.346   +1.169   -0.380   +1.151   +1.368   -1.344   +1.373
    -2.535   +1.913   -0.493   +1.676   +0.664   +0.625   -0.333   -2.568
    +0.353   -3.531   -0.578   -1.372   -0.980   +0.459   +0.112   -0.415
    +1.011   +0.132   +0.072   +0.199   -0.962   -0.343   -0.171   +0.053
    -0.008   -0.949   -0.262   -0.339   +0.535   +0.159   +0.824   -0.431
    +1.463   +0.814   -1.722   +0.677   -1.766   +2.549   +1.499   -0.231
    +0.519   +0.015   +0.014   +0.180   -1.149   +1.159   +0.230   -0.247
   -11.901   -0.502   -0.368   -0.224   -0.025   +0.220   +0.059   +0.534
token ' you' question (strength 14.7):
    -0.159   -0.556   +0.518   -1.468   +1.037   +2.245   -1.174   +1.307
    -2.449   +2.022   -0.218   +1.615   +0.952   -0.706   +0.055   -2.689
    +0.404   -2.947   -0.535   -0.905   -0.600   +0.276   +0.644   -0.497
    +1.234   -0.011   +0.180   +0.062   -1.213   -0.016   +0.062   -0.006
    -0.066   -0.477   -0.494   -0.700   +0.629   -0.143   +0.784   +1.230
    +1.424   +0.410   -2.146   +1.013   -1.675   +1.685   +2.216   -0.511
    +0.409   +0.372   -0.071   -0.319   -0.763   +1.098   -0.478   -0.455
   -11.973   -0.356   -0.497   +0.019   -0.130   +0.114   +0.158   +0.342

--- station 7 · head 2 ---
token 'how' question (strength 11.4):
    -0.311   -0.443   +0.252   -0.789   +0.995   +0.623   -0.457   +0.321
    -1.111   -0.043   +0.270   +1.156   -0.385   +0.525   +0.662   -1.029
    -0.144   -2.090   +0.261   -0.251   -1.445   +0.783   +1.088   -0.155
    -1.269   +2.924   +0.042   -0.496   -0.465   +0.490   +0.184   +0.869
    -0.014   -0.339   -0.687   -0.065   +0.378   -0.926   +0.806   +0.308
    +0.453   +0.281   -1.174   -0.081   -0.855   +1.405   +0.761   +0.585
    +0.112   +1.738   +0.733   +0.411   -0.978   +1.532   -0.792   -0.655
    -9.175   +0.176   -0.436   -0.789   +1.292   +0.287   +0.087   +0.083
token ' are' question (strength 13.2):
    -0.252   -0.527   +0.569   -0.641   +0.916   +0.348   -0.617   -0.226
    -0.720   -0.284   +1.125   +0.609   -1.651   +1.755   +1.477   -0.615
    +0.073   -1.530   +1.257   +0.480   -2.109   -0.395   +0.426   -0.708
    -0.297   +1.104   +0.980   -0.441   -0.699   -0.667   -0.401   -1.035
    +0.199   -0.081   -1.019   +0.028   +0.179   -0.471   +0.486   +0.185
    +0.683   +0.147   +0.084   +0.074   -0.748   +1.375   +0.510   +2.179
    -1.304   +2.758   +0.293   +1.498   -0.188   +2.935   +0.415   -0.659
   -10.446   -0.885   -1.089   +0.242   +0.660   +0.451   +1.122   +1.572
token ' you' question (strength 14.4):
    -0.135   -0.382   +0.347   -0.462   +0.572   +0.644   -0.367   -0.297
    -0.752   +0.258   +0.033   +0.982   -1.931   +1.422   +1.025   -1.324
    +0.259   -2.207   +2.172   -0.437   -2.332   +0.034   -0.936   -0.762
    -0.422   -0.305   +1.189   -1.714   +0.673   -1.759   -0.999   -0.991
    -0.080   -0.146   -0.645   -0.183   +0.376   -0.462   +0.379   -0.084
    +0.192   +0.130   +0.015   +0.331   -1.493   +0.564   +0.393   +1.180
    -0.510   +2.413   -0.514   +2.085   -1.628   +3.259   +0.558   -1.316
   -11.443   -0.384   +0.327   +1.329   -0.869   -0.243   +1.744   +0.464

--- station 7 · head 3 ---
token 'how' question (strength 10.7):
    -0.012   -0.653   -0.166   -0.882   +0.910   +0.081   -0.225   +0.475
    -0.591   -0.070   -0.052   +0.810   -0.422   +0.745   +0.581   -0.653
    +0.953   -1.308   +0.297   -0.595   -0.731   +0.483   +0.541   -0.042
    -0.944   +3.055   -0.139   -0.592   -0.650   -0.167   -0.762   -0.055
    +0.341   +0.206   -0.578   +0.393   -0.239   -0.917   +0.783   -0.253
    +0.539   -0.032   -0.895   -0.409   -0.701   +0.552   +0.967   +1.535
    +0.473   +1.740   +0.166   +0.453   -1.041   +1.018   +0.108   +0.033
    -8.845   -0.305   +0.513   -0.075   +1.094   +0.080   +0.408   +0.700
token ' are' question (strength 12.2):
    +0.058   -0.730   -0.118   -0.680   +0.807   +0.008   -0.243   -0.013
    -0.671   -1.179   +0.937   +0.448   -0.740   +2.458   +1.878   -0.066
    +1.050   -1.026   -0.414   -0.499   -1.716   +0.573   +0.195   -0.466
    -0.888   +1.687   +0.513   -0.070   -1.327   -0.639   -1.341   -0.731
    +0.663   +0.261   -0.793   +0.235   -0.199   -0.601   +0.398   -0.067
    +0.457   -0.177   +0.573   -0.390   -0.041   +0.314   +0.675   +2.253
    -0.160   +2.795   -0.168   +1.076   -0.035   +1.623   +0.600   -0.350
    -9.827   -0.157   -1.264   +0.182   +0.446   +0.289   +0.567   +1.070
token ' you' question (strength 12.1):
    +0.034   -0.317   -0.198   -0.521   +0.703   +0.118   -0.064   -0.166
    -0.675   -0.510   -0.380   +0.451   -0.478   +0.970   +1.925   -1.447
    +1.382   -1.405   -0.426   -0.331   -0.794   +0.372   +0.771   -1.705
    +0.320   +1.000   +0.811   -0.474   -1.535   -0.179   -1.098   +0.036
    +0.227   +0.342   -0.514   +0.254   -0.219   -0.655   +0.529   -0.198
    +0.486   -0.681   +0.210   -0.736   -0.182   +0.571   +1.641   +1.632
    -0.469   +2.522   -0.479   +0.416   +0.337   +1.466   -0.185   -0.003
   -10.210   -0.188   -0.940   -0.081   +0.240   +0.194   +0.319   +1.045

--- station 7 · head 4 ---
token 'how' question (strength 21.1):
    -4.488   +2.138   +2.705   -1.791   +1.388   +1.635   -4.609   -0.267
    -2.131   +1.075   -0.227   +1.858   -0.103   -0.395   -1.740   -2.457
    +0.216   -3.486   -0.060   -0.524   -0.171   -0.712   -0.050   +0.430
    +2.097   +0.061   -0.560   +0.026   +0.549   +0.266   +0.370   +0.762
    -4.731   -5.758   -4.212   -5.193   +3.716   +0.459   +1.872   +1.250
    -0.815   +0.429   -2.704   -0.321   -1.551   +1.412   +0.339   -1.542
    +0.096   -0.960   +0.147   -0.444   -1.353   +1.087   +0.078   +0.310
   -14.338   -0.475   +0.499   -0.480   +0.219   +0.767   +0.316   -0.047
token ' are' question (strength 21.2):
    -5.342   +2.561   +2.881   -2.444   +0.794   +0.203   -5.460   +0.846
    -1.787   +1.133   -0.049   +1.432   +0.879   +0.090   -1.297   -2.346
    -0.181   -3.571   -0.642   -1.297   -0.389   +0.143   -0.193   +0.300
    +2.047   +0.408   -0.208   +0.116   +0.420   +0.063   +0.071   +0.394
    -3.907   -5.877   -4.890   -3.497   +3.219   +1.460   +1.064   +1.434
    +0.287   +1.043   -2.180   +1.266   -1.593   +2.195   +0.569   -1.180
    +0.353   -0.407   -0.261   +0.099   -1.658   +1.458   +0.539   +0.245
   -14.543   -0.736   +0.333   +0.077   -0.200   +0.009   +0.168   -0.216
token ' you' question (strength 21.7):
    -3.941   +1.346   +2.306   -3.445   +1.335   +1.590   -5.320   +1.213
    -1.870   +1.324   +0.350   +0.734   +1.102   -1.325   -1.326   -3.304
    -0.252   -4.350   -0.637   -1.052   -0.728   -0.051   +0.474   -0.093
    +2.099   +0.696   +0.090   +0.153   +0.012   +0.396   +0.224   +0.291
    -3.839   -5.168   -5.221   -5.288   +3.749   +0.480   +1.425   +1.962
    +0.946   +0.654   -2.579   +1.314   -1.588   +2.002   +1.636   -0.945
    +0.204   -0.299   -0.026   -0.075   -0.954   +1.023   +0.162   +0.114
   -14.655   -0.512   -0.043   -0.075   +0.100   -0.234   +0.168   -0.211

--- station 7 · head 5 ---
token 'how' question (strength 15.7):
    -0.158   -1.477   +0.093   -2.484   +3.430   -0.873   +0.439   +1.624
    -1.685   +0.614   -0.745   +1.132   -0.397   +0.961   +0.826   -2.013
    +0.414   -2.838   -0.078   -0.921   -1.196   +0.383   -0.022   -0.135
    -0.011   +1.183   +0.453   -0.032   +0.241   +0.495   +1.018   -0.017
    +1.266   +0.169   -2.250   +0.494   -0.144   -3.941   +2.344   -1.422
    +3.076   -2.009   -1.087   -0.208   -1.532   +1.945   +1.326   +0.788
    +0.030   +0.683   -0.128   +0.506   -0.991   +0.432   +0.253   -0.777
   -11.848   +0.184   -0.211   -0.293   +0.331   -0.489   +0.212   -0.402
token ' are' question (strength 15.0):
    -0.455   -1.992   +0.247   -2.469   +3.016   -1.196   +0.098   +0.456
    -1.276   +0.087   +1.451   -1.025   -0.941   -0.269   -0.247   -2.076
    +0.517   -3.098   +0.469   -1.183   -0.685   -0.303   +0.189   -0.542
    +0.227   +0.355   +0.177   -0.056   +0.619   -0.621   +0.168   -0.472
    +1.592   -0.431   -2.548   +0.210   -0.335   -2.644   +1.185   -0.382
    +2.775   -0.505   +0.281   -1.797   -1.198   -0.279   +2.276   +1.624
    +0.831   +2.354   +0.471   +0.999   -0.507   +0.972   -0.394   -0.016
   -11.402   -0.107   -0.970   +0.499   +0.161   +0.367   -1.105   +0.295
token ' you' question (strength 17.3):
    -0.185   -1.164   -0.423   -2.374   +2.996   -0.533   +0.127   +0.323
    -1.526   +1.551   -0.808   -0.623   -0.586   +1.990   -0.495   -1.424
    +0.316   -3.978   +1.080   -2.580   -1.173   -0.663   -1.083   +0.907
    +0.294   -1.202   -0.054   -0.120   +1.174   -1.011   -0.449   -0.978
    +0.599   +0.342   -1.837   +0.245   -0.333   -2.856   +2.086   -1.450
    +1.985   -1.753   +0.751   -1.553   -2.269   +1.476   +1.131   +1.507
    +0.859   +2.271   -0.257   +1.306   -1.681   +2.015   +0.156   +0.204
   -13.277   -1.892   -0.079   +1.077   +0.064   +0.609   -1.366   +0.506

--- station 7 · head 6 ---
token 'how' question (strength 17.4):
    -2.821   -1.763   +2.773   -4.018   +3.911   +2.091   -2.205   +1.193
    -2.736   +1.259   -0.741   +1.393   -0.032   -0.196   -1.309   -2.260
    +0.126   -3.344   -0.514   -0.939   -1.063   +0.319   +0.431   -0.136
    +1.033   -0.180   -0.034   +0.094   +0.453   -0.253   +0.864   +0.698
    -1.249   -2.180   -2.892   -0.700   +2.105   -0.645   +1.276   +0.844
    +0.180   -0.073   -2.477   -0.164   -1.056   +1.286   +1.475   -0.330
    +0.264   -0.497   +0.323   +0.091   -1.264   +0.574   +0.599   -0.391
   -12.984   +0.294   -0.503   +0.146   -0.275   -0.250   -0.217   +0.004
token ' are' question (strength 17.5):
    -3.655   -2.210   +2.340   -3.273   +4.039   +1.171   -3.036   +0.719
    -2.960   +1.065   +1.703   +0.669   +0.551   -1.502   -1.901   -2.597
    +0.011   -3.798   +0.412   -1.141   -1.099   -0.247   +0.143   +0.101
    +1.145   -0.127   +0.007   +0.115   +0.593   -0.011   +0.410   +0.066
    -0.927   -2.358   -3.672   -0.636   +1.502   +0.244   +0.438   -0.555
    +0.857   +1.060   -1.001   +0.243   -1.151   +0.774   +1.413   -0.073
    +0.237   +0.775   -0.018   +0.298   -1.458   +1.123   -0.130   -0.447
   -12.824   -0.630   -0.467   -0.118   -0.061   +0.278   -0.216   +0.134
token ' you' question (strength 18.5):
    -2.173   -2.296   +1.888   -4.191   +4.265   +1.281   -3.069   +1.079
    -2.817   +1.384   +1.757   +0.982   +0.243   +0.750   -1.665   -1.635
    +0.148   -3.369   +0.710   -1.642   -1.079   -0.164   -0.527   +0.415
    +1.277   -1.094   -0.013   -0.101   +1.242   -0.641   +0.221   -0.113
    -0.736   -2.391   -4.225   -1.292   +1.357   -0.452   +0.823   +0.464
    +0.794   +1.674   -1.095   -0.096   -1.301   +1.321   +0.715   -0.065
    +0.875   +0.595   +0.115   +0.189   -1.901   +1.534   +0.173   -0.323
   -13.866   -1.337   -0.042   +0.601   +0.102   +0.455   -0.121   -0.063

--- station 7 · head 7 ---
token 'how' question (strength 16.4):
    -0.478   +0.154   -0.320   +0.366   -0.350   +0.759   -1.004   +0.836
    -1.846   +0.074   -1.534   +0.378   -0.582   +1.083   +0.139   +2.850
    +0.274   +1.402   -0.365   +0.202   -0.521   -0.249   +0.795   -0.896
    -0.562   -7.729   -0.243   -0.716   +0.055   -7.025   -0.088   +0.357
    -0.194   +0.386   +1.174   +0.432   +1.002   -0.075   +0.734   +1.070
    +0.036   +1.541   +0.242   +1.116   -0.938   +1.292   -0.286   +0.262
    -1.267   -0.263   -0.215   +4.301   +0.724   -0.342   -0.110   +0.156
    -0.396   +0.784   +0.393   -0.132   -0.333  +10.116   +0.433   +0.368
token ' are' question (strength 15.0):
    -0.545   -0.362   -0.626   +0.346   -0.782   -0.261   -0.901   -0.312
    -1.189   -0.762   -0.565   +0.799   -0.156   +0.495   +0.288   +2.958
    -0.072   -0.829   +0.267   +2.044   -0.366   +0.107   +0.473   -0.529
    -0.262   -6.831   +0.288   -0.143   -0.128   -6.792   +0.161   +0.506
    -0.009   +0.464   +0.611   +0.039   +0.480   +0.411   +0.451   +0.638
    -1.089   +0.757   -0.698   +0.560   -0.273   -0.788   -0.421   -0.605
    -0.250   -1.206   -0.242   +2.572   -0.572   -1.616   +0.162   -0.311
    -0.709   +2.057   +0.067   -0.853   -0.272   +9.447   +0.174   +0.830
token ' you' question (strength 16.5):
    +0.024   -0.053   -0.560   +0.286   -0.730   -0.121   -0.857   -0.095
    -1.104   -0.110   -0.723   +0.971   -0.076   +0.790   -0.382   +3.059
    -1.075   +0.586   +0.713   +1.686   -0.558   -0.176   -0.751   -1.422
    -1.163   -6.469   -0.186   +0.622   -0.748   -7.691   -0.261   -1.418
    -0.055   +0.158   +0.778   +0.308   +0.301   +0.571   -0.322   +0.823
    -1.133   +1.751   +0.354   +0.719   +0.778   -0.433   +0.360   +0.740
    +1.083   -1.304   -0.551   +3.180   -0.693   -1.735   -0.093   -1.205
    +0.376   +1.757   -0.255   -0.053   -1.259  +10.545   -1.296   +0.217

--- station 7 · head 8 ---
token 'how' question (strength 15.2):
    -0.242   -0.329   -0.248   +0.248   -0.722   +0.451   -0.467   +0.160
    -1.634   +0.664   -1.801   +0.491   -1.034   +1.114   +0.393   +2.173
    -0.063   +1.122   -0.312   +0.401   -0.831   -0.589   +0.356   -0.062
    -0.074   -6.733   +0.574   -0.678   -0.469   -8.029   +0.756   -0.127
    +0.240   +0.157   +0.973   -0.079   +1.198   +0.637   +0.755   +1.214
    -0.620   +2.556   -0.391   +0.792   +0.288   +1.144   +0.353   +1.904
    +0.188   +1.202   -0.109   +3.331   +0.689   -1.376   +0.256   -0.142
    -0.873   +1.535   +0.585   -0.120   +0.094   +8.086   +0.343   +0.023
token ' are' question (strength 14.4):
    -0.415   +0.192   -0.886   +0.116   -1.058   +0.282   -0.931   -0.683
    -0.716   +0.605   -0.161   +0.586   +0.158   -0.014   +0.646   +1.879
    -0.894   -0.593   +0.593   +2.344   +0.173   +0.330   -0.253   -0.164
    -0.617   -7.077   -0.120   +0.034   +0.152   -7.295   +0.546   +0.172
    -0.258   -0.210   +0.582   -0.281   +0.370   +0.114   -0.087   +0.642
    -1.383   +1.702   -0.888   +0.039   -0.686   -0.178   +1.184   -0.980
    -0.137   -0.754   -0.082   +2.131   -0.082   -0.217   +0.769   -0.154
    -0.635   +2.261   +0.616   -0.723   -0.579   +7.920   -1.333   -0.002
token ' you' question (strength 14.3):
    -0.409   -0.248   -0.787   -0.462   -1.158   +0.258   -0.660   -0.685
    -1.161   +0.459   -0.746   +1.130   +0.092   +1.063   +0.247   +2.608
    -0.539   -0.220   +0.463   +1.449   -0.753   +0.080   -0.390   -0.317
    -0.789   -5.222   -0.796   -0.150   -0.075   -7.957   +0.508   -0.275
    -0.372   -0.198   +0.544   +0.037   +0.169   +0.167   -0.600   +0.789
    -1.148   +1.730   -0.555   -0.048   -0.310   +0.306   +1.189   +1.150
    -0.534   -0.778   +0.491   +1.970   +0.214   +0.077   +1.521   +0.056
    -0.430   +1.316   +0.601   -0.380   -1.349   +8.229   -2.304   -0.517

--- station 7 · head 9 ---
token 'how' question (strength 21.1):
    -1.362   -1.605   -3.779   -2.116   -3.949   +0.729   -3.121   -0.958
    -2.804   +0.786   -2.854   -0.016   +0.766   +2.524   -0.261   +2.278
    -0.261   -0.333   -0.278   +0.532   -1.272   +0.239   +0.756   -0.204
    -0.387   -6.674   -0.606   +0.907   +0.665   -7.601   -0.139   +0.379
    -6.895   -3.494   -1.257   +0.206   +0.205   -0.043   -1.051   +0.848
    -0.629   +0.479   +0.549   -0.183   +1.244   +2.239   +0.767   +1.892
    -1.257   -0.265   +0.383   +4.005   -0.765   -0.206   -0.208   -0.737
    +0.095   -1.238   +0.960   -0.332   -0.820  +12.634   -0.759   +1.456
token ' are' question (strength 20.7):
    -1.046   -0.381   -2.431   -2.449   -4.443   -0.186   -2.146   -0.278
    -2.819   -0.188   -2.499   +0.073   +0.003   +2.919   +0.450   +1.729
    +0.194   +0.358   -0.597   +1.233   -0.492   -1.063   -0.099   -0.487
    -0.252   -7.755   -0.134   +0.915   -0.036   -7.927   +0.377   +0.608
    -6.376   -2.039   -0.639   +0.710   -0.689   +0.546   -1.938   +1.023
    +0.153   +0.271   +0.460   +0.484   +0.656   +1.386   +0.383   +1.658
    -0.253   +0.212   +0.450   +3.925   -0.382   +0.306   -0.548   +0.428
    -0.700   -1.560   +0.281   -1.001   -0.606  +12.503   -0.540   +0.931
token ' you' question (strength 20.3):
    -0.919   +0.379   -2.080   -3.003   -3.862   -0.737   -1.853   +0.398
    -3.134   -1.068   -2.035   +0.206   -1.048   +2.704   +0.390   +1.170
    -0.390   +1.124   -0.422   +1.408   +0.375   -0.660   +0.200   -0.523
    -0.628   -7.656   -1.272   -1.054   +0.148   -7.697   +0.432   -0.562
    -5.822   -1.043   -0.063   +1.884   -0.963   +0.713   -0.197   +1.568
    +0.537   +0.046   +0.133   +0.003   +1.166   -0.182   +0.044   +0.826
    -0.304   -0.577   -0.157   +3.936   -0.242   +0.022   -0.620   +0.434
    -0.251   -1.624   +0.660   -0.683   -1.076  +12.591   -1.062   +0.596

--- station 7 · head 10 ---
token 'how' question (strength 17.3):
    -1.300   -0.449   -0.889   +0.360   -1.168   +0.974   -1.868   +0.010
    -3.491   -0.012   -1.594   +1.856   +0.184   +2.336   +0.457   +2.818
    -1.625   +0.535   +1.207   +1.201   -0.696   -1.158   +0.081   +0.015
    +0.560   -8.540   +0.012   -0.480   +0.074   -8.154   -0.039   +0.713
    -0.478   +0.603   +1.417   +0.340   +1.437   +0.126   +0.074   +1.461
    +0.313   +0.913   -0.572   +1.675   +0.217   -0.607   -0.185   +0.268
    -0.282   -0.419   +0.222   +3.019   +0.435   +0.172   +0.304   -0.267
    -0.486   +1.575   -0.825   +0.940   -0.764   +9.091   -0.875   -0.163
token ' are' question (strength 17.2):
    -1.801   +0.866   -1.772   +0.491   -1.265   +1.022   -0.688   -0.629
    -2.080   -0.472   -1.462   +0.051   -1.625   +0.134   +0.931   +1.406
    -0.962   +0.487   +0.367   +1.573   -0.263   -0.355   -0.705   -0.110
    +0.359   -7.605   +0.629   +0.141   +0.796   -8.118   -1.476   +0.953
    +0.544   +0.676   +1.568   -0.526   +0.756   -0.588   +1.029   +1.176
    -1.022   +1.582   +1.375   -1.705   +0.389   +0.426   +0.116   +0.523
    +0.327   +0.480   +1.016   +3.344   -1.306   +0.867   -0.065   -0.150
    +1.354   +1.873   +1.603   -0.827   -1.594   +9.604   -2.556   +0.404
token ' you' question (strength 17.7):
    -0.733   +0.202   -0.613   -0.860   -0.867   -0.336   -1.769   -0.665
    -3.530   +0.085   -0.924   -0.483   -0.805   +1.301   +0.257   +2.649
    -0.182   -0.202   -0.078   +1.583   +0.081   -0.742   -0.859   -0.499
    +0.502   -6.450   +0.807   -0.991   +1.817   -8.818   -1.257   -0.059
    +0.180   -0.140   +1.515   +0.120   +1.440   -0.613   -0.259   +1.234
    -0.743   +1.802   +2.314   -1.517   -0.252   +0.341   +0.092   +2.326
    +0.534   -0.979   +0.767   +3.988   -0.981   +0.905   +0.695   +0.126
    +0.883   +1.223   +1.429   -0.715   -1.321   +9.869   -2.615   +0.238

--- station 7 · head 11 ---
token 'how' question (strength 12.4):
    -0.387   +0.089   +0.722   +0.484   +0.039   +0.537   +0.108   +0.968
    -0.594   -0.123   -0.837   +0.731   +0.047   +1.274   +1.144   +0.916
    -1.168   +0.018   -0.083   +0.913   -0.781   -1.108   -0.204   -0.044
    -0.293   -3.594   -0.789   -0.051   +0.434   -5.512   -0.196   +0.695
    +0.779   +0.737   +1.113   -0.229   +1.226   -0.289   +0.935   +0.954
    +0.943   +0.669   +0.281   +0.257   -0.072   -0.110   +0.076   +0.550
    +0.482   +0.248   +0.396   +1.021   +1.598   -0.375   -0.113   +0.153
    +0.678   -0.620   +0.350   -0.877   -0.110   +9.071   -0.478   +0.427
token ' are' question (strength 15.1):
    -0.168   -0.341   +0.629   +0.455   +0.425   -0.218   +0.254   +0.241
    -0.277   -0.653   -0.323   +1.305   +0.466   -0.344   +0.445   +1.080
    +0.227   +0.350   +0.159   +2.046   -0.190   -1.580   -0.218   -0.441
    -0.990   -5.057   +0.424   +0.194   -0.649   -5.870   -1.422   -0.425
    +0.461   +0.320   +0.732   +0.079   +0.328   +0.426   +0.304   +0.488
    -0.464   +0.851   -0.245   +0.318   -0.640   -0.847   +0.528   -0.266
    +0.986   -0.850   +1.091   +1.097   -0.758   +0.752   -0.702   +1.207
    -0.256   -0.451   +0.030   -0.428   -0.574  +11.496   -2.560   +0.330
token ' you' question (strength 14.0):
    +0.030   +0.183   +0.627   +0.308   +0.205   -0.133   +0.074   +0.046
    -0.343   -0.834   -0.528   +0.638   -0.076   +0.574   -0.303   +1.148
    +0.605   +1.165   +0.851   +1.384   +0.286   -1.535   -0.398   -0.395
    -0.896   -3.966   -0.189   -0.828   -0.314   -6.796   +0.228   -1.397
    +0.584   +0.380   +0.723   +0.130   +0.433   +0.533   +0.048   +0.787
    -0.457   +1.071   -0.156   +0.039   +0.383   -0.675   -0.344   +0.593
    +0.469   -0.325   +0.072   +1.779   -0.924   +0.065   -0.295   +1.231
    +0.986   -0.170   +0.334   -0.711   -1.647   +9.785   -3.155   -0.316

--- station 7 · head 12 ---
token 'how' question (strength 20.0):
    -1.419   -1.939   -1.730   -1.461   -1.693   +0.243   -3.207   +1.805
    -2.677   -0.168   -2.644   +1.318   -0.297   +4.169   -0.072   +2.122
    -0.966   +0.845   +0.136   +0.662   -0.912   +0.049   -0.212   +0.049
    +0.027  -10.451   +0.608   -0.185   +0.111   -8.745   +0.302   +0.497
    -0.678   -0.051   +0.758   +1.380   +0.668   +1.218   +1.350   +0.863
    -0.294   -0.085   -0.676   +1.490   +0.463   +1.295   -0.219   +0.034
    +0.640   -1.797   +0.737   +4.414   -0.546   +0.259   +0.732   +0.619
    +0.069   +0.130   +0.737   +0.400   -0.318  +10.319   +0.364   -0.898
token ' are' question (strength 19.2):
    -1.145   -1.871   -3.208   -1.102   -1.614   +0.919   -2.785   +1.122
    -3.099   +0.449   -3.197   +0.345   -0.619   +4.041   +0.611   +0.647
    -0.159   +0.745   -0.706   +1.102   -0.563   -0.681   -0.691   -0.011
    -0.643   -9.567   +0.589   -1.089   -1.363   -9.299   +0.127   -0.318
    -0.163   -0.227   +1.576   +1.443   +0.599   +0.961   +2.492   -0.040
    -1.106   +0.741   -0.581   +1.248   -0.394   +0.476   +0.859   +2.307
    -0.815   -0.777   +0.085   +2.986   +0.000   -0.430   +0.179   +0.234
    -0.622   +0.247   -0.293   -0.280   +0.264   +9.044   -0.443   -0.803
token ' you' question (strength 21.9):
    -0.386   -2.010   -2.682   -0.320   -1.771   -0.220   -5.389   -0.110
    -3.749   +1.312   -3.203   -0.005   -1.221   +4.445   +0.079   -0.018
    -0.093   -0.093   -1.035   +1.629   -0.331   -0.348   -1.007   -0.449
    -0.162  -10.618   +1.248   -0.423   -1.367  -10.447   -0.156   -0.811
    -0.092   -0.028   +3.158   +1.518   +1.695   +1.713   +1.053   +0.456
    -1.017   +1.708   +0.435   +0.649   -0.797   +0.280   +1.656   +2.507
    -0.105   -1.600   -0.336   +3.575   -0.778   +0.763   -0.137   +1.110
    -0.205   -0.039   -0.233   -0.330   -0.401  +10.100   -1.207   -0.506

--- station 7 · head 13 ---
token 'how' question (strength 13.1):
    +0.578   +1.070   +1.934   +1.457   +1.601   +1.688   +0.787   +0.940
    -0.256   +1.277   -0.197   +0.636   -0.967   +0.283   +1.663   +1.410
    -0.359   +0.066   -0.214   +1.320   +1.206   +0.028   +0.801   +0.326
    -0.234   -3.521   -0.071   +1.954   -0.152   -7.189   -0.017   +0.289
    +0.929   +0.141   +0.453   +0.023   +1.275   -0.529   +1.035   -0.161
    +1.249   +1.337   +0.216   +0.857   +0.638   -0.463   +0.247   -0.244
    +0.772   -0.159   +0.764   +1.453   +0.308   +0.791   +0.959   +0.162
    -0.590   +1.801   -0.413   +0.604   -0.902   +7.618   +0.277   -0.569
token ' are' question (strength 15.6):
    +0.378   +0.791   +1.150   +1.016   +0.951   +0.752   +0.362   +0.341
    +0.043   +1.173   +0.417   +0.522   -0.335   -1.081   +0.328   +0.726
    +1.038   -0.276   +1.070   +3.565   +0.513   -1.305   -0.467   -0.840
    -0.218   -5.264   +0.769   -0.022   -0.478   -8.762   -0.388   +0.893
    +0.654   +0.550   +0.420   +0.322   +0.548   +0.154   +0.795   +0.031
    +0.160   +0.555   -0.471   -0.385   -0.105   -1.850   +0.377   -0.780
    +0.916   -0.847   +0.490   +2.739   +0.468   +1.081   +0.701   +0.426
    -0.375   +1.419   -0.178   -2.221   -1.145   +8.992   -1.143   -1.071
token ' you' question (strength 17.0):
    +0.256   +0.301   +0.982   +0.777   +0.559   +0.775   +0.102   +0.401
    +0.294   +1.099   +0.676   +0.879   -0.058   -0.049   -0.761   +0.994
    +1.999   +0.317   +0.066   +1.509   +0.833   -2.932   -1.431   -0.105
    +0.998   -3.666   -0.429   -4.366   -0.228   -9.670   +0.209   -1.444
    +0.589   +0.399   +0.026   +0.248   +0.396   +0.058   +0.471   -0.810
    +0.063   +0.985   -0.176   -0.258   +0.499   -1.506   -0.276   +0.612
    -0.179   -0.915   -1.288   +2.173   -1.109   +2.189   +1.376   +0.145
    +1.805   +2.121   +1.266   -0.928   -3.441   +9.087   -2.738   -0.640


############ STATION 8 ############

--- station 8 · head 0 ---
token 'how' question (strength 20.5):
    +0.715   -0.488   +0.223   -1.056   -1.704   -2.534   +0.447   -4.305
    +0.155   +1.082   +0.636   -0.453   -1.557   -0.151   -0.297   -0.388
    -0.200   +1.522   -0.051   +0.595   +0.075   +0.002   +0.792   -0.049
    +0.616   -0.277   -0.607   +0.212   -0.812   -0.467   -0.721   -0.110
    -1.380   +1.300   -1.881   +1.716   -1.533   +1.793   -0.046   +1.387
    +0.683   -0.179   -2.130   +1.601   +3.105   +0.487   +2.035   +0.256
    +0.260   -0.066   +0.400   +0.890   +0.077   +0.565   -0.672   +0.116
    +0.298   +1.455  +18.360   -0.558   +0.214   +0.557   +0.178   -0.164
token ' are' question (strength 21.0):
    -0.179   -1.565   +0.984   -1.783   -1.864   +0.286   +0.985   -3.400
    +0.969   +0.526   +1.210   +0.290   -0.060   +1.466   +0.383   -1.200
    -1.123   +1.138   +1.190   +2.189   -0.028   -1.011   +0.167   +0.821
    +1.544   -0.825   -0.757   -0.473   -0.845   +0.984   +0.073   +1.436
    -2.533   +2.210   -1.823   +0.744   +0.162   +1.344   +2.388   +3.617
    +1.037   -0.257   -1.370   -0.128   +1.133   +3.526   +1.383   +0.277
    -0.264   +0.923   -0.099   -0.396   -0.793   +0.613   -1.957   -0.696
    +0.382   +0.654  +18.228   -0.012   -0.005   -0.101   -0.986   +0.762
token ' you' question (strength 22.0):
    +1.194   -1.351   +0.561   -1.104   -1.328   -1.456   -0.408   -3.705
    +1.786   +2.161   +0.396   +0.782   -1.169   +0.929   -0.705   -1.411
    -2.115   +0.234   +1.516   +2.561   +0.682   -0.927   +0.746   +0.893
    +0.435   -0.585   -2.167   -0.060   -1.039   +0.601   -0.521   +1.345
    -1.107   +1.177   -2.172   +1.667   -1.972   -0.284   +0.793   +2.238
    +0.786   -0.128   -0.679   -0.127   +1.804   +2.048   +1.212   +0.639
    -0.696   +0.534   +0.061   -0.398   -0.720   +1.890   -1.321   -0.426
    +0.139   +1.834  +19.458   +0.193   +0.930   -0.836   -0.732   +0.780

--- station 8 · head 1 ---
token 'how' question (strength 15.7):
    +0.099   +0.085   -0.315   +0.619   -1.175   -0.988   +0.611   -1.597
    +0.806   -0.670   -0.884   +0.208   +0.257   +0.601   -0.114   +0.726
    -0.233   +1.173   +1.199   +1.028   +0.652   +0.463   +0.343   -0.775
    +0.954   +0.158   -0.219   +0.743   +1.150   +0.294   +0.192   +0.013
    -0.213   +0.395   -1.012   +1.741   -0.224   +2.067   +0.041   +1.890
    -0.206   +0.764   -2.062   +1.671   +2.293   -1.359   +1.717   +0.535
    -0.371   -0.182   +0.620   +1.559   +0.701   +0.125   +1.310   -1.437
    -0.197   +1.304  +13.634   -0.914   -0.416   -0.874   +1.113   +0.892
token ' are' question (strength 16.8):
    -0.638   -0.282   +0.420   -0.856   -0.365   -0.154   +0.807   -2.673
    +0.684   -1.147   +0.543   -0.322   +1.145   +1.430   +2.083   -0.027
    -0.423   +1.914   -0.080   +2.545   -0.551   -0.348   -0.437   -0.327
    -0.191   -2.120   -0.993   -0.163   -0.073   +0.908   +1.433   +0.562
    -1.249   +1.101   -0.776   +0.455   +0.169   +0.670   +1.473   +1.425
    +0.588   +0.013   -0.733   +0.349   +0.714   +2.437   +2.310   -0.015
    -0.468   -1.564   +1.187   +1.091   +0.235   +0.431   -0.086   -0.920
    +1.060   -0.479  +14.485   -0.821   -0.744   +0.236   -1.216   +1.278
token ' you' question (strength 16.9):
    -0.212   -0.358   -0.369   +0.098   -0.263   -0.820   +0.482   -2.037
    +1.158   -0.897   -0.475   +0.928   +0.336   +1.130   +1.406   +0.320
    -0.870   +0.585   +0.639   +2.061   -1.326   -1.080   +0.509   -0.230
    +0.394   -1.536   -1.619   +0.980   -0.361   +0.229   +1.180   -1.176
    -0.861   +0.907   -0.689   +1.363   -0.519   +0.182   +0.586   +0.015
    +0.845   +0.841   -0.351   -0.237   +1.429   +1.677   +3.293   -0.326
    -0.360   -0.342   +0.427   +1.299   +1.073   +0.186   +0.606   -0.227
    +1.405   +1.173  +14.846   -0.729   -0.311   -0.207   -2.302   +0.806

--- station 8 · head 2 ---
token 'how' question (strength 17.1):
    +0.221   +0.580   +0.627   +0.564   -1.869   -0.991   -0.210   -2.190
    +0.655   -0.284   -1.356   +0.391   +2.225   -0.632   +1.705   +1.022
    -0.084   +0.153   +0.463   -0.596   -0.312   -1.529   -1.263   -1.562
    +0.730   -1.471   +1.517   +1.422   +0.085   +0.530   +2.212   +2.179
    -1.487   -0.296   -1.997   +0.564   -1.079   +2.679   -1.074   +1.486
    +0.216   +0.217   -2.513   +1.469   +2.824   -0.482   +2.541   -0.606
    +0.277   -0.193   +1.827   +1.923   +0.594   -1.202   +1.392   -0.622
    +1.309   +0.033  +13.618   -2.106   +0.737   -0.611   +1.275   +0.724
token ' are' question (strength 17.5):
    -0.505   +0.167   +0.322   -0.633   -1.112   -0.379   +0.278   -1.845
    +0.609   +0.195   -1.214   +0.297   -0.162   +0.713   +0.266   +0.028
    +0.210   +0.012   +0.341   -0.499   +0.464   -0.122   +1.077   -0.434
    +0.264   -0.461   +0.042   +0.315   -0.024   +0.250   -0.648   +0.307
    -0.730   +0.106   -0.391   -0.023   +0.194   +1.688   +1.532   +1.263
    +1.075   +0.135   -1.101   +0.395   +0.872   +0.857   +2.510   -0.505
    +0.427   -1.578   -0.158   +1.098   +0.836   -0.123   -1.609   -0.357
    +0.248   -0.152  +16.366   -0.810   -0.370   +1.038   +0.319   -0.227
token ' you' question (strength 17.5):
    -0.014   -0.010   -0.206   -0.290   -0.911   -1.227   -0.254   -0.773
    +1.717   +0.245   -0.840   +0.634   +0.422   +0.831   +0.168   -0.944
    +0.157   -0.838   -0.310   -0.197   -0.747   -0.256   +1.265   -1.052
    +0.170   -1.232   -0.615   +0.958   +0.456   +0.675   -1.765   +0.258
    -0.276   +0.038   -0.710   -0.138   -0.724   +1.068   +0.581   +0.950
    +0.666   +0.555   -0.283   +0.591   +1.604   +0.243   +2.373   -0.140
    -0.143   -1.270   -0.489   +1.080   +0.358   -0.254   -1.460   +0.410
    +0.766   +0.334  +16.141   -1.845   +1.021   +0.361   +0.357   -0.426

--- station 8 · head 3 ---
token 'how' question (strength 23.0):
    +2.936   -0.931   +1.385   -0.976   -3.528   -1.722   +0.210   -3.266
    -0.057   -0.554   +0.564   -0.567   -0.283   -0.738   -1.917   +0.006
    +0.881   +2.842   -0.214   -0.263   -0.878   +0.988   +0.745   +0.434
    -0.141   +0.181   -1.352   -1.251   +0.108   +0.108   -0.552   +0.049
    -3.008   +2.577   -3.246   +0.559   -3.556   +2.691   +0.755   +0.068
    +0.108   -0.117   -2.920   +0.835   +3.501   -0.437   +1.573   +0.147
    -0.191   +0.634   -0.118   +1.926   +0.854   +0.623   +0.111   +0.555
    -0.303   -0.183  +19.763   +0.995   -0.622   +0.077   -0.543   -0.384
token ' are' question (strength 21.8):
    +0.609   -1.419   +0.993   -2.450   -1.499   -1.014   +0.334   -2.932
    -0.186   -0.194   -1.141   +0.201   -0.327   +0.457   -1.778   +0.808
    -0.638   +2.472   +0.166   +0.784   -0.346   -0.253   +0.424   +0.887
    +0.096   -0.452   -1.559   -0.094   +0.758   +0.324   -0.479   +0.174
    -2.349   +2.800   -2.969   -0.112   -1.917   +1.607   +0.193   +0.579
    +1.461   +1.159   -2.460   +1.099   +2.919   -0.758   +2.206   +0.982
    -0.790   -0.833   +0.486   -0.153   +0.359   -0.598   +0.156   -0.604
    -0.326   +0.560  +19.495   +0.756   -0.112   +0.418   -0.500   -0.281
token ' you' question (strength 22.3):
    +0.835   +0.166   +0.993   -2.624   -2.588   -0.817   -0.070   -2.618
    +0.232   +0.553   -0.380   +0.676   +0.250   +0.239   -0.717   +0.402
    -0.719   +2.454   +0.318   +0.969   -1.009   +0.041   +0.737   -0.157
    -0.236   -0.178   -1.642   -0.579   -0.017   +0.707   -0.639   -0.108
    -2.032   +2.153   -2.477   +0.738   -2.250   +1.608   +0.504   -0.039
    +1.166   +0.843   -2.529   +0.849   +3.121   -1.142   +1.575   +0.903
    -0.651   -0.443   +0.395   +0.283   -0.436   -1.390   +0.162   -0.348
    -0.881   +0.308  +20.086   +1.484   -0.478   +0.652   -1.011   -0.268

--- station 8 · head 4 ---
token 'how' question (strength 17.1):
    +1.953   -1.517   +2.015   -0.323   +0.277   -2.010   -1.691   -1.976
    +0.747   +0.563   -0.062   +0.810   -0.893   +0.324   -0.373   +0.641
    -0.443   +0.993   -0.302   -0.608   +0.336   +0.040   +0.065   -0.721
    +0.294   -0.260   -1.519   +0.034   -1.452   +0.062   -0.345   +0.018
    +1.145   +1.227   +1.240   +0.230   -2.156   +0.668   -0.174   -0.491
    -0.807   -0.398   -2.086   +1.160   +2.151   +0.245   +1.669   +0.521
    -0.836   -0.269   +0.288   +0.762   +0.865   -0.193   +0.044   -0.506
    -0.323   -0.104  +15.305   -0.367   -0.284   +0.124   -0.299   +0.606
token ' are' question (strength 17.4):
    +1.187   -0.302   +1.252   +0.310   +0.766   -1.716   -0.599   -0.886
    +1.224   +0.663   +1.744   +0.152   -0.351   -0.235   +0.963   +1.010
    -0.586   +2.040   -0.968   +0.176   -1.026   -0.845   +0.483   +0.585
    +0.525   -0.062   -1.689   -0.223   -1.291   +0.705   +0.426   +0.254
    -0.726   +0.507   +0.174   +1.473   -1.778   +0.996   -0.380   +0.058
    -0.694   +1.229   -2.352   +1.702   +2.332   +1.120   +1.170   +0.919
    +0.403   -0.936   +0.627   +0.443   +0.925   -0.737   -1.654   +0.038
    +0.067   +0.529  +15.528   -0.692   -0.670   +0.196   -0.661   +0.526
token ' you' question (strength 17.9):
    +1.137   -1.358   +0.958   +1.458   +0.553   -1.827   -2.367   -0.891
    +1.136   +0.935   +1.750   +1.281   +0.023   +0.643   +1.476   +1.116
    -0.740   +2.915   -0.570   +0.327   -1.739   -0.382   +0.117   +0.975
    -0.758   +0.333   -1.972   -0.356   -1.678   +0.856   -0.211   -0.323
    -0.748   +0.229   -0.039   +1.472   -1.377   +1.421   +0.199   +0.134
    -0.694   +0.241   -1.998   +1.343   +2.148   +0.206   +1.344   +1.183
    +0.315   -1.062   +1.183   -0.307   +0.990   +0.855   -0.117   +0.208
    +0.778   +0.237  +15.647   -1.139   +0.522   +0.360   -0.282   +0.046

--- station 8 · head 5 ---
token 'how' question (strength 20.2):
    -0.399   -0.159   -0.554   +1.147   -0.731   -0.284   +0.198   -0.821
    -0.738   +1.669   -0.099   -0.781   -0.178   -0.306   -1.395   -0.253
    +1.348   -0.319   -1.011   +0.874   -0.937   +0.355   +2.295   +0.694
    +0.506   +0.581   -1.711   -0.440   +0.115   -2.069   -1.437   -0.041
    +0.154   -0.104   -0.299   +1.799   -0.143   +1.797   +0.461   +0.519
    -1.103   -0.315   -1.763   +1.488   +1.154   +0.008   +0.584   -0.159
    +0.410   -1.577   -1.476   -1.475   +0.744   +1.293   -1.413   +0.419
    -0.985   -1.010  +18.559   -0.339   -0.382   +1.230   -1.530   -1.295
token ' are' question (strength 19.1):
    +0.003   +0.043   +0.568   -0.081   -1.164   +0.255   +1.320   -2.133
    +0.689   +0.806   +0.736   -0.349   +0.899   +0.296   +1.613   +0.553
    +0.108   -0.310   -0.277   +2.751   -1.008   -0.216   -0.626   +1.156
    -0.599   -0.967   +0.320   +0.954   +1.475   +0.841   -0.040   +1.595
    -1.057   +0.955   -0.789   +0.749   +0.242   +1.618   +1.360   +1.752
    +1.281   -0.489   -1.301   +0.173   +0.831   +0.081   +1.742   +0.254
    -0.185   -0.675   -3.187   +1.138   +1.054   -0.616   -1.930   -0.469
    +0.413   +0.437  +17.250   +0.413   -0.006   -0.310   +0.472   -0.558
token ' you' question (strength 20.1):
    +0.303   -0.357   -0.089   +0.110   -1.520   -0.163   +0.216   -1.210
    +0.597   +1.634   -0.294   +0.712   +1.699   +0.063   +1.130   -0.037
    -0.004   +0.134   +1.346   +3.541   -0.472   +0.093   +0.024   -0.027
    -0.767   +0.301   -0.771   +1.821   +1.566   +1.068   +0.456   +2.474
    -0.223   +0.494   -1.055   +1.423   -0.686   +1.524   -0.181   +1.152
    +0.913   +0.651   -0.989   +0.143   +1.565   -0.101   +1.367   +2.003
    -0.074   -0.266   -2.588   +1.770   +0.628   -0.619   -1.729   -1.176
    +0.031   +0.153  +17.998   +1.756   +0.088   -0.187   -0.854   -0.272

--- station 8 · head 6 ---
token 'how' question (strength 21.7):
    +1.787   +0.040   +1.579   -0.103   -1.104   -1.813   +0.612   -2.509
    +1.160   +0.630   +0.814   -0.791   -1.009   -1.285   -0.686   -0.425
    -0.027   -0.121   +0.423   -0.391   -0.176   -0.159   +0.589   -0.274
    +0.269   -0.535   -1.744   +1.201   +0.523   -1.078   -0.531   +0.645
    -2.286   +1.071   -1.372   +0.041   -1.966   +0.681   -0.680   -0.667
    +0.092   -0.978   -1.708   +0.018   +2.718   +0.701   +2.190   +0.434
    +0.181   +0.767   -0.410   +1.902   +0.338   -0.343   -0.047   -0.915
    +0.104   +0.353  +19.987   -1.058   +0.212   +1.002   +0.577   +0.137
token ' are' question (strength 20.4):
    +0.317   -0.125   +1.462   -1.840   -0.814   -1.282   +0.862   -2.419
    +0.497   +0.302   +0.899   +1.393   -1.804   +0.094   +0.164   +0.549
    -1.473   -1.824   -1.033   +0.057   +0.175   -0.196   +0.198   +0.761
    +1.706   -0.816   -0.577   +0.886   +1.673   +0.486   +0.416   +0.199
    -0.625   +1.050   -1.310   -0.505   -0.523   -0.436   +0.702   +1.508
    +1.087   -0.408   -1.933   +1.189   +1.238   +1.672   +1.868   -0.188
    -1.032   +0.712   -2.141   +1.781   +0.123   +0.590   -1.802   -1.188
    +0.385   +0.609  +18.537   -0.896   -0.654   +0.406   -0.048   +0.476
token ' you' question (strength 21.2):
    +1.343   +0.376   +1.201   -1.471   -1.656   -1.976   +0.556   -1.877
    +1.787   +1.512   +1.192   -0.682   -1.382   -0.401   -0.148   -0.488
    -1.065   -1.595   -0.297   +1.205   +0.514   +0.603   +0.086   +0.236
    +0.570   -0.276   -1.222   +0.742   +0.793   -0.206   +0.858   -0.214
    -1.110   +0.544   -1.357   +0.422   -2.080   -1.229   -0.549   +0.938
    +0.976   +1.057   -1.646   +0.496   +2.298   +1.955   +1.889   -0.576
    -0.343   -0.424   -1.561   +0.545   +0.474   +0.359   -1.551   -0.772
    +0.345   -0.444  +19.428   -0.644   -0.293   +0.399   -0.812   +0.703

--- station 8 · head 7 ---
token 'how' question (strength 24.5):
    +0.013   -0.094   -0.478   +0.122   -0.833   +2.042   -1.515   +3.189
    +0.485   +1.030   -0.449   +1.915   -0.330   -0.604   -0.057   +1.913
    -0.707   +1.575   -0.904   -0.540   -0.422   +0.074   +0.008   +0.640
    -0.452   +0.412   +0.334   -0.017   +0.287   +0.446   -1.993   +0.037
    +0.125   +0.419   +0.709   -1.164   -1.126   -0.781   +1.513   +0.632
    +2.784   -0.869   +2.947   -0.755   +3.457   +1.437   +0.331   -1.446
    -0.853   +2.080   +0.279   +0.133   +2.399   -0.099   -0.090   -0.084
    +0.059   +0.709   +0.098   -0.288   -0.089   -0.210  +22.640   -0.112
token ' are' question (strength 26.5):
    -0.002   -0.819   -1.252   +1.283   -0.907   +2.752   -2.680   +3.576
    +1.066   +1.902   +1.480   +2.373   -0.102   -1.342   -0.828   +1.736
    -0.709   +0.683   -1.550   -0.982   -2.680   -1.182   -0.042   -0.004
    +0.573   +1.642   -0.062   +1.167   +1.305   +0.929   -1.644   -1.976
    -0.362   +0.299   -0.044   -1.122   -2.275   -1.183   +2.115   -0.090
    +3.709   -2.100   +3.747   -0.481   +1.605   +2.317   +1.630   -3.428
    -2.299   +4.158   -2.562   +0.979   +1.919   -2.534   -1.276   -1.700
    -0.921   -0.829   +0.093   -1.045   -0.673   +0.632  +22.535   -0.534
token ' you' question (strength 27.3):
    +0.024   -0.443   -0.618   +0.441   -0.688   +2.239   -2.060   +4.102
    +0.765   +2.606   +1.550   +2.478   -0.517   -2.029   -0.143   +3.053
    -0.241   +0.204   -0.964   -1.933   -0.702   -0.548   +0.113   +1.943
    -0.777   +1.686   -1.002   +0.731   +2.686   -0.308   -2.087   -1.921
    -0.085   +0.287   +0.117   -0.948   -1.496   -1.105   +2.253   +0.094
    +4.542   -2.958   +4.227   -0.434   +1.184   +0.471   +1.837   -2.491
    +0.375   +3.888   -1.259   +0.510   +0.733   -0.409   -3.207   +1.070
    +0.678   -0.963   -0.075   +0.805   +0.625   -0.317  +23.508   +2.041

--- station 8 · head 8 ---
token 'how' question (strength 18.3):
    +0.618   -0.561   -0.620   +0.624   -0.011   +0.499   -0.198   +0.226
    -0.155   +0.109   +0.024   -0.132   +0.004   +0.019   +0.349   +0.141
    -0.342   +0.048   -0.838   +0.183   +2.022   -0.810   +1.475   +1.101
    -0.200   +0.259   +0.704   -0.761   +0.242   +0.058   -3.815   -0.071
    -0.165   -0.190   -0.457   -0.116   -0.556   +0.206   -0.008   +0.200
    +0.289   -0.075   -0.471   -0.106   -0.122   -0.164   -0.772   +0.002
    +0.017   +0.161   +0.962   +0.786   -0.535   +0.525   +0.161   -0.579
    +0.142   -0.110   -0.113   -0.351   -0.187   -0.049  +17.447   -0.207
token ' are' question (strength 19.4):
    +0.688   -0.716   -0.902   +0.573   -0.093   +0.276   -0.173   +0.248
    +0.325   +0.234   +0.747   +0.791   -0.109   -0.240   +0.122   -0.063
    -0.781   +0.965   -1.647   +1.729   -0.573   -2.860   +0.572   -0.064
    +1.446   +2.771   +0.632   +1.641   +2.201   +1.535   -2.412   -1.715
    -0.142   -0.266   -0.333   -0.422   -0.295   -0.051   +0.364   +0.030
    +0.462   -0.537   +0.646   -0.041   +1.593   +1.027   +1.187   -1.029
    +0.016   +0.684   -0.201   +1.252   -0.273   -1.490   -0.811   -1.932
    -0.940   -2.429   +0.177   -2.806   -0.673   +0.746  +17.078   -1.669
token ' you' question (strength 20.2):
    +0.670   -0.587   -0.717   +0.413   -0.296   +0.196   -0.087   +0.354
    +0.428   +0.296   +0.787   +0.735   -0.259   -0.296   +0.643   -0.158
    +0.162   +1.520   -1.091   +0.470   +1.435   -0.087   +0.159   +2.781
    +0.663   +2.548   -1.389   +1.331   +3.172   -0.540   -3.134   -2.763
    +0.038   -0.116   -0.181   -0.301   -0.221   -0.074   +0.502   -0.067
    +0.399   -0.691   +0.899   -0.210   +1.396   +1.097   +1.029   -1.444
    -0.236   +0.158   -0.355   +0.557   -0.499   +0.002   -2.334   +0.269
    +1.214   -1.629   +1.239   -0.979   +0.941   +0.132  +17.846   +3.564

--- station 8 · head 9 ---
token 'how' question (strength 21.8):
    -0.100   +1.502   +1.015   +1.035   +2.639   +0.986   -0.446   +0.939
    -3.321   -1.007   -2.385   -0.537   -3.304   -0.634   -1.150   +2.554
    +0.646   +0.431   -0.777   -0.927   -0.534   -0.318   +0.276   -0.079
    -0.902   -0.192   -1.396   -0.480   -0.530   -0.053   -1.603   -0.467
    +2.629   -2.065   -1.472   +0.201   -2.826   +1.335   -1.028   +1.613
    +1.348   +0.794   +0.778   -0.065   +0.040   -0.251   -0.029   +0.403
    -0.328   +2.209   +0.542   -0.011   +0.716   +0.126   +0.965   -0.943
    -0.823   +0.043   -0.388   -0.595   -0.584   -0.304  +19.442   +0.752
token ' are' question (strength 21.7):
    +0.774   +1.644   +1.527   -0.255   +2.020   +2.606   +0.405   +1.033
    -3.158   +0.387   -3.346   -1.684   -3.643   -1.637   -1.315   +2.013
    +0.292   -0.974   -0.423   -0.216   -1.274   -0.353   +0.037   -0.144
    -0.543   -0.335   -0.318   -0.917   -0.104   -0.106   -1.020   -0.593
    +0.918   -2.896   -1.856   +1.476   -1.888   -0.018   -0.413   +1.068
    +2.825   +0.127   +1.519   -0.258   -1.286   -0.594   +0.048   +0.667
    -0.531   +2.218   +1.395   -0.549   +0.889   -0.377   +0.850   -0.669
    -0.495   +0.381   -0.589   -0.001   -0.039   -0.232  +18.964   +0.566
token ' you' question (strength 23.0):
    +0.484   +0.338   +1.199   +0.156   +2.399   +3.131   +2.249   +0.746
    -3.281   +0.349   -2.318   -1.880   -3.351   -1.887   -1.858   +2.497
    -0.242   -1.299   -0.821   -0.291   -0.600   +0.032   +0.172   -0.006
    -0.363   -0.614   -0.775   -0.727   -0.107   -0.161   -1.660   -0.743
    +0.060   -1.767   -1.473   +1.386   -2.210   +0.690   -2.087   +0.930
    +2.496   -0.997   +2.787   -0.433   -1.859   -1.693   +0.410   +0.300
    -0.093   +2.758   +1.669   -0.368   +0.592   -0.528   +1.276   -1.074
    -0.699   +0.454   -0.636   -0.077   -0.812   -0.259  +19.961   +0.395

--- station 8 · head 10 ---
token 'how' question (strength 23.2):
    -1.360   +1.300   +2.600   -0.218   +3.421   -0.128   -1.958   +0.263
    -3.274   -1.073   -2.963   +0.221   -1.737   -0.973   -0.673   +2.000
    +0.402   +0.294   -0.176   -0.767   -1.567   -0.639   +0.021   -0.001
    -0.779   -0.159   -0.399   -0.043   -0.093   +0.131   +0.068   +0.323
    +1.786   -0.536   -1.521   +0.441   -0.986   -0.007   -1.922   +0.776
    -1.680   +0.645   -0.680   +0.323   +0.100   +0.094   -0.408   -0.271
    +0.127   +2.756   +0.266   -0.194   +1.057   +0.450   -0.739   +0.147
    +0.209   +0.198   +0.268   -0.166   +0.321   +0.384  +21.244   +0.308
token ' are' question (strength 21.5):
    +0.197   +1.021   +1.716   -1.325   +0.774   +1.653   -0.643   -1.445
    -3.626   -0.008   -2.925   +0.841   -1.380   -0.779   -0.369   +1.212
    -0.537   -1.624   -0.093   -0.391   -2.525   +0.229   -0.142   -0.609
    +0.360   +0.213   -0.289   +0.668   +0.393   +0.148   +0.499   +0.619
    +0.153   -1.034   -1.205   +1.181   -0.248   -0.280   +0.212   +1.063
    +0.946   +0.503   -0.177   -0.385   +0.547   +0.275   -0.456   +0.500
    -1.121   +3.757   +0.661   -1.555   +1.907   -0.666   +0.633   +0.055
    +0.472   -0.444   +0.669   +0.380   +0.288   +0.571  +19.490   -0.147
token ' you' question (strength 22.7):
    -0.141   +0.478   +1.240   -0.418   +1.971   +1.992   +0.081   -0.625
    -3.209   +0.352   -2.756   +0.362   -1.909   -1.788   +0.415   +2.004
    -0.729   -2.027   -0.421   -0.540   -1.008   +0.230   -0.140   +0.448
    -0.095   +0.656   -0.302   +0.573   +1.063   -0.090   -0.134   -0.063
    +0.464   -0.733   -1.982   +1.040   -0.764   +0.736   -0.971   -0.344
    +1.160   -0.827   -0.165   -0.482   +1.096   -1.568   -0.768   +0.945
    -0.403   +3.121   -0.264   -1.262   +0.960   -0.059   +0.640   -0.390
    +0.612   -0.129   -0.166   +0.688   +0.343   -0.487  +20.891   -0.135

--- station 8 · head 11 ---
token 'how' question (strength 27.9):
    +2.033   -1.315   -1.727   +4.913   +0.317   +4.562   -3.361   +2.830
    -1.738   +0.933   -2.958   +0.847   -3.718   -1.504   +0.182   +2.615
    +0.357   +0.139   -0.201   -0.263   -1.669   +0.152   -0.117   +0.359
    -0.118   +0.343   +0.227   +0.071   -0.417   +0.289   -1.936   -0.297
    +0.793   -3.020   -4.205   -0.854   -4.263   +0.595   +2.014   +2.692
    +3.401   -0.730   +2.236   +1.153   +2.049   +1.319   +0.465   -0.110
    -0.030   +2.445   -0.151   -0.361   +1.614   -0.248   -0.192   +0.139
    +0.126   +0.401   +0.193   +0.014   -0.630   -0.468  +23.827   -0.145
token ' are' question (strength 27.6):
    +1.566   -1.441   -1.824   +4.085   -0.620   +5.231   -3.499   +3.355
    -1.016   +1.360   -1.144   +0.889   -2.296   -0.988   -0.167   +2.618
    +0.047   -0.315   -0.412   -0.801   -1.968   -0.738   +0.290   +0.296
    +0.312   +0.834   -0.027   +1.105   +0.805   +0.628   -2.112   -1.206
    +0.095   -1.868   -3.426   -2.156   -3.882   -0.961   +2.429   +1.648
    +1.756   -0.856   +2.062   -0.007   +0.069   +0.476   +0.838   -0.742
    -2.552   +4.045   -2.338   +0.510   +0.921   -1.990   -1.872   -0.933
    -0.968   -0.949   -0.268   -0.488   -0.555   +0.294  +23.670   -0.460
token ' you' question (strength 28.3):
    +1.145   -1.322   -2.204   +4.394   -0.221   +4.955   -2.777   +3.446
    -0.807   +2.988   -2.112   +1.344   -2.285   -1.164   -0.157   +3.272
    +0.096   -1.288   -0.157   -1.764   -0.480   -0.243   +0.147   +1.530
    -0.469   +0.772   -1.117   +0.680   +1.851   -0.486   -2.604   -1.464
    +0.269   -2.241   -3.675   -1.729   -4.100   -0.732   +3.056   +1.355
    +2.676   -1.508   +2.782   -1.220   -0.078   -0.407   +1.495   -0.259
    -0.336   +3.634   -0.748   +0.089   +0.332   -0.311   -2.711   +0.850
    +0.071   -1.021   +0.013   +0.670   +0.578   -0.072  +24.034   +1.661

--- station 8 · head 12 ---
token 'how' question (strength 23.4):
    +0.390   +0.283   +0.461   +2.859   +0.262   +2.412   -1.621   +0.982
    -2.954   -0.763   -3.013   -0.009   -2.302   -1.030   -0.677   +2.866
    +0.649   +0.230   -0.478   +0.303   -1.251   +0.628   -0.212   +1.037
    +0.245   +0.600   -0.270   -0.092   -0.095   -0.018   +0.057   -0.810
    +1.624   -2.125   -2.100   +0.593   -1.549   +1.518   -0.504   +0.820
    +1.403   -0.189   +0.538   +0.495   +0.201   -0.412   +0.018   -0.387
    -0.676   +3.301   +0.089   -0.187   +1.206   -0.053   -0.013   -0.253
    +0.558   -0.299   +0.112   -0.236   -0.426   +0.043  +21.374   -0.591
token ' are' question (strength 22.4):
    +0.620   -0.015   +0.231   +1.575   -0.516   +2.300   -1.730   -0.007
    -2.918   +0.904   -1.057   +1.241   -2.031   +0.187   +0.533   +2.734
    +0.878   +0.994   -0.546   -0.888   -1.385   -0.240   +0.842   +0.585
    +0.331   +0.499   -0.451   +0.000   +0.038   -0.183   +0.400   -0.944
    +0.383   -1.498   -1.290   +0.096   -1.605   -0.107   +0.804   +0.278
    +0.690   +0.092   +0.832   -0.506   +0.503   -0.361   +0.596   -1.293
    -0.568   +3.975   +0.548   -0.549   +2.265   -0.610   -0.567   -0.531
    +0.177   -0.459   +0.370   -0.353   -0.678   -0.136  +20.522   -0.713
token ' you' question (strength 23.4):
    -0.238   +0.175   +0.281   +2.280   -0.464   +1.984   -1.170   +0.572
    -2.872   +0.973   -1.422   +0.788   -3.627   -1.020   -0.661   +2.698
    -0.272   +1.030   -0.782   -0.914   -0.908   -0.117   +0.233   +1.237
    -0.053   -0.122   -0.122   +0.572   +0.695   -0.741   -0.243   -0.586
    +0.706   -1.372   -1.466   +0.205   -0.950   +0.939   -0.024   -0.854
    +1.485   -1.324   +0.909   +0.116   +0.641   -0.406   +0.030   -1.329
    -1.031   +3.976   -0.266   -0.466   +1.170   -0.381   -0.539   -0.617
    +0.081   -0.362   -0.314   +0.354   +0.169   -0.612  +21.473   +0.089

--- station 8 · head 13 ---
token 'how' question (strength 17.7):
    -0.316   +0.223   +0.283   +0.201   +0.640   +0.387   -0.238   -0.333
    -0.624   -0.436   -1.137   -0.335   -1.107   -0.342   -0.783   +0.688
    -0.254   -0.034   -0.590   +0.981   -0.826   -0.037   +0.200   +0.882
    -0.135   +0.105   -0.166   -0.330   -0.050   -0.416   +0.400   -0.463
    +0.015   -0.104   +0.153   +0.645   +0.068   +0.724   -0.773   +0.666
    -0.017   +0.599   -0.156   +0.333   -0.260   -0.272   -0.255   +0.347
    -0.753   +0.626   +0.570   -0.300   +0.606   +0.769   -0.838   +0.134
    +0.077   +0.563   -0.194   +0.122   +0.005   -0.973  +17.210   +0.063
token ' are' question (strength 18.7):
    +0.061   +0.263   +0.184   +0.491   +0.145   +0.474   -0.463   +0.136
    -0.825   +0.195   -0.552   +0.872   -0.967   -1.038   -0.173   +1.861
    +1.021   +0.941   -0.370   -0.138   -0.865   -0.552   +1.304   +0.288
    +1.091   +1.777   -0.490   +0.291   +0.544   +0.231   +0.705   -1.633
    -0.138   -0.099   -0.007   +0.001   -0.188   +0.186   -0.245   +0.433
    +0.302   +0.543   +0.722   +0.108   +0.702   +0.046   +0.585   -1.570
    +0.857   +1.437   +0.222   +0.214   +0.209   -0.590   -0.951   -1.200
    -0.312   -0.468   +0.259   -0.900   -1.171   -0.167  +17.801   -0.747
token ' you' question (strength 18.6):
    +0.365   +0.222   +0.046   +0.417   +0.300   +0.426   -0.506   +0.272
    -0.493   +0.233   -0.687   +0.694   -1.516   -0.693   +0.028   +1.673
    +0.172   +1.209   -0.599   -1.203   +0.128   -0.163   -0.264   +1.666
    +0.237   +1.527   -0.835   +0.217   +1.318   +0.129   +0.167   -1.825
    +0.125   -0.314   -0.119   -0.040   -0.314   +0.159   -0.062   +0.119
    +0.293   +0.157   +0.428   +0.124   +0.589   -0.109   +0.510   -0.781
    +0.309   +1.369   -0.238   -0.342   +0.590   -0.063   -1.255   -0.994
    -0.647   -1.120   -1.031   +0.383   -0.313   -0.919  +17.647   +1.128


############ STATION 9 ############

--- station 9 · head 0 ---
token 'how' question (strength 7.6):
    +0.469   -0.104   +0.122   -0.057   +0.714   +0.272   -0.041   -0.064
    +0.267   +0.918   -0.382   +0.745   -0.001   -0.062   -0.175   -0.123
    +0.746   -0.359   +0.421   +0.858   -0.533   -2.675   -0.026   -1.145
    +0.797   -0.578   +5.964   -0.765   -0.213   -0.039   +0.226   -0.083
    -0.100   -0.249   -0.264   -0.443   -0.083   -0.147   +1.005   +0.696
    -0.158   -0.223   +0.201   -0.237   -0.391   +0.525   -0.667   +0.124
    -0.195   +0.954   -0.360   -0.249   +0.139   +0.352   +0.374   -0.254
    +1.358   -0.695   -0.159   +0.232   -0.561   -0.626   -0.496   -0.756
token ' are' question (strength 8.1):
    +0.438   -0.427   +0.285   -0.507   +0.122   +0.174   +0.158   -0.546
    -0.273   +0.200   -0.250   -0.402   +0.490   +0.477   -0.784   +1.031
    +0.950   +1.222   -0.931   +0.453   +0.371   -2.427   +0.805   +0.081
    +1.232   +2.489   +4.489   -0.146   -2.033   -0.097   -1.179   -0.352
    -0.090   -0.024   -0.434   -0.537   -0.283   +0.071   +0.204   +0.430
    -0.252   +0.035   -0.351   +0.170   +0.332   +1.290   -0.088   -0.940
    +0.956   +0.315   -0.412   -0.892   -1.057   -0.759   +0.779   -0.356
    +0.863   -1.477   +0.244   -0.420   -1.973   -1.735   +0.313   -0.562
token ' you' question (strength 8.3):
    +0.802   -0.157   +0.157   -0.102   +0.038   +0.368   +0.116   -0.363
    -0.513   +0.296   -0.299   -0.158   +1.052   +0.387   -0.203   +1.550
    -0.211   +0.290   -1.137   +0.302   +0.833   -2.884   +0.881   +1.298
    +1.329   +1.180   +4.719   +0.208   -3.082   -1.081   -1.423   -0.474
    -0.168   -0.086   -0.307   -0.414   -0.172   +0.032   -0.119   +0.317
    +0.157   -0.269   +0.093   -0.150   -0.780   +0.521   -0.525   -1.101
    +0.829   +1.105   -1.120   -0.787   -0.139   -0.395   +0.424   -1.237
    +0.381   -0.927   +1.318   +0.152   -0.667   -0.754   +0.065   -0.855

--- station 9 · head 1 ---
token 'how' question (strength 8.7):
    +0.176   -0.030   -0.413   +0.241   +0.112   -0.329   +0.333   +0.975
    +0.198   -0.058   +0.286   +0.554   +0.568   -0.195   -0.246   +1.629
    +0.436   -0.572   +0.413   +2.118   +0.562   -5.556   -0.559   -0.507
    +4.270   +1.638   +1.925   -0.357   -0.350   -1.037   -0.496   +0.150
    -0.024   +0.313   -0.318   +0.148   -0.504   -0.192   +0.443   +0.763
    -0.767   -0.563   -0.086   -0.708   -0.556   +0.409   -0.866   -1.094
    +0.261   -0.362   -0.395   -0.709   -0.314   -0.592   +0.006   -0.168
    -0.035   +0.097   +0.005   +0.131   +0.121   -0.265   -0.326   -0.319
token ' are' question (strength 11.7):
    -0.000   -0.372   +0.298   +0.137   +0.322   -0.739   -0.776   -1.094
    +0.118   +0.184   +0.865   -0.294   +0.952   +1.353   -1.750   +2.601
    +2.048   -0.033   -0.874   +2.078   -0.778   -7.413   -0.921   +0.168
    +4.241   +0.636   +3.568   -0.884   -0.460   -0.681   +0.353   -0.187
    -0.241   -0.185   -0.057   +0.049   -0.068   +0.407   -0.008   +2.054
    +0.538   +0.482   +0.389   -0.503   +0.596   +0.001   -0.601   -1.327
    +0.590   -0.849   -1.093   -1.466   +0.740   -0.982   +0.234   -0.847
    +0.741   +1.194   +0.438   -0.932   -0.992   +0.871   -0.475   -1.432
token ' you' question (strength 13.0):
    -0.116   -0.311   -0.001   +0.163   +0.307   -0.726   -0.410   -0.484
    -0.041   +0.419   +0.879   +1.019   +0.399   +1.095   -1.053   +1.633
    +1.774   +0.112   -0.315   +2.933   -0.293   -9.073   -0.482   +0.393
    +5.381   +1.349   +2.613   -0.050   -1.048   -1.508   +0.208   -0.097
    -0.038   -0.008   -0.023   +0.089   -0.067   +0.363   +0.103   +1.436
    +0.138   +0.036   +0.195   -0.760   -0.086   +0.689   -2.059   -1.515
    -0.685   +0.060   -1.726   -0.848   -0.444   -0.706   +0.776   -0.778
    +0.142   +1.458   +1.636   +0.005   -0.633   +1.047   +0.041   -1.499

--- station 9 · head 2 ---
token 'how' question (strength 8.0):
    +0.448   -0.059   +0.477   +0.081   +1.894   +0.801   -0.921   -0.704
    -0.990   +1.357   -0.567   +1.627   +0.322   -0.355   +0.051   +1.618
    +0.977   +0.429   -0.000   +2.283   +0.256   +0.983   -0.127   -0.039
    +3.905   -0.275   +1.588   +0.281   -0.822   +0.501   -0.440   +0.121
    +0.357   -0.465   -0.095   +0.201   +0.107   +0.653   +0.101   +1.783
    +0.780   -0.934   -1.452   -0.455   -1.229   +1.542   -1.582   -0.796
    -0.073   +0.116   +0.007   -1.201   -0.719   -0.412   -0.205   -0.191
    +1.167   -1.054   +1.110   -0.176   +0.908   -0.836   -0.350   -0.093
token ' are' question (strength 7.7):
    +0.237   +1.012   +0.371   -0.283   +0.018   +0.252   -1.076   -1.558
    +0.539   +0.787   +0.387   -0.479   +0.558   -0.044   -0.738   +1.371
    -0.138   +0.335   -0.190   +3.393   -0.107   -0.747   +0.323   -0.805
    +3.954   +0.211   +1.323   +0.260   -1.904   +0.136   -0.738   -0.105
    +0.002   -1.020   +0.717   +0.329   -0.503   -0.646   +0.416   +0.468
    +1.164   +1.309   +0.574   +0.126   -0.929   +0.497   -1.391   -0.336
    +0.406   +0.128   +0.374   -1.048   -0.918   -0.564   +0.299   -1.018
    +0.527   -0.391   -0.539   -0.641   +0.093   -0.540   -0.256   -0.823
token ' you' question (strength 9.4):
    -0.351   +0.696   +0.833   +0.522   +1.018   +0.219   -0.869   -1.559
    -0.116   +1.195   +0.191   -0.241   +0.848   +0.122   -0.665   +1.862
    +0.828   +0.427   -0.116   +4.124   +0.854   +0.361   +0.073   -0.252
    +5.187   +0.445   +1.826   +0.698   -1.767   -0.444   -0.086   +0.069
    -0.028   -0.041   +0.450   +0.025   +0.271   -0.301   -0.519   +0.129
    +1.050   -0.465   +1.322   -0.501   -0.251   +0.403   -3.589   -0.678
    +0.356   +0.807   +0.459   -0.551   -0.438   +0.099   +0.600   -0.795
    +0.756   +1.021   -0.125   -0.656   +0.608   -0.691   -0.206   -0.549

--- station 9 · head 3 ---
token 'how' question (strength 32.7):
   -12.931   +7.449   -1.805   -1.294   -4.467   -0.699   -6.806   -2.819
    -1.613   +6.667   +1.151   +6.018   +1.261   +2.270   -0.865   -1.304
    +0.094   -2.331   -0.362   +3.542   +1.533   -4.763   +0.591   +0.664
   +17.362   +1.512   +1.571   -1.534   -0.248   -0.446   -3.963   -3.088
    +1.926   +5.610   +7.097   +2.526   +5.255   +1.023   -1.799   +0.528
    +0.719   +2.537   +0.257   +0.401   -0.910   +1.468   -5.541   -3.619
    -1.341   +1.318   -0.427   -0.491   -0.140   +1.602   +2.919   +0.101
    -1.581   +0.760   +1.711   +1.020   -0.623   -3.105   -7.268   -5.560
token ' are' question (strength 34.9):
   -12.092   +9.445   -3.624   -1.272   -4.143   +0.519   -6.309   -3.499
    -0.435   +7.685   +0.470   +7.570   +1.131   +2.037   -0.853   -2.504
    +2.996   -3.674   +0.724   +5.527   +2.029   -3.878   +0.178   +3.039
   +17.373   +2.423   +2.078   -2.163   -1.905   +3.155   +4.200   +5.232
    +3.068   +6.119   +8.330   +3.658   +5.337   +1.132   +0.450   +2.656
    -1.372   +1.425   +0.469   +1.186   -1.894   +0.901   -6.284   -4.172
    -0.300   +1.909   +1.278   +0.119   +2.894   +2.777   -0.152   -2.558
    -0.016   -1.228   +3.270   +0.667   +0.884   -1.024   -6.113   -0.249
token ' you' question (strength 44.9):
   -15.533  +10.620   -3.742   +1.027   -3.626   +1.144   -9.233   -3.010
    -1.689   +9.627   +2.635   +7.455   +1.401   -0.415   -1.675   -2.728
    -0.691   -1.970   +0.803   +5.655   +5.032   -1.544   -0.198   +3.488
   +18.976   +2.812   +2.232   +0.032   -2.540   -1.419   -9.658  -11.641
    +2.653   +7.645  +10.506   +5.875   +5.814   +2.378   +1.146   +3.326
    -0.081   +2.351   +0.025   -0.837   -4.303   +1.170   -9.029   -4.551
    -2.365   +6.070   -2.682   -1.080   +1.233   +1.175   +5.062   -0.657
    -1.740   -2.454   +3.170   +1.175   -0.942   -8.152   -4.698   -9.900

--- station 9 · head 4 ---
token 'how' question (strength 10.2):
    -0.022   +0.256   +1.647   -0.804   +0.724   -0.119   -1.530   -0.235
    +0.337   +2.143   +0.902   +3.366   +0.733   +0.012   +0.206   -0.024
    -1.475   -0.498   +0.854   +2.852   -0.288   -0.591   +0.182   +0.134
    +5.238   +1.162   +2.615   +1.094   +1.162   -1.010   -0.335   +0.275
    +0.444   +0.375   -0.004   -0.537   +1.448   -0.083   +2.310   +0.952
    +0.624   -1.540   -0.726   -1.142   +1.854   +0.152   -2.330   +0.869
    +0.332   +0.393   +0.560   -0.887   -1.428   -1.046   +0.626   -0.351
    +0.344   -0.464   +0.311   -0.232   -0.823   -0.217   -0.662   -0.498
token ' are' question (strength 12.1):
    +1.081   +1.648   +1.912   -0.965   +1.231   -0.711   -1.781   -2.787
    -0.774   +0.877   +0.297   +2.810   +1.169   +1.868   -1.403   +1.744
    -0.059   -1.123   -0.943   +4.082   -0.935   -1.685   -0.466   -0.067
    +6.025   +1.319   +2.359   +0.127   +0.449   +0.150   -0.044   -0.233
    +1.089   -1.557   +1.113   -0.401   +0.867   -2.041   +2.301   +2.322
    +1.397   +0.221   -0.665   -0.256   +1.966   +0.559   -1.796   -1.170
    +0.980   +0.620   +0.429   -1.078   -0.247   -0.676   +0.679   +0.284
    +0.371   +1.122   +1.175   +0.824   -0.254   +0.078   -0.831   -0.539
token ' you' question (strength 12.1):
    +0.649   +0.084   +1.633   -1.138   +1.044   -0.808   -2.190   -2.880
    -0.032   +0.790   +0.189   +3.755   +1.044   +1.273   -1.188   +0.842
    -0.001   -1.638   +0.138   +4.698   -1.089   -1.183   -0.678   -0.227
    +6.361   +1.161   +2.572   +0.308   -0.011   +0.389   +0.136   +0.000
    +0.075   -0.924   +0.305   -0.053   +1.833   -0.022   +0.984   +1.910
    +0.557   -0.452   -0.608   -1.110   +1.823   +0.505   -3.217   -0.322
    -0.309   +0.457   -0.184   -0.830   -1.059   -0.252   +0.305   -0.892
    +0.333   +0.988   +1.099   +0.797   -0.168   -0.250   -0.722   -0.374

--- station 9 · head 5 ---
token 'how' question (strength 9.6):
    +0.747   +0.992   +2.142   +0.001   +2.291   +1.112   -1.422   -1.832
    +0.638   +2.025   -0.437   +1.363   +0.909   +0.676   +1.067   -0.148
    -0.975   +0.021   -0.563   +2.569   +1.290   -0.095   +0.412   +0.982
    +5.075   +0.671   +1.954   +0.172   +0.303   -0.652   -0.225   -0.056
    +1.737   -0.182   +1.762   +0.076   +1.522   +0.150   +0.304   +1.351
    +0.603   -0.536   -0.763   -0.651   -0.363   +1.267   -1.561   -0.635
    +1.041   +0.676   -0.366   -0.362   +0.611   -0.932   +0.926   -0.865
    +0.577   -0.968   -0.622   -0.053   -0.339   -0.834   -0.672   -0.240
token ' are' question (strength 10.4):
    +1.611   +2.124   +2.238   +0.328   +1.463   -0.573   -1.152   -2.268
    +1.270   +2.282   +1.448   -0.080   +0.544   -0.011   -0.428   +0.521
    -0.216   -0.479   -1.560   +3.450   -0.886   +0.876   -0.573   -0.761
    +4.058   +0.766   +3.296   -0.108   -0.621   +0.192   +0.119   +0.062
    +1.015   -1.837   +2.481   +0.166   +0.988   -1.285   +1.316   +0.995
    +0.123   -0.545   -0.520   -1.283   -1.668   +0.322   -1.355   +1.092
    +0.982   +1.321   -0.348   -0.604   -0.837   -0.680   +0.337   -0.335
    +0.875   -0.139   +0.825   -0.708   -1.157   -0.357   -0.265   -0.725
token ' you' question (strength 11.0):
    +0.467   +1.274   +2.754   +0.607   +1.649   +0.071   -1.409   -2.201
    +0.798   +2.306   +1.706   +0.555   +0.361   -0.067   +0.040   +0.865
    -0.189   -1.356   -1.974   +4.464   -0.700   +1.799   -0.027   -0.198
    +5.347   +1.247   +2.854   +0.282   -0.437   +0.530   -0.106   +0.108
    -0.247   +0.604   +1.517   +0.500   +3.013   -0.475   -0.154   +0.878
    -0.079   -0.813   -0.446   -1.148   -1.346   +0.214   -1.007   +0.345
    +0.710   +0.167   -0.960   -0.954   -0.292   -0.226   +0.226   -0.425
    +0.184   -0.036   +0.609   -0.799   -0.491   -0.524   -0.286   -0.739

--- station 9 · head 6 ---
token 'how' question (strength 8.6):
    +0.113   -0.384   +0.441   -0.102   +1.196   +1.691   -0.163   -1.428
    +1.471   +1.140   +0.163   +1.703   +0.011   +0.167   +0.055   +1.508
    +0.402   -0.337   +0.326   +1.914   -1.426   -0.145   -0.011   -0.724
    +3.772   +0.519   +2.714   +1.472   -0.016   -0.969   -0.369   +0.105
    +0.184   -0.118   -0.295   -0.316   +0.293   -0.450   +0.858   +1.304
    -0.071   -1.019   -0.241   -1.015   -0.774   +0.508   -0.986   -1.549
    +1.067   +0.085   +0.519   -0.862   -0.604   -1.100   +0.243   -0.342
    +0.249   -3.586   +0.517   -0.122   +0.739   -0.548   -0.390   -0.274
token ' are' question (strength 10.9):
    +1.596   +0.744   +0.609   -0.098   +1.281   +0.847   -0.442   -1.800
    +0.924   +0.007   +0.315   -1.832   +0.173   +1.689   -1.509   +1.607
    +1.582   -0.179   -2.233   +2.355   -1.149   -1.561   +0.713   -1.217
    +2.924   -0.115   +2.967   -0.883   -2.901   +0.216   +0.326   -0.609
    -0.305   -1.129   +0.436   -0.598   -0.800   -1.727   +0.693   +2.092
    +1.037   +0.777   +1.641   +0.919   +0.126   -1.510   -0.080   -2.300
    +2.285   +0.849   +0.000   -0.552   -0.496   -1.725   -0.064   +0.031
    +0.478   -3.180   +1.646   -0.275   -2.163   -1.059   +0.556   -0.499
token ' you' question (strength 10.4):
    +0.710   -0.085   +1.319   +0.072   +0.766   +1.916   -0.326   -1.567
    +0.781   -0.568   +0.983   -0.392   -0.669   +1.543   -1.292   +1.241
    -0.036   -0.040   -2.638   +3.315   -0.801   -1.864   -0.044   -0.670
    +4.513   +0.734   +2.603   +1.034   -1.476   +0.252   +0.096   -0.275
    -0.543   -0.607   -0.119   -0.757   +0.525   -0.740   -0.158   +1.890
    -0.872   -1.245   +1.265   -0.346   -0.997   -1.161   +0.219   -1.861
    +1.148   +1.474   -0.665   +0.165   -1.298   -1.512   +0.146   -0.319
    +0.893   -1.106   +2.530   -0.899   -1.953   +0.657   +0.821   -0.421

--- station 9 · head 7 ---
token 'how' question (strength 27.5):
    -3.996   -0.959   +5.496   +1.780   +3.360   -0.463   +1.526   -1.873
    +0.033   -0.827   -0.891   +2.556   -0.717   -2.190   +0.169   -0.365
    -3.945   +0.014   -0.532   -2.309   -0.013   -0.634   -0.215   +0.168
    +0.757   -3.441   -0.273   +0.179   -0.088   +0.213   -0.077   -0.509
   +12.398   -2.164   -0.452   +2.643   +0.047   +2.633   -0.541   +0.346
    +2.806   +2.447   -1.157   +0.822   +0.573   -0.570   +0.975   -0.011
    +1.237   +0.122   -0.450   -0.208   -0.300   -8.688   -0.258   -0.064
    -0.250  +19.277   +0.843   +0.902   +0.492   +0.255   -0.294   +0.914
token ' are' question (strength 32.6):
    -4.765   -1.253   +7.082   +3.061   +1.994   +0.201   -1.191   -2.049
    -0.520   -0.458   -1.381   +2.395   -2.131   -2.680   +1.012   -0.551
    -5.060   +0.270   +0.198   -4.169   +0.262   +0.297   +0.520   +0.240
    -0.204   -4.680   -0.107   +0.478   -0.004   +0.306   -0.193   -1.603
   +15.859   -1.832   -1.537   +4.278   -0.424   +3.431   +0.616   +0.302
    +2.935   +2.778   -1.085   +1.612   +0.067   -2.088   +2.193   -0.277
    +0.587   -0.293   -0.885   +0.417   -0.622  -10.296   +0.128   +0.031
    +0.145  +21.197   -0.203   +0.330   +0.651   -0.135   -0.204   +1.916
token ' you' question (strength 32.1):
    -3.759   -0.475   +6.939   +2.208   +2.724   +0.709   -0.792   -2.123
    +0.169   -0.715   -1.338   +3.533   -2.034   -2.594   +0.516   -0.757
    -5.241   -0.026   +0.149   -3.608   +0.185   -0.143   -0.300   +0.169
    -0.128   -4.888   -0.066   +0.397   +0.163   +0.026   +0.294   -1.077
   +15.878   -2.283   -0.775   +3.655   -0.743   +3.078   -0.148   +0.568
    +2.845   +3.368   -1.045   +1.964   +0.403   -1.617   +1.891   -0.232
    +0.622   -0.378   -0.537   +0.161   -0.179  -10.398   +0.483   -0.074
    +0.332  +20.786   -0.121   +0.408   +0.686   -0.324   -0.281   +1.586

--- station 9 · head 8 ---
token 'how' question (strength 21.1):
    -1.712   -3.694   +2.807   +2.236   +1.255   +2.312   -1.828   -1.055
    +0.216   +0.413   -0.496   +1.925   +0.003   +0.054   +0.191   +1.192
    -1.769   +0.505   -0.323   -2.696   +0.164   +0.213   +0.253   +0.142
    +0.246   -0.804   +0.180   +0.178   +0.217   -0.136   +0.080   +0.070
    +1.837   -0.888   -3.327   +2.178   -1.398   +2.777   -1.799   +0.262
    +2.116   +2.005   -0.060   +0.867   -0.373   +0.252   +0.530   -0.593
    -0.016   +0.385   -0.006   -0.331   +0.496   -7.473   +0.019   -0.654
    +0.160  +16.962   +0.750   +0.637   +0.110   +0.049   -0.419   -0.297
token ' are' question (strength 21.0):
    -1.273   -3.382   +2.636   +2.759   +0.524   +2.455   -2.619   -0.187
    +0.129   -0.139   -0.599   +1.636   -0.681   -0.056   +0.236   +0.066
    -0.546   +0.419   +0.899   -3.958   -0.488   +0.137   +0.048   +0.056
    +0.670   -0.647   +0.538   +0.405   -0.348   -0.076   -0.694   -1.890
    +2.137   -0.883   -1.963   +0.698   -1.513   +2.591   -1.736   +1.234
    +1.502   +1.713   +0.674   +0.128   -0.044   +0.142   -0.164   +0.437
    -0.088   +0.016   +1.104   +0.558   +0.706   -8.020   +0.549   -0.743
    +0.212  +16.630   -0.069   -0.360   +0.044   -0.159   -0.202   +0.076
token ' you' question (strength 21.4):
    -1.300   -3.168   +3.111   +3.457   +0.664   +0.851   -2.571   +0.178
    -0.680   +0.441   -0.724   +1.869   -1.539   -0.025   +1.336   -0.339
    -1.216   +0.571   +1.611   -3.885   -1.067   +0.615   +0.027   +0.038
    +0.290   -1.149   +0.002   -0.196   +0.072   +0.203   -0.360   -0.155
    +1.719   +0.369   -2.648   +0.525   -2.210   +2.554   -2.170   +1.494
    +1.249   +1.981   +0.790   +0.309   +0.532   +0.283   +0.280   -0.121
    -0.436   -0.514   +0.805   -0.229   +1.361   -8.121   +0.273   -1.053
    +0.113  +16.711   +0.173   -0.234   -0.073   -0.767   -0.493   +0.455

--- station 9 · head 9 ---
token 'how' question (strength 19.3):
    +0.671   -0.742   +0.216   +2.622   -0.044   +2.855   -2.101   -0.841
    +2.027   +0.979   -2.160   +1.764   +0.124   -0.833   +0.591   -0.440
    -2.147   +1.329   -0.306   -2.715   +0.286   -0.763   -0.544   +0.951
    +0.312   -0.277   +0.401   -0.816   -0.140   -0.127   +0.903   +0.607
    -0.016   +1.166   -1.972   +0.114   -2.234   +0.683   +0.051   +0.798
    +1.830   +1.000   +0.609   -0.884   +0.304   +0.988   -0.030   -0.794
    +0.839   -0.091   +0.155   +1.433   +0.651   -6.501   +0.412   +0.263
    -0.290  +15.883   -0.029   -0.418   +0.302   -0.185   +0.925   -0.539
token ' are' question (strength 18.8):
    +0.313   -0.998   +0.130   +1.712   +0.163   +2.425   -1.464   -1.372
    +0.261   +1.277   -1.998   +0.501   -1.311   -0.232   +0.894   -0.034
    +1.320   +1.709   +0.212   -3.226   -0.978   -0.815   +0.565   -0.125
    -0.704   -0.375   +0.118   -0.633   -0.433   -0.560   -0.640   -2.225
    +0.436   +0.766   -1.401   -0.446   -1.868   +0.235   +0.275   +0.387
    +1.275   +0.057   +0.925   -1.222   -0.322   +0.491   -0.312   -0.299
    -0.083   -1.510   +1.095   +1.490   +0.274   -6.957   +0.823   -1.904
    +0.685  +15.351   +0.749   -0.757   +0.041   -1.118   +0.030   -0.027
token ' you' question (strength 20.6):
    +0.412   -0.513   +0.187   +2.254   +0.001   +2.277   -2.207   -0.440
    +0.808   +2.109   -1.376   +2.264   -1.652   -0.675   +2.804   -1.438
    +0.507   +2.277   +1.953   -3.534   -0.758   +0.086   +0.797   -0.889
    +0.001   -0.977   +0.312   -1.304   -0.112   -0.258   -0.160   -0.143
    +0.149   +1.088   -1.653   -0.243   -2.312   +0.427   +0.426   +0.145
    +0.842   +0.036   +1.055   -1.056   +0.849   +0.567   -0.634   -1.108
    -0.113   -1.793   +1.709   +0.319   +0.559   -7.825   +0.018   -0.764
    -0.571  +16.394   +0.269   -0.815   +0.384   -2.019   -0.889   -0.386

--- station 9 · head 10 ---
token 'how' question (strength 18.6):
    -0.828   -1.259   +1.198   +0.845   +1.176   +0.861   -1.176   -0.191
    -0.062   +1.450   +0.379   +2.379   +0.348   -0.879   +0.071   +0.521
    -0.957   +1.172   +1.409   -2.313   +0.418   -0.462   +0.255   -0.320
    -0.882   -0.044   -0.123   -1.151   -0.620   +0.114   -0.432   -0.291
    +0.555   -0.952   -0.491   +1.309   -1.559   +1.457   -1.055   +0.145
    +2.602   +2.250   -0.789   +0.099   -0.488   +0.288   -0.688   -0.466
    +1.447   -0.047   +0.823   -0.698   -0.851   -6.279   -0.646   -0.769
    +0.403  +15.706   +0.612   -0.258   +0.450   -0.138   -0.477   -0.093
token ' are' question (strength 18.9):
    -0.889   -2.046   +1.809   +0.802   +1.001   +1.152   -1.490   -0.022
    -0.830   -0.655   +0.459   +2.129   -0.516   -0.383   +0.230   +0.753
    -2.347   +0.254   +1.159   -2.989   +1.485   -0.489   -0.034   -0.018
    +0.382   -0.772   -0.678   +0.083   -0.795   +0.605   -0.662   -0.634
    +0.623   -0.823   +0.182   +1.392   -1.660   +1.540   -1.261   +1.225
    +2.057   +1.485   +1.129   +0.526   +0.144   -0.973   +0.436   -0.519
    +0.633   +0.924   -0.303   +1.358   -0.686   -7.102   +0.171   +0.387
    +0.437  +15.468   -0.935   -0.413   -0.096   -1.008   +0.170   +0.682
token ' you' question (strength 19.6):
    -0.518   -1.034   +1.885   +1.576   +1.659   +0.537   -0.576   -0.897
    -1.167   +0.327   +1.217   +2.499   +0.059   -1.459   +0.224   -0.393
    -2.344   +1.391   +1.715   -3.736   +1.088   -0.550   +0.325   -0.149
    +1.140   -1.209   -0.652   +0.607   -1.151   +0.101   -0.435   +0.063
    +0.017   -0.308   -0.095   +1.361   -1.827   +1.838   -1.162   +1.426
    +2.142   +1.949   +2.236   -0.618   +0.632   -1.870   -0.263   -0.787
    +0.510   -0.370   +0.551   +1.055   +0.580   -7.130   +0.556   +0.082
    -0.380  +15.633   -0.133   -0.609   +0.043   -1.520   -0.003   +0.317

--- station 9 · head 11 ---
token 'how' question (strength 18.8):
    -0.562   -2.227   +0.995   +2.640   +0.659   +1.470   -0.601   -0.730
    +0.425   +0.411   -1.267   +2.664   -0.138   -1.418   +0.161   -0.016
    -1.338   +0.469   +0.274   -2.307   +0.218   +0.016   -0.018   -0.212
    -0.193   -0.317   -0.330   +0.213   +0.174   -0.321   -0.572   -0.732
    +0.915   -1.399   -2.832   +1.787   -0.607   +1.566   -1.247   +0.747
    +2.337   +2.505   -1.409   +0.102   +1.184   +0.525   +0.271   +0.003
    +1.398   +0.282   +0.355   +0.187   +0.003   -6.421   +0.013   +0.518
    +0.262  +15.380   +0.243   +0.438   -0.006   -0.458   +0.150   -0.162
token ' are' question (strength 19.3):
    -0.843   -2.827   +1.156   +2.637   +0.020   +1.032   -1.509   -1.447
    +0.757   -0.108   -1.505   +2.619   -0.421   -1.162   +0.174   -0.137
    -2.759   +1.082   +0.738   -3.464   -0.014   -0.002   -0.136   -0.328
    +0.208   -0.899   -0.121   -0.010   -0.090   +0.166   +0.333   +0.174
    +1.141   -1.026   -1.956   +1.805   -1.084   +1.637   -0.778   +0.837
    +1.847   +1.811   -0.494   +0.334   +0.889   -0.779   +1.372   -0.616
    +1.282   -0.095   -0.396   +0.055   +0.105   -7.082   -0.229   -0.326
    -0.390  +15.486   +0.166   +0.046   -0.365   +0.060   -0.221   -0.233
token ' you' question (strength 19.7):
    -0.739   -3.076   +0.700   +2.574   +0.709   +1.478   -1.742   -1.373
    +0.799   -0.662   -1.434   +2.662   -0.647   -0.952   +0.099   -0.174
    -2.585   +1.266   +0.616   -3.666   +0.472   -0.007   +0.613   -0.205
    -0.070   -0.921   +0.154   +0.066   -0.439   +0.109   +0.279   +0.040
    +0.980   -0.307   -1.909   +2.059   -1.056   +1.535   -0.745   +1.279
    +1.585   +1.997   -0.729   -0.031   +0.721   -0.767   +0.919   -0.461
    +0.740   -0.054   -0.989   +0.512   -0.580   -7.210   -0.336   -0.986
    +0.091  +15.707   +0.389   +0.194   -0.054   +0.258   +0.244   -0.123

--- station 9 · head 12 ---
token 'how' question (strength 21.7):
    -2.052   -2.845   +2.041   +2.569   +1.516   +2.144   -1.091   -1.217
    +0.991   +0.600   -1.806   +2.552   -1.770   -1.791   -0.252   -0.293
    -1.848   +0.749   +0.745   -3.503   +0.060   +0.216   -1.174   +0.479
    -0.420   -0.621   +0.137   -0.091   -0.187   -0.568   -0.218   -0.225
    +0.838   -1.795   -0.849   +2.734   -2.711   +3.285   -0.002   +0.697
    +3.361   +2.259   -0.849   -1.030   -0.114   -1.045   +0.841   +0.003
    +0.613   -0.783   -0.065   +0.465   -0.119   -7.790   -0.889   -1.647
    -0.543  +16.906   +0.407   +0.389   -0.067   +0.656   -0.330   -0.165
token ' are' question (strength 22.2):
    -0.767   -3.516   +2.251   +2.326   +0.990   +2.298   -3.108   -1.038
    +1.219   -0.943   -1.200   +2.974   -1.029   -0.891   +0.281   +0.085
    -3.049   +0.971   +0.852   -4.410   +1.153   -0.468   -0.280   -0.043
    +0.348   -0.811   -0.209   -0.030   -0.752   +0.439   -0.615   -0.765
    +1.627   -0.767   -0.745   +1.893   -2.057   +2.686   +0.098   +1.469
    +2.147   +2.066   +1.272   +0.285   +0.692   -1.526   +1.107   -0.613
    +0.464   +0.535   -0.229   +0.665   -0.596   -8.581   +0.195   +0.309
    -0.177  +17.098   -0.340   -0.035   -0.958   -0.492   -0.393   -0.025
token ' you' question (strength 22.3):
    -0.620   -2.560   +2.185   +3.375   +1.995   +1.330   -2.875   -1.238
    +1.324   -2.288   -1.007   +2.691   -1.703   -0.632   +0.343   +0.516
    -3.066   +0.764   +0.395   -4.497   +0.843   -0.529   -0.184   +0.079
    +0.360   -1.016   -0.011   +1.150   -0.797   +0.516   -0.132   -0.447
    +0.735   +0.185   -0.956   +1.679   -3.306   +3.057   +0.371   +1.823
    +1.267   +2.299   +0.812   +1.018   +1.177   -1.089   +1.145   -0.415
    -0.546   +0.544   -0.094   +0.816   +0.074   -8.486   -0.214   -0.188
    -0.050  +17.013   +0.055   -0.339   -1.140   -0.028   +0.024   +0.165

--- station 9 · head 13 ---
token 'how' question (strength 19.5):
    -0.760   -1.809   +1.460   +2.048   +0.342   +2.106   -2.152   -0.635
    +0.746   +0.880   -1.556   +1.632   -0.560   -0.902   +0.756   +0.042
    -1.685   +1.332   -0.065   -2.114   -0.227   -0.502   +0.339   +0.485
    -0.094   -0.302   +0.030   -0.261   +0.626   +0.752   -0.529   +0.242
    +0.519   -0.424   -1.409   +1.825   -1.736   +2.228   -0.669   +1.578
    +2.069   +1.806   +0.494   -0.131   -0.388   -0.504   +0.920   -0.716
    +0.433   -0.831   -0.322   +0.323   -0.419   -7.175   +0.627   -0.359
    -0.042  +16.154   +0.610   -0.188   +0.725   -0.044   +0.423   -0.421
token ' are' question (strength 19.4):
    -0.700   -2.507   +1.474   +2.116   -0.363   +2.137   -2.573   -0.811
    -0.484   +0.200   -0.279   +0.304   -0.411   -1.090   +0.308   -1.030
    -0.489   +1.508   -0.192   -2.986   -0.060   -0.466   +0.899   +0.572
    -0.957   -0.469   +0.490   +1.370   +0.864   +0.097   +1.214   -1.460
    +1.143   -0.310   -1.128   +1.110   -1.678   +1.634   -0.432   +1.105
    +1.871   +1.233   +0.669   +0.453   -0.703   +0.374   -0.478   -1.739
    +1.068   -0.919   +1.299   +0.186   -0.121   -7.381   -0.422   -0.903
    +0.189  +15.765   +0.328   -0.475   +0.168   -0.674   -0.392   -0.536
token ' you' question (strength 19.1):
    -0.559   -1.822   +1.570   +2.219   -0.359   +1.050   -1.394   -0.847
    -0.133   +1.124   -0.499   -0.029   -1.261   -0.345   +0.963   -1.062
    -0.534   +1.905   +0.324   -3.488   +0.137   -0.214   +0.726   +0.144
    -0.353   -0.865   -0.131   -0.572   +1.216   -0.282   +1.238   -0.448
    +0.477   +0.038   -1.610   +0.865   -1.834   +1.868   -0.156   -0.231
    +2.204   +1.139   +0.563   +0.049   -1.055   +0.773   +0.740   -1.409
    +1.418   +0.076   +0.154   -0.688   +0.364   -7.296   -0.583   -0.184
    -0.412  +15.608   +0.634   -0.427   +0.276   -1.623   +0.334   +0.109


############ STATION 10 ############

--- station 10 · head 0 ---
token 'how' question (strength 18.5):
    -0.464   -1.099   +0.307   +1.120   +0.335   +1.730   -0.373   -0.148
    -0.474   -1.502   +0.723   -0.419   -1.604   -0.721   -2.365   -0.187
    +0.046   -0.828   -0.028   +0.150   +0.676   -0.305   +6.473   -0.322
    -0.836  -15.503   -1.365   +0.516   +0.319   +0.113   -0.295   +1.747
    +0.972   -0.608   +1.344   -1.815   -0.224   -1.440   -0.480   +2.660
    +1.386   +0.194   +0.814   +0.305   -1.346   -0.556   +0.825   -1.599
    -1.614   -0.309   -0.395   -0.100   +0.202   +0.742   -2.698   +0.294
    +0.278   -0.499   -0.121   +0.033   +0.180   +0.344   +0.197   -0.976
token ' are' question (strength 18.8):
    -1.449   -1.197   -0.841   +1.005   -0.769   +1.152   -1.778   -0.596
    +0.279   -1.822   +0.232   +0.630   -0.459   -1.262   -0.287   -1.248
    -0.601   -1.714   -1.129   +1.062   +0.953   +0.023   +6.004   +0.219
    -1.040  -15.338   +0.065   +0.881   -0.119   -0.910   +0.525   +3.451
    +1.134   -2.208   -0.907   -0.502   -0.448   -1.440   -0.712   +1.250
    +0.422   -1.967   +0.839   +0.046   -0.175   -0.234   +0.079   -1.831
    -0.353   +0.175   -1.210   -0.761   +1.050   +0.437   -3.697   +1.433
    +0.042   -0.329   +0.742   -0.753   +0.310   -1.854   -0.605   -0.025
token ' you' question (strength 18.7):
    -0.771   -1.242   +0.593   +1.103   -0.221   +2.394   -0.587   -0.620
    +0.366   -1.132   +0.705   -0.222   -1.283   -0.438   -1.065   -1.192
    -0.665   -1.781   -0.368   +0.509   +0.643   +0.613   +6.517   -0.032
    -0.858  -14.944   -0.447   +0.644   -0.098   -0.614   +0.605   +4.015
    +0.861   -0.808   +0.527   -1.288   +0.218   -1.374   -0.576   +2.619
    -0.326   +0.183   -0.852   -0.696   -0.387   -1.188   +0.724   -1.620
    -1.541   -0.198   -1.359   -0.817   +0.826   +0.570   -3.602   +1.163
    -0.085   -0.805   +0.720   +0.235   +0.727   -1.354   -0.348   -0.570

--- station 10 · head 1 ---
token 'how' question (strength 19.9):
    -1.241   +2.207   -0.766   +1.477   +0.918   +1.359   -0.268   -0.860
    +0.082   -2.359   +0.428   -0.165   -1.504   +0.703   -3.219   -0.091
    +0.312   -0.701   -0.068   +0.905   +0.157   +0.328   +6.249   -0.415
    +0.041  -16.408   +0.549   +1.400   -0.278   -1.391   -0.225   +1.445
    -2.978   -1.068   -1.469   -0.733   +0.619   +0.775   -1.323   +1.855
    +0.863   -0.304   -0.317   -0.789   -0.315   +0.373   +0.910   -0.441
    -0.708   +0.100   -0.365   +0.167   +0.053   +0.920   -4.507   +0.153
    +0.142   -0.996   +0.503   -0.076   -0.034   +0.128   +0.225   -1.124
token ' are' question (strength 17.7):
    -1.077   +0.406   +0.063   +1.141   +2.416   +0.147   +0.350   +0.213
    +1.248   -1.276   +1.089   +0.106   -0.771   +0.416   -1.167   +0.023
    -0.203   -0.822   -0.427   -0.215   +0.501   -0.735   +5.999   +0.690
    -0.385  -14.097   -0.276   +1.649   +1.132   +0.403   -0.499   +3.065
    -1.813   -2.082   -0.276   +1.303   +0.441   -1.240   -1.041   +2.154
    +0.926   -0.416   +0.259   +0.180   -0.525   -0.584   +0.718   -1.209
    -1.360   -0.566   -1.209   +0.007   -0.466   +1.105   -3.962   +0.657
    +0.449   -1.295   +0.222   -1.908   +0.645   +0.074   -0.256   -0.295
token ' you' question (strength 20.1):
    -1.152   +0.994   -0.689   +1.096   +2.076   +0.753   +0.100   +1.102
    +1.272   -1.160   +1.128   -0.006   -2.028   +0.091   -0.604   +0.274
    -0.210   +0.085   -0.532   -0.716   -0.163   -0.815   +6.131   +0.732
    +0.361  -16.343   +0.101   +2.126   +0.405   +0.444   -1.132   +3.589
    -2.150   -0.780   +0.211   -0.264   +0.671   +0.129   -0.843   +2.234
    +1.470   -0.389   +0.255   +0.170   +0.162   +0.007   +0.832   -0.914
    -2.311   -0.784   -0.697   -0.944   -0.019   -0.485   -5.348   +0.392
    +0.576   -1.483   +0.460   -1.377   +1.185   -0.766   +0.532   +0.238

--- station 10 · head 2 ---
token 'how' question (strength 16.0):
    -0.978   -0.639   -0.252   +0.207   +0.344   +0.804   +0.106   +1.077
    +0.223   -0.760   -1.016   +0.019   -1.328   -0.334   -1.391   -0.766
    -0.132   +0.680   +0.299   -0.561   +0.011   +0.529   +6.216   +0.006
    -0.089  -13.980   +0.277   -0.448   -0.427   +0.141   -0.170   +0.306
    +0.379   -0.217   +0.365   -0.246   -1.323   -0.329   -0.116   +1.173
    +0.169   -0.151   -0.517   +0.508   -0.333   +0.097   +1.539   +0.111
    -0.150   -0.509   -0.602   +0.373   +0.467   +0.496   -0.664   -0.321
    +0.099   +0.105   -0.383   +0.342   +0.132   +0.634   -0.354   -0.206
token ' are' question (strength 14.6):
    -0.658   +0.065   -1.376   +0.416   +0.266   +0.266   -1.658   +0.014
    +0.563   -0.078   -0.510   -0.225   -0.748   -0.474   -0.718   +0.084
    -0.524   +0.449   +0.622   +0.139   +0.612   +0.076   +6.512   +0.491
    -1.019  -11.912   +0.182   -0.815   -0.506   +1.452   -0.453   +2.076
    +0.682   -0.721   -0.050   +0.365   -0.241   -0.943   -0.775   +0.674
    -0.611   -0.538   +0.251   +0.193   -0.400   +0.199   +1.102   -0.099
    -0.848   -0.256   +0.647   -0.240   +0.789   -0.480   -0.921   +0.750
    -0.439   +0.656   +0.040   +0.035   +0.180   -0.262   -0.641   +0.511
token ' you' question (strength 18.2):
    -0.209   +0.361   -0.305   +0.668   +0.735   +1.433   -1.345   +0.464
    +0.784   -0.453   -0.392   +0.163   -2.174   +0.191   -2.033   +0.422
    +0.337   +0.091   +0.136   -0.500   -0.441   -0.089   +6.283   +0.698
    -0.659  -15.225   +0.388   -0.467   -0.081   +1.566   -0.284   +3.214
    -0.226   -0.399   +0.034   -0.141   -1.414   -0.196   -0.903   +1.415
    -0.691   +0.560   -0.703   -0.252   -0.587   -0.329   +1.577   -0.869
    -1.426   -1.581   -0.556   -0.300   -0.368   -0.682   -3.226   +0.248
    +0.175   -0.270   -1.224   +0.301   -0.813   -0.391   -0.278   -0.337

--- station 10 · head 3 ---
token 'how' question (strength 19.1):
    +0.373   -0.844   +0.667   -0.792   +0.322   -0.092   -0.865   +0.622
    +0.435   -0.923   -0.441   -0.498   -1.507   +0.342   -1.217   -0.751
    +0.311   -0.555   -0.618   -1.157   +0.136   +0.323   +5.449   -0.264
    -0.765  -17.370   +0.049   +0.236   +0.305   -0.175   -0.123   +1.931
    +1.100   +0.913   +0.814   -1.484   -0.838   -0.968   +0.471   +1.647
    -0.469   +0.287   -0.210   -0.428   +0.072   -0.206   +1.505   -0.756
    -0.541   +0.484   +0.031   +0.271   +0.614   +0.693   -0.993   +0.611
    +0.008   +0.249   -0.985   -0.151   +0.554   +0.086   -0.017   -0.229
token ' are' question (strength 17.0):
    -0.146   -0.759   -0.336   -0.536   -0.089   -0.116   -1.092   +0.095
    +0.379   -0.085   -0.642   +0.023   -0.233   -0.419   -0.280   -0.573
    -0.921   -0.560   -0.513   -0.280   +0.835   -0.018   +5.734   +1.370
    -1.696  -14.895   +0.361   +1.063   +0.450   +1.242   -0.315   +2.223
    +0.671   -0.279   +0.620   -0.961   -0.243   -1.272   -0.722   +0.270
    -0.190   -1.187   -0.239   +0.534   +0.659   +0.229   +1.367   -1.049
    -1.093   -0.491   +0.684   -0.026   -0.106   +0.394   -0.746   +1.333
    -0.464   +0.302   +0.464   -1.321   +0.380   -0.613   -0.141   -0.440
token ' you' question (strength 16.8):
    +0.283   -0.741   +0.418   -0.292   -0.114   +0.104   -0.459   -0.006
    +0.583   -0.614   +0.035   +0.014   -1.493   -0.191   -1.061   -0.321
    -0.051   -0.139   -0.801   -0.302   +0.792   +0.210   +5.654   +0.854
    -1.349  -14.359   +0.277   +1.303   -0.325   +1.110   -0.624   +3.581
    +0.224   +0.234   +0.350   -1.205   -0.809   -0.577   -0.636   +0.556
    -0.280   +0.185   -0.511   -0.408   -0.022   -0.197   +1.833   -0.922
    -1.138   -1.200   +0.390   -1.310   -0.353   +0.057   -1.805   +0.897
    -0.142   -0.148   -0.496   -0.614   +1.048   -0.640   +0.168   +0.090

--- station 10 · head 4 ---
token 'how' question (strength 17.3):
    +1.156   -0.079   +1.580   -1.901   -0.646   -0.975   -1.044   +1.463
    -0.117   +0.131   -0.369   +0.248   -0.718   +0.192   +0.073   -0.859
    +0.156   +0.314   +0.549   -0.038   -0.246   +0.715   +7.567   -0.774
    -0.029  -13.944   +0.600   -1.602   +1.226   -0.994   -1.224   +2.177
    +0.251   +1.374   +0.202   -1.162   -1.263   -1.312   +1.377   -0.357
    -0.979   +1.024   -0.561   +0.035   +0.613   +0.000   +0.046   +0.098
    -0.164   +0.122   +1.903   +0.746   +0.521   +1.219   +0.109   -0.529
    +0.223   +0.203   -1.088   -0.480   +1.612   +0.221   -0.786   -0.115
token ' are' question (strength 21.8):
    +1.357   -1.128   +0.886   -1.273   -0.187   -0.319   -0.395   +0.866
    +0.166   +1.195   -1.971   +0.211   +0.401   -0.835   +1.765   -0.387
    -1.098   -0.404   +0.928   -1.470   +0.820   -0.728   +7.418   +1.677
    +0.332  -16.590   +2.598   +0.463   +2.967   +1.551   -5.748   +4.432
    +0.757   +1.153   +0.999   -0.613   -1.037   -0.751   -0.291   -0.028
    -0.139   +0.520   -1.049   +2.024   +2.593   -0.004   +0.040   -0.710
    -2.402   -0.261   +0.414   +0.549   -1.608   -1.552   +2.127   +0.232
    -0.245   +0.029   +1.410   -3.250   +1.236   -0.010   -1.370   -0.914
token ' you' question (strength 19.6):
    +1.403   -1.146   +1.255   -1.213   -0.180   -0.607   -0.212   +1.173
    +0.181   +0.681   -0.284   +0.422   -0.747   -0.016   +1.709   +0.755
    +0.117   -0.113   +0.851   -1.331   +1.201   -1.199   +6.247   +0.907
    +0.663  -13.614   +1.675   +1.338   +0.871   +0.754   -5.139   +6.723
    +0.764   +1.494   +0.880   -1.028   -1.268   -0.651   +0.120   -0.123
    -0.559   +1.287   -1.567   +2.176   +2.212   +1.183   -0.133   +0.033
    -2.141   -0.132   +1.541   -0.992   -1.970   -2.235   +1.821   -0.557
    +0.529   +0.605   +0.092   -3.280   +1.727   -2.028   -0.729   +0.535

--- station 10 · head 5 ---
token 'how' question (strength 20.1):
    -2.034   -2.025   +0.665   +1.231   +0.263   +1.693   -0.208   +1.970
    -1.410   -1.529   +1.824   +0.204   -1.990   -1.286   -0.570   -0.920
    +0.006   -0.501   -1.012   -0.604   -0.109   -0.756   +7.770   +0.330
    +0.284  -15.801   -0.050   -0.364   +0.382   -0.813   -0.065   +1.893
    +1.944   -0.291   +2.010   -1.944   -1.943   -1.777   -0.699   +2.495
    +1.156   -0.020   +0.164   +0.474   -2.034   -0.454   +0.613   -2.118
    -2.069   -0.102   +1.629   +0.926   -1.959   +0.369   -2.446   +0.375
    +0.033   -0.731   +0.062   -0.152   -0.302   +0.335   +0.286   +0.393
token ' are' question (strength 19.4):
    -1.160   -1.217   -1.054   +0.563   +1.132   -0.126   -2.176   +0.483
    +0.552   -0.185   -0.979   +1.574   -0.339   -0.648   +0.255   +0.711
    -0.458   -1.456   +0.224   +0.941   +1.393   -1.212   +6.852   +0.238
    -0.670  -16.075   +1.416   +0.669   +0.141   +0.720   -0.787   +2.629
    +0.906   -0.941   -0.127   -0.945   -0.999   -3.125   +0.005   +1.474
    -0.413   -1.073   +0.543   +0.726   +0.419   +0.074   +1.089   -1.695
    -1.200   -0.983   +0.931   -0.916   -0.194   -0.988   -0.864   +1.016
    -0.835   +0.447   +1.160   -2.073   +0.111   -0.611   -1.228   +0.233
token ' you' question (strength 20.6):
    -0.926   -1.731   +0.804   +1.416   +1.009   +1.111   -1.639   +1.176
    +0.405   -0.313   +0.336   +1.357   -1.192   +0.036   -0.481   +0.640
    +0.098   -1.788   +0.185   +0.436   +0.264   -1.149   +6.062   +0.657
    -0.394  -17.081   +0.162   +1.207   +0.455   +0.539   -0.740   +4.233
    +1.291   -0.389   +0.733   -2.235   -2.140   -1.977   +0.242   +1.719
    -0.016   +0.129   -0.681   -0.279   +0.257   -0.039   +1.496   -1.597
    -1.551   -2.382   +0.587   -0.756   -0.737   -1.321   -3.018   +1.011
    -0.763   +0.096   +0.983   -0.586   +0.912   -1.296   -0.113   +1.213

--- station 10 · head 6 ---
token 'how' question (strength 15.8):
    +0.416   -0.332   +0.637   -1.015   +0.123   +0.036   -0.489   +1.259
    +1.195   -0.080   -0.131   -0.159   -1.206   -1.350   -0.490   -1.349
    +0.393   -0.281   -0.391   -0.050   -0.260   -0.341   +6.371   -0.548
    -1.101  -13.388   -1.160   +0.061   +0.314   +1.058   -0.760   +1.684
    +0.436   +0.732   +0.302   -0.889   -0.814   -1.101   +0.461   +1.275
    +0.324   +0.799   -0.493   -0.095   +0.285   -0.451   +0.666   -0.610
    -0.878   -0.458   -0.389   +0.217   +0.235   +0.474   -1.180   -0.026
    +0.043   +0.734   +0.312   -0.438   +0.381   -0.380   -0.578   -0.031
token ' are' question (strength 20.4):
    +0.574   -0.502   +0.047   -0.541   +0.343   -0.345   -1.207   +0.546
    +1.098   +0.696   -1.056   +0.712   +0.056   -0.839   +1.015   -1.989
    -1.907   -0.204   +0.087   -0.462   +2.473   -1.385   +7.474   +1.113
    -0.872  -17.025   +0.115   +0.466   -0.310   +1.039   -0.686   +1.964
    +0.401   +0.329   +0.666   -0.355   -0.408   -1.167   +0.039   +0.318
    -0.245   -0.100   -0.729   +1.195   +1.334   -2.412   +0.832   -0.113
    -1.711   -1.262   -0.871   +1.258   -0.730   -0.531   -0.519   +0.322
    +0.214   -0.370   +0.966   -1.939   -0.762   -2.689   -1.026   -1.641
token ' you' question (strength 21.3):
    +0.505   -0.369   +0.632   -0.924   +0.568   -0.139   -0.624   +1.192
    +1.219   -0.276   +0.082   +0.512   -1.483   +0.834   +1.082   -0.116
    +0.147   -0.342   +0.841   -0.831   +0.289   -1.467   +7.184   +1.513
    -2.480  -16.295   -0.704   +3.103   -0.261   +1.671   -1.874   +6.181
    +0.279   +0.841   +1.015   -0.951   -1.595   -0.987   -0.143   +0.742
    -0.009   +1.189   -2.299   +0.664   +2.071   -1.744   +0.960   -0.419
    -1.482   -2.325   -1.162   -0.889   -2.012   -2.568   -1.393   -0.175
    +1.772   +0.246   +0.197   -0.663   +1.846   -2.462   +0.824   -0.006

--- station 10 · head 7 ---
token 'how' question (strength 23.0):
    -0.115   +0.015   -0.095   -0.079   +0.028   +0.057   +0.043   -0.149
    +0.017   -0.053   -0.061   -0.075   +0.089   +0.033   +0.024   -0.129
    -0.062   -0.099   -0.937   -0.601   +0.025   +3.757   -0.928   +1.171
    +1.171   -0.687   +0.166   +0.162   -0.339   -0.506   +0.046  +17.103
    -0.016   -0.075   +0.043   -0.079   -0.205   -0.021   +0.011   +0.040
    +0.139   -0.018   -0.004   -0.046   -0.098   +0.099   -0.109   -0.202
    -0.185   +0.314   -1.218   +0.240   +0.628   -4.334   -2.844   -2.324
    +0.217   +0.062   -0.289   -0.379   +0.181   +0.052   -0.044  +13.521
token ' are' question (strength 27.9):
    +0.029   -0.116   -0.303   +0.194   +0.348   -0.338   -0.065   +0.065
    -0.027   -0.063   +0.111   +0.064   -0.365   +0.081   +0.112   -0.281
    +0.537   -0.709   -0.228   -0.731   +1.280   +3.585   -1.576   -0.167
    -1.524   +1.792   -1.338   +2.813   +1.368   -3.333   +3.172  +20.181
    -0.181   -0.155   -0.051   +0.096   +0.067   +0.246   +0.135   +0.001
    -0.078   -0.102   -0.168   -0.090   -0.112   -0.182   -0.124   -0.564
    -0.247   +0.651   -0.352   -0.506   +1.375   -3.900   -3.735   -2.490
    -2.108   +1.285   -2.294   -3.901   -0.839   -0.597   -1.632  +15.732
token ' you' question (strength 28.1):
    -0.019   -0.179   -0.238   -0.025   +0.286   -0.212   -0.076   -0.022
    -0.040   -0.115   +0.221   +0.001   -0.352   +0.130   +0.269   -0.296
    +0.487   -0.678   +0.052   -0.989   +1.488   +3.716   -1.321   -1.633
    +1.149   +4.368   +0.278   +1.896   -1.922   +1.250   +1.232  +20.365
    -0.323   -0.071   +0.039   +0.067   -0.104   -0.082   +0.316   +0.077
    -0.048   -0.229   +0.033   -0.032   -0.102   -0.054   -0.199   -0.506
    -0.176   +0.624   -0.318   -0.302   +0.674   -4.125   -3.185   -2.011
    -2.543   -0.083   -2.310   -3.919   -3.314   +3.457   -0.846  +15.491

--- station 10 · head 8 ---
token 'how' question (strength 24.0):
    +0.026   -0.062   +0.113   -0.045   -0.267   -0.112   +0.027   -0.160
    -0.127   -0.127   +0.202   +0.363   +0.271   +0.589   -0.228   -0.638
    -0.371   -0.270   -2.817   -0.064   +0.797   -3.368   +2.123   +1.236
    -0.505   -0.037   -0.077   +0.326   -0.334   -0.344   -0.172  +16.354
    -0.159   +0.079   +0.130   -0.172   -0.049   -0.029   -0.079   +0.135
    -0.065   -0.400   +0.214   +0.104   -0.666   +0.495   +1.109   +0.170
    +1.788   -0.671   -1.123   +0.472   -0.205   +3.108   +1.008   +2.035
    +0.663   -0.102   +0.089   -0.115   +0.206   +0.081   +0.098  +16.002
token ' are' question (strength 28.0):
    -0.850   +0.108   -0.062   +0.249   -0.100   -0.006   +0.173   -0.214
    -0.585   -0.133   +0.803   +0.620   +0.494   +0.490   -0.853   -0.862
    -0.406   +0.540   +0.065   +1.319   +0.175   -2.004   +2.351   +2.264
    +1.014   -0.331   -0.168   +3.686   +1.361   -2.796   +2.958  +19.502
    +0.040   -0.376   +0.232   -0.066   -0.279   -0.086   -0.397   +0.090
    -0.168   -0.623   -0.516   +0.093   -0.961   +0.978   +1.104   +0.022
    +0.979   -0.252   -1.485   -0.141   -0.881   +2.415   +0.756   +0.247
    -2.687   +2.362   -2.546   -1.900   -0.118   -1.156   -0.813  +17.581
token ' you' question (strength 28.6):
    -0.727   +0.240   +0.151   +0.298   -0.239   +0.154   +0.191   -0.502
    -0.572   +0.185   +1.016   +0.908   +0.353   +0.313   -0.806   -0.324
    -0.453   -0.068   -0.133   +1.770   -0.766   -2.722   +2.130   +1.292
    +1.977   +2.062   +0.922   +3.062   -0.511   +0.213   +1.121  +20.303
    -0.005   -0.293   +0.276   -0.119   -0.295   -0.134   -0.560   -0.059
    -0.443   -1.121   -0.298   +0.014   -0.968   +1.080   +1.405   -0.185
    +1.425   -0.199   -1.451   -0.374   -1.043   +3.308   +0.495   -1.914
    -0.492   +3.309   -1.681   -2.554   -3.226   +3.549   -0.516  +17.117

--- station 10 · head 9 ---
token 'how' question (strength 23.1):
    +0.008   +0.037   -0.018   +0.059   -0.061   -0.186   -0.167   +0.010
    +0.064   -0.130   -0.173   -0.114   -0.364   -0.112   +0.166   +0.145
    +0.840   -0.020   -0.176   +0.251   -0.209   +2.067   +2.590   +2.282
    +0.079   -0.191   +0.145   +0.286   -0.358   -0.444   -0.110  +16.714
    -0.089   +0.188   +0.072   -0.032   +0.056   +0.152   +0.036   +0.099
    +0.354   +0.150   -0.184   -0.157   -0.003   -0.187   -0.026   +0.051
    -0.480   +0.258   +1.841   -0.249   -0.875   +3.991   -1.309   +0.354
    +0.703   -0.123   +0.130   -0.227   +0.140   -0.004   +0.098  +14.659
token ' are' question (strength 27.3):
    -0.129   +0.121   +0.157   -0.450   -0.060   -0.098   -0.050   +0.226
    +0.207   -0.039   -0.543   -0.543   -0.627   -0.410   +0.968   +0.511
    +1.068   -0.522   -1.701   -0.007   -0.679   +1.632   +2.942   +1.910
    +0.101   +0.428   -0.562   +3.657   +1.332   -2.912   +3.128  +19.202
    +0.193   -0.132   +0.152   -0.146   +0.007   -0.118   -0.293   -0.020
    +0.060   +0.171   +0.101   -0.160   +0.585   -0.683   -0.150   -0.287
    +0.413   -0.404   +2.035   -0.475   -0.186   +3.402   -2.158   -1.080
    -2.726   +2.367   -2.522   -2.435   -0.205   -1.032   -1.035  +16.385
token ' you' question (strength 27.1):
    -0.030   +0.085   +0.319   -0.195   +0.039   -0.170   +0.027   +0.237
    +0.258   -0.204   -0.628   -0.601   -0.573   -0.239   +0.816   +0.270
    +1.177   -0.660   -1.985   +0.045   -0.933   +1.479   +2.155   +0.558
    +1.997   +3.184   +0.769   +2.855   -0.846   +0.568   +1.237  +19.456
    -0.034   +0.079   +0.180   -0.225   +0.287   +0.070   -0.135   +0.047
    +0.427   +0.347   -0.080   -0.321   +0.564   -0.760   -0.168   -0.164
    +0.302   -0.166   +1.940   -0.818   +0.559   +3.888   -1.534   -2.357
    -1.078   +2.760   -1.905   -2.976   -3.341   +3.647   -0.631  +15.509

--- station 10 · head 10 ---
token 'how' question (strength 22.1):
    -0.357   +0.244   -0.031   -0.094   -0.090   -0.067   -0.046   +0.435
    +0.890   +0.691   -0.363   -0.568   +1.549   -0.384   -2.060   -1.578
    -2.622   +0.282   +0.490   -0.292   +0.290   -3.832   +0.413   -0.142
    -0.726   +0.458   -0.143   +0.221   -0.183   -0.226   -0.144  +14.844
    -0.421   +0.167   -0.186   -0.111   +0.159   +0.215   +0.492   +0.346
    +0.161   +0.668   +1.146   +0.871   +0.968   +0.068   -0.270   -0.145
    +0.136   +0.191   -3.902   +0.335   -0.236   -0.319   +1.959   +1.972
    +0.585   +0.159   +0.287   +0.080   +0.121   +0.045   +0.156  +14.346
token ' are' question (strength 23.6):
    -1.009   +0.541   -0.389   +0.234   +0.160   -0.270   +0.588   -0.197
    -0.372   +1.121   +1.899   +1.656   +1.571   -0.588   -1.761   -1.949
    -1.689   +0.648   +3.173   +0.417   -0.071   -2.803   +1.134   +1.159
    +0.447   -0.261   -0.171   +2.540   +0.903   -2.030   +2.076  +15.904
    -0.894   -0.844   -0.410   +0.631   +0.134   +0.456   +0.141   -0.453
    -0.891   -0.715   +0.885   +0.954   -1.290   +0.564   -0.223   -0.298
    -0.762   +0.636   -2.569   +0.525   -1.068   +0.128   +2.351   +0.652
    -1.933   +1.605   -1.778   -1.374   -0.064   -0.783   -0.562  +14.444
token ' you' question (strength 24.6):
    -0.391   +0.216   -0.401   +0.123   -0.257   -0.037   +0.722   -0.005
    +0.583   +1.400   +0.784   +0.492   +2.035   -0.398   -1.697   -1.772
    -1.254   +0.605   +2.756   +0.873   -0.616   -3.009   +0.945   +0.566
    +1.009   +1.391   +0.556   +2.131   -0.365   +0.113   +0.735  +17.243
    -0.669   -0.404   -0.354   +0.893   +0.202   +0.148   +0.125   -0.424
    -0.867   +0.137   +1.853   +0.997   +0.207   +0.616   -0.899   +0.292
    -1.441   -0.357   -2.702   +0.153   -1.091   +0.723   +2.108   -0.999
    -0.222   +2.386   -1.133   -1.808   -2.164   +2.550   -0.309  +14.679

--- station 10 · head 11 ---
token 'how' question (strength 23.3):
    -0.288   +0.300   -0.424   -0.372   +1.241   -0.081   -0.228   -0.414
    +1.745   +0.987   -0.797   -2.053   +0.501   -0.665   -1.702   +0.304
    -0.733   +1.400   -3.315   +0.705   +2.054   -1.754   -0.077   +0.052
    -0.405   -0.095   -0.186   +0.158   -0.250   -0.092   +0.068  +15.472
    -0.841   -0.613   -0.121   +0.712   +0.863   -0.051   +2.010   +0.653
    +1.231   +1.379   +0.803   +0.448   +2.039   -0.360   -3.614   -0.191
    -0.034   -0.359   -8.875   +1.093   -0.498   -1.458   +1.790   +0.975
    -0.056   -0.212   +0.176   +0.067   +0.006   +0.231   +0.430  +12.251
token ' are' question (strength 26.0):
    -0.388   +0.631   -0.378   +0.960   +0.281   +0.946   +0.990   -0.912
    -0.401   +2.667   +2.892   +3.939   +0.171   -0.372   -2.339   -1.260
    -0.206   +3.613   +1.548   +6.316   +1.991   -3.104   +0.882   +0.999
    +0.250   -1.131   -0.554   +0.200   -0.275   -0.568   -0.016  +17.923
    -0.764   -0.223   -0.649   +0.477   +0.124   +0.284   +0.061   -0.772
    -1.182   -0.552   +0.975   +0.875   -1.947   +1.314   -0.916   -1.206
    -0.274   -0.770   -5.807   +4.754   -3.098   -0.214   +2.706   -0.464
    -2.914   +0.357   -0.526   -0.362   +0.018   +0.185   +0.530  +12.030
token ' you' question (strength 25.0):
    -0.422   +0.530   +0.066   -0.561   -0.458   +0.201   +1.448   -1.015
    +0.714   +1.619   +1.089   +2.132   +1.237   -0.415   -2.309   +0.449
    -0.531   +1.831   -0.151   +6.783   +0.425   -2.962   +1.287   -0.386
    -0.018   +0.084   -0.522   +0.293   -0.104   -0.140   -0.156  +17.058
    -1.253   -0.813   -1.244   +1.262   +0.158   +0.703   +0.069   -0.381
    -1.202   -0.690   +1.916   +0.547   -0.274   -2.097   -2.245   +0.875
    -1.238   -2.111   -5.983   +4.106   -3.150   +0.714   +1.966   -1.515
    -0.958   +1.662   +0.397   +0.168   -0.371   +0.461   +0.376  +12.289

--- station 10 · head 12 ---
token 'how' question (strength 19.0):
    -0.600   +1.005   -0.613   -0.500   +0.613   +0.354   +0.881   +0.132
    +1.113   +0.758   -0.309   -0.275   +1.164   -0.221   -0.895   -1.852
    -0.491   +0.009   +0.300   +0.817   +0.630   -1.770   +0.697   -0.453
    -0.295   +0.397   +0.031   +0.381   -0.085   -0.060   -0.253  +13.027
    -0.552   -0.263   -0.450   +0.066   +0.469   +1.348   +0.874   -0.893
    +0.037   +0.500   +0.793   +0.662   +1.550   -0.129   -1.745   -0.622
    -0.290   +0.046   -8.754   +0.626   -0.217   +0.092   +1.716   +0.722
    +0.085   +0.153   +0.388   +0.271   +0.315   +0.270   +0.284   +9.125
token ' are' question (strength 19.8):
    -0.616   +1.168   -1.277   -0.290   +0.959   +1.040   +1.373   +0.180
    -0.222   -0.459   +2.203   +1.591   +1.879   -0.405   -0.760   -1.738
    -2.715   -1.150   +2.031   +1.798   +0.258   -0.619   +0.773   +0.527
    -0.250   -0.606   +0.014   +0.174   -0.096   -0.293   -0.097  +13.853
    -1.266   -1.017   -0.617   +1.397   +0.689   +0.174   +0.213   -0.891
    -1.304   -0.817   +0.598   +0.325   -0.645   +0.943   -0.610   -1.742
    -1.102   +1.281   -6.419   +0.921   -2.441   -0.333   +3.029   -0.244
    -0.956   -0.532   -0.453   -0.145   -0.200   +0.184   +0.336   +9.202
token ' you' question (strength 20.2):
    -0.588   +1.452   -0.593   -0.394   -0.007   +1.208   +1.752   +0.009
    +0.891   +0.748   +0.726   +0.999   +2.543   +0.723   -0.238   -0.970
    -1.382   -0.383   +2.526   +2.578   -0.752   -0.472   +1.354   -0.235
    -0.988   -0.232   -0.275   +0.368   +0.039   -0.112   -0.174  +14.270
    -1.245   -1.149   -0.785   +1.306   +1.152   +0.830   +0.059   -0.066
    -1.051   -0.289   +1.299   +0.109   +1.712   -1.255   -1.684   -0.334
    -2.738   -0.606   -6.401   +0.871   -1.463   +0.292   +2.639   -0.315
    +0.351   +0.778   +0.385   +0.194   -0.014   +0.130   +0.267   +9.499

--- station 10 · head 13 ---
token 'how' question (strength 19.0):
    -0.393   +0.082   -0.010   -0.753   -0.129   -0.271   -0.379   +0.157
    +0.775   -0.075   -0.607   -0.931   +1.022   -0.215   -1.144   -0.940
    -1.312   -0.693   -0.266   +0.998   +0.991   -2.144   +0.889   -0.435
    -0.445   +0.170   +0.450   +0.092   -0.119   -0.183   +0.206  +12.722
    +0.096   -0.503   -0.123   +0.482   +0.689   +0.063   +0.896   +0.582
    +0.602   +0.540   +1.042   +0.391   +1.003   +0.488   -0.950   +0.198
    -1.102   +0.269   -2.248   +1.149   -0.562   +1.044   +1.888   +2.020
    +0.317   -0.180   +0.055   -0.101   -0.326   -0.115   -0.125  +12.632
token ' are' question (strength 20.6):
    -1.139   +0.966   -0.517   -0.500   +0.326   +0.430   +0.411   +0.352
    -0.000   +0.014   +0.465   +1.411   +0.814   -0.495   -0.426   -3.126
    +0.123   +0.938   +0.185   +2.439   -0.620   +0.048   +2.220   +1.547
    +0.847   -0.484   -0.338   +1.640   +0.818   -1.168   +1.189  +15.123
    -1.136   -0.793   -0.726   +1.235   +0.414   +1.015   +0.599   -0.660
    -0.334   -0.237   +0.381   +0.355   -0.678   +0.874   -0.107   +0.341
    +0.061   -0.181   -2.454   +1.647   -0.658   +0.827   +0.164   -0.643
    -1.750   +1.410   -1.518   -1.075   -0.049   -0.226   -0.666  +11.420
token ' you' question (strength 21.8):
    -1.424   +0.537   -0.758   -0.036   +0.708   +0.586   +0.606   +0.504
    +0.599   +1.172   +0.094   +0.725   +1.214   -0.416   -0.042   -2.133
    +0.217   -0.084   -0.068   +3.766   -1.273   -1.102   +2.881   +0.676
    +1.368   +1.227   +0.422   +0.843   -0.238   +0.799   +0.268  +15.903
    -0.742   -1.380   -0.564   +1.188   +0.325   +0.761   +0.638   -0.883
    -0.723   -0.037   +0.881   +0.406   +0.735   +0.690   -0.816   +0.268
    -0.508   -1.001   -3.005   +1.782   -0.879   +1.000   +0.677   -1.998
    +0.247   +2.298   -0.661   -1.438   -1.835   +2.543   -0.076  +11.418


############ STATION 11 ############

--- station 11 · head 0 ---
token 'how' question (strength 16.1):
    -0.005   -0.316   -1.041   +0.338   +0.133   +0.559   +0.266   -0.317
    +0.667   -0.071   +0.651   +0.388   +0.944   +1.565   -0.576   +0.792
    +0.830   +0.617   -0.100   +1.913   +0.936   +0.592   +2.359   +1.136
    +0.093   +0.275   -0.528   +0.072   +0.327   -0.214   -0.923   +0.379
    +0.699   +0.826   -0.316   -0.660   -0.201   +1.071   +0.098   -0.989
    +1.149   -1.130   +0.434   -1.559   +1.044   +1.390   -2.662   +1.027
    +2.037   +0.574   -0.450   -0.781   +0.192   -0.870   +0.170   +0.377
    +0.421   +0.613   -0.874  -14.495   +0.626   -0.897   +0.123   -0.401
token ' are' question (strength 17.2):
    -0.062   -0.079   -0.066   +0.000   +0.256   +0.360   +0.225   -0.041
    -0.417   -0.449   +0.032   -0.422   -0.247   +1.732   -0.165   +1.182
    +0.787   +1.307   -0.371   +2.989   +1.387   +1.227   -0.020   +1.380
    +0.256   -0.309   +0.250   +0.188   +1.206   +1.056   -0.537   -1.150
    +0.103   +0.516   -0.487   -0.331   -0.232   +0.680   +0.041   +0.110
    +0.203   -0.049   +0.027   -1.083   +0.129   +0.519   -2.636   +0.561
    +1.651   +0.744   +1.467   +0.842   -0.133   -1.311   +0.225   +1.811
    +0.412   -0.031   -0.395  -15.618   -0.502   -0.881   -1.309   +0.729
token ' you' question (strength 17.6):
    -0.065   +0.065   -0.447   +0.209   +0.224   +0.525   -0.011   -0.073
    -0.760   +0.165   +0.092   +0.454   +0.715   +0.639   -0.243   +0.511
    +0.598   +1.025   +0.335   +2.096   +1.887   +1.302   +1.622   +1.883
    -1.002   +0.459   +0.886   +1.295   +0.423   +0.950   -0.908   -1.614
    +0.280   +0.456   -0.496   -0.445   -0.766   +0.755   +0.123   -0.554
    -0.274   -1.073   +0.202   -0.822   -0.916   +1.548   -2.289   +0.285
    +1.559   +0.250   +1.469   +0.892   -2.271   -1.432   -0.014   +1.718
    +0.639   -1.782   -0.476  -15.662   -0.617   -0.226   -2.143   -0.405

--- station 11 · head 1 ---
token 'how' question (strength 10.9):
    -0.170   -0.092   -0.121   +0.081   +0.120   +0.155   +0.633   -0.362
    -0.020   -0.270   -0.137   -0.125   -0.350   +0.285   -0.721   +0.005
    +0.724   -0.258   +0.167   +0.245   +0.223   +0.573   +0.696   +2.825
    -0.644   -0.037   -3.412   +2.361   +0.503   +0.231   -0.338   +0.488
    -0.010   -0.039   +0.095   +0.054   -0.356   -0.151   +0.068   -0.149
    +0.141   -0.071   -0.105   -0.240   +0.690   -0.416   -0.904   +0.828
    -0.136   -0.171   +1.273   -0.603   -0.404   -0.770   -1.150   -1.130
    +0.385   -0.604   -0.385   -8.681   +1.089   -1.640   -1.037   -0.398
token ' are' question (strength 12.9):
    +0.079   -0.197   -0.306   +0.115   +0.226   +0.214   +0.526   -0.174
    +0.025   -0.266   +0.054   -0.440   -0.610   +0.670   -0.993   -0.182
    +0.325   -0.847   +0.062   +0.543   -0.291   +1.143   +0.119   +4.129
    +0.321   -1.214   -3.232   +3.033   +1.029   +3.459   -0.365   -1.990
    +0.112   +0.253   -0.060   -0.110   -0.197   +0.267   +0.192   -0.062
    +0.029   -0.188   +0.260   -0.295   +0.371   -0.252   -0.666   +0.126
    -0.000   -0.269   +0.778   -1.597   -0.078   -0.591   -0.243   +0.170
    +2.204   -1.269   +2.215   -8.923   -0.819   -0.674   -2.360   +1.699
token ' you' question (strength 13.4):
    -0.168   -0.213   -0.373   +0.231   -0.057   +0.264   +0.478   -0.090
    +0.205   -0.298   -0.159   -0.125   -0.014   +0.279   -0.697   -0.186
    +0.433   -1.136   +0.323   +0.500   +0.184   +0.945   +1.398   +3.135
    -1.318   -0.566   -2.635   +3.069   -0.486   +2.517   -0.376   -1.864
    +0.203   +0.163   -0.110   -0.105   -0.193   +0.299   +0.157   -0.122
    -0.051   -0.230   -0.135   -0.349   +0.031   +0.202   -1.287   +0.288
    -0.071   -0.759   +1.040   -1.176   -0.763   -0.607   -0.487   -0.214
    +2.780   -1.559   +2.954   -9.718   -1.201   +0.543   -3.498   +0.932

--- station 11 · head 2 ---
token 'how' question (strength 26.8):
   -11.369   -3.879   -1.080   +4.481   +2.418   -2.606   +1.760   +3.564
    +0.169   +2.456   +0.387   +2.098   -0.320   -0.713   +0.069   -0.684
    -1.478   +0.711   -1.057   -0.325   -0.739   +0.561   +0.272   -0.210
    -0.299   +0.497   +0.281   +2.900   -0.252   +0.081   +0.099   +0.100
    -5.842   -1.160   -0.844   +4.288   +0.158   -0.689   +1.048   +1.621
    -0.163   -0.300   -0.023   +2.810   +0.389   +1.853   +0.128   +1.401
    +1.686   +0.414   +1.790   +3.425   -0.720   -0.338   -0.613   -1.028
    +0.839   +0.064   +0.500  -20.161   +0.540   +0.501   -0.233   -0.299
token ' are' question (strength 26.8):
   -10.793   -2.852   +0.832   +1.992   -0.029   -2.988   -0.103   +3.355
    +0.092   +3.740   +0.785   +2.966   -0.494   -0.915   -0.028   -0.427
    -0.347   -0.738   -0.001   -0.034   -0.566   -0.138   -0.207   -2.220
    +0.088   +0.197   +0.860   +2.359   -0.036   -0.081   +0.164   -0.116
    -7.072   -2.453   -2.052   +5.448   -1.694   -0.048   -0.349   +0.515
    -1.237   +0.173   -0.285   +0.269   -0.498   +2.618   -0.166   +0.015
    +2.009   +0.194   -0.540   +3.246   -0.584   +0.201   +0.425   -0.389
    +0.116   -1.154   +0.867  -20.351   +0.081   -0.009   -0.364   +0.265
token ' you' question (strength 25.9):
    -8.850   -1.865   +0.882   +3.931   -0.073   -3.948   -0.112   +3.765
    -0.050   +3.878   +0.668   +3.000   -0.081   -0.712   -0.355   -0.252
    -0.495   -0.709   -0.348   +0.186   -0.788   +0.797   -0.483   -1.882
    -0.416   +0.173   +0.553   +2.416   +0.375   +0.083   -0.001   +0.091
    -5.842   -1.335   -3.210   +6.607   -0.785   -0.684   -0.292   -0.221
    -1.319   +0.293   -0.554   +0.337   -0.699   +2.272   +0.006   +0.511
    +2.123   -0.135   -0.372   +3.113   -0.878   -0.188   +0.439   -0.678
    +0.112   -0.910   +0.954  -19.658   +0.272   -0.227   -0.446   +0.403

--- station 11 · head 3 ---
token 'how' question (strength 17.8):
    -0.495   -2.795   -0.525   +2.794   +0.706   -1.957   -1.060   +3.496
    -0.036   +2.336   +0.919   +2.695   +0.412   +0.847   +0.887   +1.048
    -0.822   +0.441   +0.328   +1.137   +0.450   +0.929   +0.186   -1.478
    +0.715   +0.530   -0.419   +0.953   +0.466   -0.008   -0.322   -0.456
    +0.032   -0.266   -0.181   +0.616   -0.011   +2.783   +0.142   -0.913
    +0.349   -0.372   -1.106   +0.343   +1.402   +1.320   -0.261   +1.575
    +2.075   +1.009   -0.623   +1.273   -1.967   -1.188   -0.658   +1.830
    +0.086   -0.241   +1.565  -14.912   +0.935   -0.476   +0.431   +0.118
token ' are' question (strength 16.9):
    -0.629   -1.655   +1.635   +0.837   +1.288   -0.989   -0.150   +2.108
    +1.074   +2.419   +1.359   +2.467   +1.704   +0.797   +1.127   +1.091
    +0.443   +0.338   -0.495   +1.759   -0.416   -0.430   +0.662   -2.308
    +0.630   -0.284   +0.562   +1.671   +0.326   +0.399   -0.461   -1.132
    -0.048   -1.440   +0.147   +0.579   -0.428   +1.690   +0.996   -0.837
    -1.210   +0.112   +0.041   +0.343   -0.293   +1.593   -0.689   -1.033
    +1.098   +0.331   +0.221   +0.864   +0.495   -0.157   -0.729   +0.512
    +0.263   -1.436   +0.547  -14.716   -0.186   -0.341   -1.216   +0.341
token ' you' question (strength 18.0):
    -0.677   -1.639   +0.900   +1.274   +0.817   -2.244   -0.066   +2.342
    -0.875   +1.935   +0.836   +2.870   +2.396   +1.075   +1.137   +1.111
    +0.219   +0.211   -0.613   +1.668   +0.550   -0.016   +1.394   -3.560
    +0.164   -0.061   +0.095   +1.784   +0.850   +0.227   -0.539   -1.415
    +0.192   -0.069   -0.745   +0.875   -0.339   +1.766   -0.496   -0.686
    -1.907   -0.275   -0.090   +0.617   -0.699   +2.671   -0.576   -0.282
    +0.688   +0.445   -0.862   +0.836   -0.496   -0.315   -0.376   +1.150
    -0.073   -1.820   +0.833  -15.203   +0.077   +0.207   -1.349   -0.172

--- station 11 · head 4 ---
token 'how' question (strength 14.9):
    -0.126   -0.558   -0.856   +0.418   +1.024   -0.778   -0.766   +0.898
    -0.537   +0.765   +0.233   +0.890   +1.506   +0.112   +0.092   -0.558
    -0.383   +0.588   -0.116   +1.937   +0.769   +0.152   +0.207   +0.298
    -0.140   +0.734   -1.706   +0.678   -0.127   -0.506   +0.257   +0.725
    +0.086   -0.342   -1.185   -0.618   -0.363   +1.378   +1.031   +0.074
    -0.099   -0.197   -0.165   -1.442   +0.978   +1.390   -0.969   -0.194
    +1.325   +0.232   +0.513   +0.492   -0.657   +0.781   -0.876   -0.709
    +0.305   +1.417   -1.205  -13.522   -0.282   +0.627   -0.365   +0.653
token ' are' question (strength 14.2):
    -0.147   +0.022   +0.396   -0.589   +0.764   +0.146   +0.089   +0.976
    +0.131   +0.807   +0.509   +0.700   +0.599   +1.302   -0.108   -0.368
    -0.326   -0.222   -0.237   +2.066   +0.030   -1.383   -0.009   +0.538
    -0.364   +0.148   -0.630   +0.270   +0.326   +0.457   +0.214   +0.194
    -0.238   -0.447   +0.166   +0.337   -0.214   +0.344   -0.550   +0.162
    -0.404   +0.248   -0.096   -0.633   +0.939   +1.532   -1.930   -0.490
    +1.627   +0.389   +0.879   +0.968   -1.448   -0.036   -0.545   +0.040
    -0.211   +1.069   -1.148  -13.029   -0.507   +0.020   -0.094   -0.236
token ' you' question (strength 15.3):
    +0.041   +0.398   +0.440   +0.104   +0.955   -1.015   -0.237   +1.192
    -1.382   +0.959   +0.264   +1.565   +1.583   +0.405   +0.206   -1.105
    -0.601   -0.072   -0.686   +1.907   +0.058   -1.063   +0.382   -0.099
    -0.747   -0.144   +0.738   +1.100   +0.042   +0.573   +0.429   -0.096
    -0.069   -0.337   -0.761   +0.416   -1.102   +0.638   -0.676   +0.290
    -0.729   -0.235   -0.712   -0.902   -0.812   +1.797   -0.806   +0.069
    +1.308   +0.263   +1.529   +1.834   -1.547   -0.240   -0.067   +0.299
    +0.056   -0.120   -0.478  -13.789   -0.509   +0.877   -0.999   -0.755

--- station 11 · head 5 ---
token 'how' question (strength 15.8):
    +0.056   -0.570   -0.906   +0.787   -0.045   +0.161   -0.615   +0.106
    +1.140   +0.864   +1.924   +1.217   +0.877   +1.528   +0.248   +0.403
    +0.947   -0.344   -1.716   +3.762   -0.418   +0.887   +0.344   -1.159
    +1.160   +0.068   -1.989   -0.227   +0.695   -0.135   +0.425   -0.871
    +0.499   +1.508   -0.193   -0.632   -0.770   +1.438   -0.181   -0.455
    -0.419   -0.232   -0.981   -0.657   +1.496   +2.970   +0.026   +0.514
    +3.378   +1.746   -0.294   -0.448   -0.216   -0.367   -0.703   +1.402
    -0.681   -1.205   +0.147  -13.041   +0.086   -0.667   +0.451   -0.304
token ' are' question (strength 17.2):
    -0.102   -0.459   +0.544   +0.215   -0.164   -0.467   -0.065   +0.365
    +0.875   +0.759   +1.390   +0.945   +1.844   +0.591   +0.783   -0.115
    -1.129   -0.046   +0.700   +3.890   -0.816   +0.403   +0.160   -0.264
    -0.732   -0.437   -0.666   +0.882   +0.374   +0.550   -0.490   +0.315
    +0.043   -0.096   -0.043   +0.185   +0.090   +0.663   -0.713   +0.203
    -1.210   +0.368   -0.462   +0.476   -0.327   +2.658   -1.329   -0.755
    +3.939   -0.654   +0.958   +1.542   -1.130   +0.192   -0.040   +0.409
    +0.587   -2.281   -0.090  -14.842   +0.910   -0.060   -2.043   +0.305
token ' you' question (strength 17.4):
    +0.002   -0.427   +0.192   +0.424   -0.129   -0.673   -0.352   +0.624
    +0.069   +1.019   +0.781   +1.544   +2.242   -0.331   +0.579   -0.329
    -1.202   +0.328   -0.247   +3.619   -0.015   +0.808   +0.288   -0.711
    -0.376   -0.642   -0.275   +1.063   +0.624   +0.286   -0.323   -0.045
    +0.113   +0.145   -0.514   +0.202   +0.274   +0.633   -0.833   -0.257
    -1.114   -0.396   +0.018   +0.184   -1.191   +3.249   -0.932   -0.574
    +3.844   -0.052   +1.245   +1.814   -1.706   -0.262   -0.582   +0.267
    +0.622   -2.158   +0.234  -14.897   +0.408   +0.057   -2.448   +0.018

--- station 11 · head 6 ---
token 'how' question (strength 34.9):
    +7.291   +1.323   +1.160   -4.176   +0.718   -4.311   -1.119   +6.141
    +1.208   +4.460   +2.363   +4.536   +0.257   -2.649   -0.497   +0.176
    -2.570   -0.791   +0.535   +0.472   +1.540   -0.080   +0.544   -0.391
    +0.485   -1.215   +1.906   +3.633   -0.188   +0.802   -0.266   -0.729
   -18.119   -4.903   +0.069   +7.413   -0.214   +0.714   -0.739   +0.646
    -1.054   +1.450   -0.541   +1.284   -2.220   +3.776   +0.073   +0.413
    +2.205   +0.649   +1.610   +3.298   +0.684   -0.260   +0.443   -1.524
    -0.456   -1.061   +0.520  -23.267   -0.413   -0.222   -0.600   -0.720
token ' are' question (strength 31.7):
    +4.064   +0.360   +1.604   -2.509   +0.467   -3.394   -0.385   +5.448
    -0.077   +4.380   +1.761   +3.654   +0.325   -1.652   +0.416   -0.482
    -1.002   +0.351   +0.261   +0.867   +0.375   +0.100   -0.717   -0.335
    -0.328   -0.097   +1.832   +3.534   +0.208   +1.088   -0.140   -0.516
   -16.461   -3.881   -0.625   +6.852   -0.145   +0.097   -0.561   -0.020
    -0.623   +0.054   -0.166   +0.425   -0.781   +3.147   -1.559   -0.634
    +2.181   -0.053   +0.054   +1.505   -0.977   -0.202   +0.081   -0.720
    -0.333   -2.019   +1.066  -22.781   -0.422   -0.626   -0.368   +0.360
token ' you' question (strength 31.5):
    +1.750   -0.555   +1.746   -1.427   +0.473   -3.980   -0.075   +5.133
    -0.463   +4.724   +1.212   +3.163   +0.212   -2.435   +0.742   -0.287
    -1.734   -0.023   +0.451   -0.030   +0.561   -0.322   +0.337   -1.310
    -0.673   +0.317   +0.916   +3.412   -0.583   +0.890   -0.181   -0.706
   -16.140   -4.546   -0.648   +6.854   -0.012   +0.579   -1.021   -0.944
    -0.354   +0.313   +0.061   +1.025   -1.357   +3.211   -1.416   -0.465
    +2.193   -0.041   +0.009   +1.831   -1.261   -0.033   -0.259   -0.775
    -0.202   -2.157   +0.954  -22.803   -0.550   -0.084   -0.873   +0.066

--- station 11 · head 7 ---
token 'how' question (strength 12.8):
    +0.883   -0.167   -0.920   +2.565   -0.503   +1.069   -2.085   +1.387
    -0.898   -1.763   +0.621   +1.324   +0.539   -1.324   -0.301   +0.568
    +0.623   -1.150   +0.282   -0.912   +1.397   +2.969   -0.337   -0.110
    -0.631   -0.510   +0.144   +0.852   -0.445   +0.263   -0.602   -2.513
    +0.284   +0.726   -0.142   +0.050   +0.302   +0.553   +1.112   -0.484
    -0.572   -0.389   -1.863   -0.126   +0.852   +1.111   +0.657   -1.084
    -0.246   -0.462   +1.387   +0.608   -0.504   +0.004   +0.011   +0.020
    -0.063   +0.860   -0.286  -10.051   +1.449   -0.060   -0.663   -0.890
token ' are' question (strength 12.9):
    +0.566   +0.597   -0.158   +0.833   -0.101   +0.571   -0.503   +0.005
    -0.558   -0.403   +0.137   +0.844   +0.656   -0.422   -0.293   -0.250
    -0.432   -0.411   +0.376   +0.171   +0.925   +1.529   +0.180   +0.606
    +0.832   -1.473   -0.025   +1.917   -0.037   +0.009   -0.107   -2.489
    -1.172   +0.433   +0.254   -0.153   +0.504   -0.083   -0.072   -0.156
    -0.382   +0.234   +0.081   +0.331   +0.011   +0.373   -0.406   -0.515
    +0.735   -0.397   +2.627   -0.575   +0.313   -0.447   +0.370   -1.327
    -0.584   -0.719   -0.377  -10.728   +2.260   +1.056   -1.300   -2.782
token ' you' question (strength 14.3):
    +0.173   +1.355   +0.547   +0.164   -0.032   +1.393   -0.727   -0.123
    -0.582   -0.066   -0.239   +0.874   +0.500   -0.163   +0.530   +0.513
    -0.664   -0.309   -0.169   -0.026   +0.565   +2.406   -0.689   +0.571
    +1.322   -1.246   -0.562   +2.013   -1.686   -0.917   -1.492   -3.224
    -2.160   -0.106   -0.263   -0.587   -0.267   +0.990   +0.870   +0.067
    -0.336   +0.470   -0.626   -0.131   +0.846   +1.287   -0.806   -1.105
    +0.226   -0.402   +3.042   -0.750   +0.689   -0.214   +0.278   -0.591
    +0.066   +1.462   -0.400  -11.204   +1.512   +0.521   -1.894   -3.248

--- station 11 · head 8 ---
token 'how' question (strength 11.8):
    -0.172   +0.545   -0.435   -0.076   -0.589   +0.650   -1.556   -0.827
    -0.489   -0.563   +0.246   +1.565   +0.347   -0.166   -0.210   +0.414
    +0.565   -1.764   +0.405   +0.002   -0.382   +2.447   -0.070   +0.254
    +1.585   +0.395   -1.515   +0.376   -0.716   +1.274   +0.600   -1.106
    -0.401   -0.043   -0.571   -0.961   -0.938   -0.346   +1.234   +0.384
    -0.031   -0.293   -0.927   +0.125   +0.666   +0.648   -0.030   -0.730
    +0.475   -1.184   +0.355   -0.657   +0.445   -0.758   -0.461   +0.567
    +0.208   -0.577   -0.571   -9.252   +1.774   +1.603   -1.744   -2.602
token ' are' question (strength 14.3):
    -0.416   +0.449   -0.240   +0.466   -0.702   +0.202   -0.656   -0.455
    +0.100   -0.364   +0.450   +0.848   +0.559   -0.937   -0.554   -0.743
    +0.037   -1.881   +1.040   +0.208   -0.410   +1.678   -0.337   +1.184
    +1.085   -1.099   -1.276   +2.724   -3.250   +0.412   +1.423   +1.846
    -0.026   +0.193   +0.262   -0.195   +0.362   -0.880   +0.520   +0.026
    -0.745   -0.449   +0.150   +0.233   -1.059   -0.602   +0.928   -0.571
    +0.467   -0.740   +1.367   -2.025   +0.584   -0.265   -0.337   +0.658
    +0.740   +0.755   +0.470  -10.672   +1.604   +2.671   -2.169   -4.651
token ' you' question (strength 15.0):
    -0.357   +0.580   -0.281   -0.403   -0.380   +0.078   -0.546   -0.714
    -0.037   -0.057   +0.579   +1.067   +0.854   -1.215   -1.341   +0.514
    -0.067   -0.753   +0.595   +0.700   +1.080   +1.220   -0.668   +0.496
    +1.457   -1.256   -2.090   +2.327   -4.756   -0.628   +0.729   +0.511
    +0.386   -0.509   +0.196   -0.888   +0.165   -0.913   +0.588   +0.193
    -0.409   +0.608   -0.384   -0.005   -0.789   -0.381   +1.058   -0.709
    -0.139   -0.877   +1.471   -2.457   +0.046   +0.043   -0.300   +0.149
    -1.181   +1.072   +0.862  -11.346   +0.938   +1.547   -1.992   -4.531

--- station 11 · head 9 ---
token 'how' question (strength 9.6):
    -0.515   +1.395   -0.353   -0.690   -0.728   +0.668   -1.255   -0.138
    -0.677   -0.265   +0.056   +1.140   +0.383   +0.695   +0.160   -0.518
    -0.765   -0.766   -0.064   -0.470   +0.803   +1.534   +0.486   -0.050
    +1.595   +0.654   -1.849   +0.224   -0.937   +0.495   +0.455   -1.448
    -0.334   -0.334   -0.259   -1.283   -0.746   -0.522   +1.717   +0.158
    +0.206   +0.095   -0.615   +0.012   +0.835   +1.297   +1.012   -0.349
    +0.437   -0.998   +0.974   -0.492   -0.304   -1.293   +0.086   +0.870
    -0.311   -0.201   -1.085   -7.176   +1.059   +0.484   -0.195   +0.332
token ' are' question (strength 10.7):
    -0.050   +0.339   -0.354   +0.681   -0.352   +0.094   -0.514   -0.045
    -0.127   +0.426   +0.124   -0.440   +0.861   -0.411   -0.095   -1.177
    -0.587   -1.109   +1.371   -0.012   -0.576   +1.633   -0.075   +0.285
    +0.773   -0.569   -2.486   +2.189   +0.366   -0.126   +1.089   -1.261
    -0.480   +0.464   +0.139   -0.101   +0.182   -0.227   -0.073   -0.181
    -0.067   -0.598   +0.404   +0.232   -0.611   -0.275   +0.042   -0.839
    +0.439   +0.350   +2.139   -0.786   -0.285   +0.194   -0.408   -0.770
    -0.383   -0.314   +0.010   -8.196   +1.592   +1.155   -1.715   -2.443
token ' you' question (strength 12.4):
    -0.269   +0.678   -0.447   -0.140   -0.503   +0.187   -0.040   -0.410
    +0.049   +0.332   +0.208   +1.145   +0.544   -0.202   -0.922   -0.407
    -1.160   -0.369   +0.852   -0.033   +0.568   +2.330   -0.758   +0.274
    +0.600   -1.213   -3.291   +1.976   -1.897   -1.305   -0.144   -2.226
    -0.486   -0.331   -0.076   -0.819   -0.292   -0.604   +0.280   +0.051
    -0.040   +0.350   -0.050   +0.347   +0.047   +0.269   +0.931   -0.305
    -0.021   -0.680   +1.495   -0.658   -0.826   -0.027   -0.734   -0.876
    -0.318   +2.020   -0.287   -9.140   +1.271   +1.081   -2.413   -2.961

--- station 11 · head 10 ---
token 'how' question (strength 13.2):
    -0.190   +0.855   -0.478   +0.582   -0.975   +0.154   -2.080   -0.770
    +0.663   -0.753   +0.025   +1.831   +0.769   +0.101   -0.207   -0.454
    +0.303   -1.598   +0.536   -0.929   +1.288   +2.012   +0.448   -1.645
    +2.626   -0.854   -1.087   +2.006   -2.651   -0.023   +0.288   -1.806
    -0.483   -0.028   -0.453   -1.013   -0.780   -0.448   +1.269   -0.679
    -1.243   -0.678   -0.676   -0.083   +0.579   +0.988   +1.292   -0.606
    -0.035   -1.757   +0.727   -1.524   +1.666   -1.181   -0.030   -0.499
    -0.993   +0.392   -0.537   -9.816   +1.075   +0.368   -2.568   +0.843
token ' are' question (strength 11.7):
    -0.104   +0.809   +0.039   +0.249   -0.437   +1.076   -0.561   -0.533
    -0.724   -0.517   +0.476   +0.942   +0.555   -0.272   +0.288   -1.190
    -0.892   -1.251   +1.656   +1.631   -0.205   +3.324   -0.828   +0.792
    +0.161   +0.014   -0.973   +3.273   -0.204   +0.159   +0.736   -2.113
    -0.352   +0.036   +0.005   +0.025   -0.116   -0.415   +0.455   -0.693
    +0.205   -0.282   +0.513   +0.132   -0.845   -0.128   -0.472   -0.880
    +0.452   -0.386   +2.763   +0.100   +0.288   -0.956   +0.061   -1.055
    +0.267   -0.829   -0.900   -8.349   +0.636   -0.407   -2.662   -1.134
token ' you' question (strength 13.8):
    -0.323   +1.030   -0.156   -0.511   -0.520   +0.285   -0.068   -0.858
    +0.008   +0.487   +0.111   +1.319   +0.329   +0.379   -1.179   +0.079
    -0.522   -0.148   +1.811   +1.453   -0.428   +1.574   -0.579   -0.447
    +1.697   -1.730   -2.715   +3.567   -2.812   +0.293   -1.391   -2.532
    -0.723   -0.715   -0.737   -0.789   -0.443   -0.947   +0.280   -0.459
    +0.112   -0.067   -0.056   -1.044   -0.516   +0.097   -0.701   +0.258
    +0.788   -0.067   +0.869   -0.533   +0.623   -0.806   +0.119   -0.932
    +0.644   +1.616   -0.903  -10.187   -0.632   -0.082   -2.649   -3.178

--- station 11 · head 11 ---
token 'how' question (strength 15.4):
    +1.240   +0.978   +0.673   +1.192   +0.424   +1.186   -3.116   -1.005
    -0.305   -1.223   +0.694   +2.237   +0.106   +0.499   +0.972   -0.094
    +0.196   -0.521   -0.405   -0.838   +1.867   +3.978   +1.121   -0.027
    +0.764   -0.775   -0.678   +2.402   -0.926   -0.585   -0.115   -1.032
    -2.398   +2.447   -1.038   -1.443   -1.883   -0.711   +1.830   -0.386
    +1.375   -1.261   -1.223   -0.022   +1.874   +0.979   -0.220   -2.559
    +1.017   -1.615   +1.291   -0.214   -0.563   -0.305   +0.614   -0.896
    -0.640   +0.775   +0.153  -11.173   +1.222   +1.576   -0.718   -1.985
token ' are' question (strength 13.4):
    +0.154   +0.317   +0.518   +0.742   +0.355   -0.433   -1.480   +0.632
    -0.834   -0.442   +0.691   +0.891   -0.965   -0.757   +0.549   -1.122
    -0.308   -0.696   +0.062   +0.028   -0.243   +2.413   -0.687   +0.452
    +0.672   -1.908   +0.003   +2.496   +0.435   -0.434   -0.113   +1.782
    -0.614   +0.979   +0.920   +0.151   -0.822   -0.822   +1.248   -1.354
    +0.038   +0.560   -0.335   +0.067   -1.239   +0.766   +0.104   -2.996
    +1.444   +0.095   +2.693   -0.767   -0.377   +0.011   +0.366   -1.128
    -0.183   +0.398   +0.783  -10.266   +0.809   +1.357   -1.474   -2.763
token ' you' question (strength 14.5):
    -0.052   +0.895   +0.180   +0.154   +1.308   -0.553   -2.307   -0.871
    -1.433   +0.644   +0.763   +2.433   -0.157   +0.281   +0.035   -0.626
    +0.064   +0.174   -0.700   +0.088   +1.188   +2.932   -0.556   -0.108
    +0.658   -1.163   +0.255   +3.145   -1.122   -1.326   +0.011   -0.520
    -0.261   +0.339   +0.218   -1.254   -2.008   -0.343   +0.496   -0.222
    +0.989   +0.297   -2.329   +0.770   +0.118   +1.628   +0.766   -2.433
    +0.186   -0.898   +3.214   +0.307   -0.555   -0.719   -0.407   -1.037
    -0.143   +0.824   +0.371  -10.914   +0.244   +0.974   -1.430   -2.390

--- station 11 · head 12 ---
token 'how' question (strength 12.7):
    +1.544   +0.573   +1.155   +1.076   -0.134   +1.057   -2.297   +0.248
    -1.380   -0.550   -0.458   +1.527   +0.113   +0.114   +0.295   +0.898
    -1.139   -0.464   +0.723   -1.321   +0.066   +3.454   +0.119   -1.497
    +0.779   -0.426   +0.553   +2.474   -0.918   -1.267   -0.581   -2.543
    -1.561   +1.859   -0.413   -0.366   -0.919   +1.218   +0.529   -1.415
    -0.655   -1.344   +0.284   +1.448   +1.782   +0.693   +0.313   -1.159
    -0.345   -1.646   +1.831   +0.818   +1.257   -0.547   +0.657   -0.498
    -0.700   -1.134   +0.754   -8.658   +0.624   +0.632   -1.118   -0.074
token ' are' question (strength 11.4):
    +0.447   +0.480   +0.500   +0.648   -0.480   +0.648   -0.479   -0.195
    -0.413   -0.146   +0.306   +0.596   +0.064   +0.958   +0.329   -0.223
    -0.958   -0.351   +0.382   +0.064   -0.187   +2.738   +0.360   +0.190
    +1.625   -0.628   -0.726   +2.058   +0.228   +0.161   +1.320   -1.492
    -0.514   +1.075   +0.375   +0.820   +0.208   -0.790   +1.086   -0.659
    +0.741   -0.566   +0.144   +0.212   -0.155   -0.347   -0.581   -2.333
    +1.272   +0.760   +1.122   -1.713   -0.076   +0.220   +0.295   -0.924
    -1.500   -1.087   +0.040   -8.811   +1.789   -0.359   -0.805   -1.273
token ' you' question (strength 13.4):
    +0.451   +1.341   +0.129   +0.129   +0.063   -0.099   -1.031   -0.767
    +0.385   +0.744   +0.216   +1.246   +0.179   +0.901   -0.011   +1.204
    -0.968   +0.121   +0.416   +0.003   -1.352   +1.796   -0.010   -0.406
    +1.458   -1.131   -1.635   +2.854   -2.289   -0.066   -0.800   -3.850
    -0.230   +0.804   -0.515   -0.682   -1.195   -0.448   +0.936   -1.195
    +0.624   -0.535   -1.596   -0.304   +0.930   +0.259   -0.263   -0.361
    +1.071   -0.446   +0.960   -1.986   -0.518   -0.863   -0.352   -1.142
    -0.322   +2.136   -1.184   -9.527   +1.987   -0.418   -2.501   -2.376

--- station 11 · head 13 ---
token 'how' question (strength 9.1):
    +0.046   +0.776   +0.237   +0.090   +0.087   +0.214   -0.825   +0.561
    -0.610   -0.103   -0.004   +1.025   +0.195   +0.378   -0.890   -0.501
    -0.189   -1.087   -0.275   -0.176   +0.592   +1.267   -0.520   -0.176
    +1.215   +0.347   -0.621   +1.210   -0.728   +0.127   +0.412   -1.134
    -0.802   +0.272   +0.030   -1.228   -0.175   +0.216   +0.884   +0.169
    +0.340   -0.200   -0.525   +0.656   +0.062   +0.706   +0.651   -0.364
    +0.965   -0.049   +1.057   +0.311   +0.702   -0.418   +0.238   +0.669
    -0.744   -0.531   -0.133   -7.542   +0.179   +1.002   -0.275   +1.386
token ' are' question (strength 10.2):
    -0.068   +0.495   +0.227   +0.266   -0.006   -0.268   -0.358   -0.326
    -0.350   -0.344   -0.178   -0.239   +0.611   -0.229   +0.038   -0.401
    -0.949   -0.242   +0.698   -0.214   +0.608   +2.250   +0.287   +0.331
    +0.409   -0.396   -1.410   +1.851   +0.037   +0.328   +0.607   -0.249
    -0.298   +0.330   +0.036   -0.114   -0.214   -0.276   +0.024   -0.376
    +0.205   -0.551   +0.342   -0.005   -0.335   +0.159   -0.408   -0.926
    +0.576   -0.376   +1.978   -1.433   -0.240   -0.540   +0.175   -0.746
    -0.625   -0.456   +0.091   -8.748   +0.712   +0.513   -1.367   -0.462
token ' you' question (strength 11.7):
    -0.157   +0.656   -0.331   -0.320   -0.579   -0.049   +0.162   -0.788
    -0.400   -0.322   -0.428   +0.181   +0.631   -0.069   +0.078   +0.314
    -1.586   +0.595   +0.107   -0.697   +1.142   +2.492   -0.229   +0.705
    +0.339   -1.599   -2.076   +1.652   -2.007   -0.613   -1.108   -1.616
    -0.100   -0.279   -0.211   -0.427   -0.490   -0.836   +0.162   -0.328
    +0.317   +0.237   -0.353   +0.526   +0.403   +0.999   +0.003   -0.800
    +1.009   -0.412   +1.762   -1.716   -0.342   -0.212   +0.481   -0.418
    -1.087   -0.057   -0.654   -8.997   +0.755   +0.697   -2.692   -1.822


############ STATION 12 ############

--- station 12 · head 0 ---
token 'how' question (strength 18.8):
    +2.191   -2.820   -4.397   +2.803   -2.918   -1.463   +0.707   +1.757
    -1.080   -1.888   -0.250   -1.129   +0.380   -0.691   +1.205   -0.487
    -3.352   -0.744   +0.344   -0.697   +0.079   -0.553   +0.438   +0.028
    -0.303   +0.475   +0.078   +0.114  -12.337   -0.261   -0.254   +0.631
    -3.105   +3.540   -1.301   +2.914   -2.208   +2.191   -1.256   -1.562
    +0.141   -1.672   -1.481   -2.480   +1.332   -2.116   -3.254   -0.294
    -0.748   -0.259   +1.855   -0.702   +0.483   -0.239   -0.357   -0.677
    -0.266   -0.644   +0.178   +0.031   -6.590   +0.200   -0.297   +0.008
token ' are' question (strength 17.6):
    +1.751   -1.745   -3.583   +3.143   -2.180   -0.235   -0.322   +0.636
    -0.798   -1.964   +0.482   +0.091   +0.541   -1.301   +0.172   -0.439
    -3.130   -0.674   +1.149   +0.112   -0.152   -0.466   +0.973   +0.764
    -0.846   +0.309   +0.040   +1.519  -13.355   -0.255   -0.724   +1.286
    -2.889   +3.491   +0.014   +1.098   -0.514   +2.218   -0.976   -1.016
    +0.719   -0.468   -0.872   +0.762   +0.315   +0.258   -2.006   -0.574
    -0.499   -0.379   +1.865   +0.581   +0.035   +0.369   +0.211   -0.935
    -0.127   -0.694   +0.508   +0.053   -5.633   -0.057   +0.246   -0.033
token ' you' question (strength 21.9):
    +1.847   -1.936   -5.487   +4.864   -4.735   -0.787   -0.798   +0.701
    +0.149   -2.205   +0.379   +1.087   -1.033   +0.504   +1.052   -0.205
    -2.541   -0.128   +1.303   -0.222   +1.385   +0.047   +0.566   +0.815
    -1.252   -0.803   +0.923   +0.625  -14.195   -0.447   -0.998   +1.209
    -3.901   +4.944   -0.250   +2.299   -2.065   +4.819   -2.752   -2.043
    -0.036   -1.372   -1.552   -1.113   +0.142   +0.238   -2.922   -1.316
    -0.416   -0.108   +1.468   +0.233   -0.455   -0.271   +0.348   -0.404
    +2.364   -0.984   +2.014   +0.331   -6.964   -1.578   +0.828   -1.408

--- station 12 · head 1 ---
token 'how' question (strength 12.8):
    -0.590   +0.270   -0.673   +0.441   -0.443   +0.407   -0.686   -0.336
    +0.344   -0.112   -0.717   +1.068   +0.415   -0.721   -0.508   -0.022
    +0.648   +0.163   +2.344   -0.778   +0.961   -0.866   +0.366   +0.328
    -0.654   +0.952   +0.484   +0.146   -9.098   +0.223   -0.340   +0.128
    -0.727   +0.507   +0.371   -0.191   +0.110   +0.136   -0.662   -0.712
    -0.453   +0.643   +0.506   +0.334   -0.959   +0.917   +1.067   +0.397
    +1.175   +1.367   -1.919   -0.176   +0.939   +0.842   +0.689   -0.536
    -0.142   -0.026   +0.740   +0.119   -6.983   +0.001   +0.034   +0.497
token ' are' question (strength 16.5):
    -0.955   +0.558   -0.279   -0.037   +0.105   +0.723   -1.294   -1.003
    +0.666   -0.810   -1.931   +1.653   +1.541   -0.602   -1.159   -0.784
    -0.288   +0.376   +3.834   +2.374   +1.228   +0.340   +2.352   +1.723
    -1.921   +1.859   -0.405   +0.508   -9.967   +0.258   -1.549   +1.949
    -1.513   +0.859   +0.487   -0.694   +0.631   -0.140   -0.259   -0.548
    -1.227   +1.343   +1.640   +0.714   -1.156   +0.682   +1.266   +0.979
    +0.995   -0.951   -3.101   -0.280   +1.455   +0.880   +0.035   -1.318
    -0.735   -1.687   +0.369   +0.118   -8.549   -0.738   -1.664   +0.642
token ' you' question (strength 20.3):
    -1.567   +0.799   -0.414   -0.007   +0.028   +1.152   -1.951   -1.485
    +0.624   -0.777   -2.421   +1.844   +2.138   -1.983   -1.672   -2.164
    +1.277   -0.286   +4.510   +1.083   +2.808   +1.546   +0.699   +3.356
    -1.401   -1.594   +3.767   -2.142   -9.714   -0.364   -1.793   +1.478
    -1.989   +1.254   +0.760   -0.885   +0.727   -0.453   -0.065   -0.476
    -1.608   +1.556   +1.873   +0.763   -1.741   +0.764   +2.187   +1.778
    +2.017   -0.694   -4.132   -0.622   -0.531   -0.498   +0.799   +0.818
    +4.497   -2.170   +3.913   -0.163  -10.099   -3.561   -0.352   -1.157

--- station 12 · head 2 ---
token 'how' question (strength 17.1):
    -0.757   +0.513   -0.549   +0.734   -1.676   +0.482   -0.091   +0.223
    +2.932   -2.584   -2.367   -0.188   +1.615   -1.326   -1.913   -0.357
    -2.685   -0.961   +2.044   -0.726   -0.130   -0.920   +0.370   +0.716
    -0.196   +0.445   -0.115   +0.424  -12.840   -0.063   +0.137   +0.348
    -0.503   +0.578   +0.678   -0.487   +0.627   +2.231   -2.632   -3.113
    -0.133   +0.719   -0.122   +0.915   -0.127   -1.165   -1.745   +0.220
    +0.767   +0.314   +1.499   -0.365   +0.906   -0.032   +0.252   -0.768
    +0.102   -0.405   +0.610   -0.162   -6.633   +0.406   +0.238   -0.022
token ' are' question (strength 16.0):
    -1.004   +1.037   -1.071   +1.859   -2.010   -0.163   +0.504   -0.119
    +2.518   -2.554   -2.299   +0.602   +2.501   -0.923   -1.133   -0.653
    -1.686   -0.499   +1.120   +0.817   -0.635   -0.636   +1.085   +1.360
    -0.829   +1.168   -0.679   +0.774  -11.090   +0.176   -0.948   +1.409
    -1.100   +1.363   +1.291   -0.221   -0.062   +1.820   -2.521   -2.406
    -0.433   +1.177   +0.640   +2.188   -0.542   +1.403   -0.737   +0.373
    -0.580   -0.394   +0.718   +0.952   +0.586   +0.458   +0.582   -1.187
    -0.309   -0.896   +0.080   +0.053   -6.607   -0.304   -0.449   +0.278
token ' you' question (strength 18.8):
    -1.428   +1.506   -0.989   +2.385   -2.960   +0.443   -0.145   -0.420
    +3.640   -3.759   -2.931   +1.549   +1.399   +0.040   -1.732   -2.030
    -0.257   +0.455   +1.760   +0.300   +1.958   +0.696   +0.364   +1.494
    -2.008   -0.612   +1.055   -0.468  -10.669   -0.223   -1.289   +1.032
    -1.699   +1.452   +2.017   -1.040   +1.007   +3.062   -3.853   -4.140
    -0.682   +1.242   +1.087   +1.559   -0.691   +0.393   -1.060   +0.022
    +0.359   -0.403   +0.683   +0.607   -0.310   -0.520   +0.400   +0.311
    +3.001   -1.331   +2.676   +0.553   -8.229   -2.241   +0.532   -1.162

--- station 12 · head 3 ---
token 'how' question (strength 14.3):
    -0.072   -0.257   -0.526   +0.665   -0.958   -0.083   -0.088   +0.554
    +0.948   -1.162   -1.300   -0.022   +0.717   -0.938   -0.642   -0.578
    -1.648   +0.178   +0.971   -0.409   +0.390   -0.433   +0.386   +0.263
    -0.096   +0.073   +0.144   +0.411  -12.330   +0.105   -0.275   +0.303
    -0.569   +0.651   +0.204   +0.016   +0.031   +0.832   -1.144   -1.368
    -0.176   -0.081   -0.314   +0.125   +1.142   -0.706   -1.278   +0.024
    +0.512   +0.655   -0.166   +0.752   +1.172   -0.659   +1.313   -0.201
    +1.016   -0.043   +0.637   +0.075   -4.719   -0.985   +0.446   -1.268
token ' are' question (strength 13.6):
    -0.473   -0.179   -1.038   +0.949   -0.683   -0.139   +0.262   +0.023
    +0.538   -1.194   -0.567   +0.478   +0.703   -0.677   -1.488   -0.013
    -1.324   +0.453   +1.355   -0.163   -0.161   -0.015   +0.917   -0.360
    -1.077   +0.097   -0.814   +0.832  -11.337   -0.437   -0.756   +0.807
    -1.385   +1.423   +0.178   +0.137   -0.437   +0.546   -0.726   -0.675
    -0.360   +0.612   +0.390   +0.849   +0.372   -0.303   -0.326   -0.540
    +1.285   -0.768   -0.664   +0.099   -0.068   -0.082   +0.011   -0.981
    -0.247   +0.120   +0.335   -0.340   -5.115   -0.736   +0.761   -0.355
token ' you' question (strength 15.0):
    -0.787   +0.242   -1.441   +1.535   -1.633   -0.111   +0.064   +0.251
    +1.021   -1.335   -0.716   +0.594   +0.644   -0.457   -0.706   -0.545
    -0.976   -0.435   +0.685   -0.054   -0.062   -0.365   +0.596   +0.487
    -0.535   -0.236   +0.067   +0.737  -12.271   -0.632   -0.570   +0.505
    -1.583   +1.663   +0.851   +0.064   -0.202   +1.397   -1.410   -1.267
    +0.001   +0.595   -0.365   +0.509   +0.288   -0.724   -0.100   +0.403
    +1.178   -0.385   -0.525   -0.338   +0.279   -0.810   -0.535   -0.363
    +0.374   -0.167   +1.239   -0.211   -5.759   -2.068   +0.855   -1.444

--- station 12 · head 4 ---
token 'how' question (strength 16.7):
    -0.097   -0.396   -2.128   +1.204   -1.934   -0.814   +0.898   +1.751
    +0.443   -0.919   -0.937   -2.350   +1.747   -0.803   -0.626   +0.295
    -2.794   -0.900   +0.531   -0.311   +0.175   -0.817   +1.294   -0.978
    -0.714   -0.079   +0.484   +1.540  -13.282   +0.046   -0.040   +0.810
    -1.777   +2.112   -0.113   +0.985   -0.984   +1.000   -0.768   -1.542
    +0.545   -0.263   -1.249   -0.772   +1.108   -1.974   -1.433   +1.256
    -0.304   +1.806   +1.803   +0.411   +0.376   +0.084   +1.259   -1.474
    +0.012   +0.998   +0.904   -0.029   -4.825   +0.189   -0.105   -0.906
token ' are' question (strength 17.4):
    -0.589   +0.203   -1.386   +1.506   -1.224   +0.396   +0.214   +0.021
    +0.758   -1.184   -0.409   +1.026   -0.239   -1.024   -0.084   -1.162
    -2.104   +0.728   +2.585   +0.430   +1.854   +0.221   +2.561   -0.209
    -0.772   +0.766   +0.028   +1.558  -13.446   -2.189   -1.591   +2.300
    -1.633   +1.843   +0.368   -0.175   +0.116   +1.367   -0.716   -1.366
    -0.866   +0.666   -1.033   +1.280   -0.135   -1.215   -1.932   +0.175
    +0.002   -0.593   -0.032   +0.924   -0.021   +0.429   +0.471   -0.214
    -0.147   -0.977   +1.717   +0.292   -6.497   -1.563   -0.211   -0.790
token ' you' question (strength 19.5):
    -1.396   +1.020   -2.391   +2.724   -2.893   +0.049   +0.428   +0.602
    +1.625   -2.041   -0.561   +1.524   -1.519   +0.859   -0.394   -1.163
    -1.837   -0.670   +2.296   -0.256   +1.691   -0.427   -0.168   +2.406
    -0.231   +0.374   +2.928   -0.275  -14.709   -2.333   -1.160   +1.091
    -2.430   +2.731   +1.221   -0.131   -0.480   +2.600   -1.880   -2.515
    -0.559   +0.664   -0.831   +0.939   -0.126   -1.201   -1.005   +0.359
    +0.424   -0.225   +0.240   -0.026   +0.496   +0.443   +0.855   +1.277
    +0.965   +0.400   +1.855   -1.407   -6.413   -1.130   -1.140   -0.713

--- station 12 · head 5 ---
token 'how' question (strength 16.6):
    +1.255   -1.645   -1.826   +0.473   -1.241   -0.337   +0.901   +2.687
    -0.436   -0.890   -0.854   -0.055   +0.977   -0.291   -0.194   -0.589
    -2.588   -0.458   -0.705   -0.627   +0.284   -0.365   +0.754   -0.142
    -0.037   +0.288   +0.354   +0.306  -13.603   -0.237   +0.091   +0.735
    -1.141   +1.339   -1.182   +1.545   -1.839   +0.302   +0.809   +0.003
    +0.649   -1.206   -2.637   -1.383   +1.463   -1.664   -2.487   -0.977
    -0.366   +0.244   +2.049   +0.048   +0.538   -0.208   +0.178   +0.157
    +0.178   -0.320   +0.301   +0.035   -4.646   -0.635   +0.214   -0.532
token ' are' question (strength 15.9):
    +1.545   -1.687   -1.788   +0.963   -0.818   -0.399   +0.347   +1.713
    -0.053   -0.704   +0.678   +0.272   +0.327   -0.466   -1.908   +0.326
    -2.555   -0.085   +0.318   -0.763   +0.011   -0.051   +0.431   -0.239
    -0.637   -0.513   -0.274   +1.175  -13.234   -0.416   -0.347   +0.811
    -1.436   +1.500   -0.931   +0.760   -1.065   +0.864   -0.335   -0.597
    -0.203   +0.146   -2.391   +1.019   +0.124   -1.309   -1.567   -0.885
    +0.527   -0.205   +1.377   -0.428   -0.776   -0.215   -0.227   -0.702
    +0.195   +0.075   +0.227   -0.265   -4.801   -0.487   +0.762   -0.668
token ' you' question (strength 16.7):
    +1.246   -1.195   -2.448   +1.607   -1.259   -0.835   -0.106   +2.225
    +0.496   -1.603   +1.185   +0.211   -0.573   -1.316   -0.035   +0.193
    -2.341   -0.494   -0.369   -0.580   -0.193   -0.435   +0.238   +0.125
    -0.439   -0.289   -0.596   +1.777  -13.274   -0.309   -0.366   +0.741
    -1.699   +1.932   -0.711   +0.934   -2.009   +2.056   -0.692   -0.583
    +0.191   +0.132   -2.568   -0.782   +0.401   -1.775   -1.097   +0.384
    -1.400   -0.430   +1.072   -0.418   -0.469   -0.328   +0.135   -0.932
    -0.276   -0.114   +0.351   -0.223   -5.406   -0.719   +0.906   -1.399

--- station 12 · head 6 ---
token 'how' question (strength 14.0):
    -0.778   +0.221   -1.758   +1.131   -1.891   -0.438   +0.551   +1.564
    +0.033   -1.713   -0.715   -0.490   +0.792   -0.347   -0.319   +0.118
    -1.448   -0.607   +0.650   -0.698   +0.520   -0.883   -0.228   +0.727
    +0.159   +0.230   +0.920   +0.732  -10.980   -0.820   -0.719   -0.555
    -1.588   +2.035   +0.262   +0.572   -1.160   +0.497   -0.374   -0.858
    -0.066   -0.213   -0.169   -0.446   +1.147   -1.703   -1.915   +0.479
    +0.453   +0.347   +0.094   -1.864   -0.465   -1.343   +0.062   +0.328
    -0.243   -0.883   +0.108   +0.145   -4.880   -0.848   +0.288   -1.589
token ' are' question (strength 15.0):
    +0.398   -0.888   -1.926   +0.994   -0.989   -0.281   +0.492   +0.477
    -0.183   -1.577   -0.107   +0.148   +1.063   -0.856   -1.188   -0.877
    -2.313   +0.151   +0.924   +0.313   -0.548   -0.102   +0.117   +1.376
    -0.469   +0.034   -0.811   +1.468  -11.914   -0.186   -0.616   +0.074
    -1.689   +2.076   -0.294   +0.759   -0.725   +0.704   -0.031   -0.822
    +0.005   +0.123   -0.690   +1.426   +0.764   -0.057   -1.017   -0.503
    +1.023   -0.478   +0.863   -0.286   -0.010   +0.117   +1.064   -1.028
    +0.599   -0.612   -0.713   -0.375   -5.918   -0.599   +0.762   -0.826
token ' you' question (strength 16.7):
    -0.520   -0.119   -2.883   +1.947   -2.169   -0.507   +0.138   +0.375
    +0.901   -1.673   -0.633   +1.389   -0.198   -0.431   -0.679   -1.124
    -1.661   +0.396   +0.457   -0.788   -0.055   +1.074   -0.225   +1.449
    -0.729   -0.474   -0.315   -0.182  -11.806   +0.587   -2.101   +1.423
    -2.500   +2.966   +0.693   +0.622   -0.696   +1.924   -0.962   -1.635
    +0.148   -0.023   -1.340   +0.461   -0.036   -0.518   -0.992   -0.455
    +0.518   +0.595   +0.132   -0.422   -0.669   -1.185   +0.930   -0.958
    +2.281   -1.500   +2.100   -0.234   -6.806   -1.654   +0.583   -2.282

--- station 12 · head 7 ---
token 'how' question (strength 22.8):
    -0.025   -0.085   +0.119   -0.268   +0.216   -0.155   +0.105   -0.110
    -0.115   +0.071   -0.019   +0.068   -0.289   -0.152   +0.026   -0.039
    +0.218   -0.307   -0.087   -0.698   -2.059   -0.362   -3.263   -0.125
    -0.135   +0.089   -0.440   +0.356   -0.771   -0.043   -0.119   -0.531
    +0.070   -0.024   -0.010   +0.301   -0.169   +0.398   +0.208   +0.037
    -0.086   +0.001   -0.107   -0.163   -0.089   +0.040   -0.036   +0.003
    -0.120   -0.336   -0.730   +0.113   -0.709   +0.190   +3.657   -1.772
    +1.138   +0.108   +0.385   -0.668   -0.168   +0.403   -0.212  -21.953
token ' are' question (strength 26.5):
    +0.275   -0.014   +0.092   -0.182   -0.125   +0.134   +0.044   -0.300
    -0.120   +0.124   +0.156   +0.090   -0.113   +0.046   +0.012   +0.031
    +0.071   -0.001   -1.336   -0.816   -1.021   +1.255   -4.653   +0.289
    -2.648   +2.102   -1.284   +1.781   -1.854   +3.064   +3.912   +0.952
    -0.150   -0.043   +0.088   +0.070   +0.299   +0.137   -0.018   -0.183
    -0.048   -0.060   +0.004   -0.032   +0.239   +0.248   -0.098   -0.015
    +0.084   -0.391   +0.427   +0.192   +0.423   +0.600   +3.404   -1.996
    +3.423   +0.447   +0.540   -0.776   -3.046   +0.245   +1.576  -24.259
token ' you' question (strength 27.2):
    +0.137   -0.273   -0.052   +0.123   +0.170   +0.418   +0.085   -0.021
    -0.049   +0.254   +0.004   +0.232   -0.089   +0.150   +0.148   -0.233
    +0.114   -0.027   -1.302   -0.008   -1.226   +0.189   -4.203   +0.894
    +0.041   +4.446   +0.900   +2.140   +3.212   +2.002   +0.927   +4.920
    -0.376   +0.132   -0.024   +0.174   +0.203   +0.250   -0.041   +0.079
    -0.079   -0.057   +0.032   -0.039   +0.100   +0.187   +0.068   +0.165
    +0.125   -0.066   +0.081   +0.162   -0.182   +0.848   +0.692   -2.392
    +2.395   +0.051   +2.425   -0.579   -0.741   +3.813   +1.348  -24.840

--- station 12 · head 8 ---
token 'how' question (strength 16.8):
    -0.382   -0.692   -0.727   -0.094   -0.146   -0.725   +0.768   -0.930
    -1.502   +0.181   -1.341   -1.158   -0.101   +1.227   +1.234   -0.540
    +0.749   -0.722   +0.483   -5.640   -0.273   +0.654   +0.864   +0.139
    +0.056   +0.140   -0.302   +0.133   +0.127   -0.094   -0.122   -0.942
    -0.485   -0.010   +0.028   -0.846   +0.489   +0.456   +0.561   +0.231
    -0.797   -0.784   -0.714   -1.050   +1.246   -1.246   +0.264   +2.644
    -0.024   -1.153   -0.867   +1.548   -1.476   -0.743   -2.102   +0.010
    -0.155   +0.188   -0.232   -0.106   +0.129   -0.038   -0.356  -14.395
token ' are' question (strength 17.4):
    -1.249   -2.186   -1.930   -0.092   +0.274   -0.715   +0.575   +0.053
    -0.651   -0.813   -0.385   -0.362   +1.059   +0.005   +0.457   -0.256
    -0.797   +0.996   -1.401   -5.762   -2.097   +0.016   +0.047   +2.145
    -1.154   -0.552   +0.203   +0.122   -0.030   -0.178   +0.036   -2.356
    -1.135   +0.160   -0.099   -1.325   +1.003   +0.533   -0.343   +0.590
    +0.377   +0.488   +0.913   +0.483   -1.021   -0.729   -0.716   +1.361
    +0.508   -0.888   -1.895   +3.194   -1.742   -1.372   -1.163   -0.106
    +0.226   -0.334   -0.186   +0.431   -0.239   +0.109   +0.178  -14.283
token ' you' question (strength 18.2):
    -1.486   -2.267   -1.984   -0.159   +0.167   -0.770   +1.138   -0.258
    -1.379   -0.351   -0.247   +0.100   +0.043   +0.184   +2.153   +1.199
    -2.441   +1.115   -1.261   -6.396   -2.221   -0.735   +0.412   +1.913
    -0.279   +0.235   -0.122   +0.241   -0.038   -0.218   +0.304   +0.050
    -1.272   -0.351   -0.006   -1.601   +1.310   +0.880   +0.027   +0.791
    +0.252   -0.220   +0.834   +0.038   -0.143   +0.092   +0.075   +1.141
    -0.029   -0.367   -0.614   +2.603   -1.666   -0.523   -1.230   +0.632
    +0.306   -0.098   +0.376   -0.096   +0.043   -0.056   -0.134  -15.141

--- station 12 · head 9 ---
token 'how' question (strength 20.3):
    +0.050   +0.270   +0.236   +0.125   +0.096   +0.358   -0.395   +0.164
    +0.090   +0.092   -0.075   -0.166   +0.017   +0.551   +0.345   -0.617
    -1.247   -0.508   -1.376   +0.416   -2.279   -0.479   +0.756   +1.029
    +0.143   +0.363   -0.669   +0.789   -0.352   -0.289   -0.342   +1.000
    +0.255   +0.032   +0.035   +0.421   -0.485   -0.244   -0.179   -0.055
    +0.211   +0.062   +0.059   -0.180   +0.109   -0.138   +0.011   +0.009
    -0.568   +0.162   -2.213   +2.505   -0.728   -0.213   -3.036   -0.056
    +0.211   +0.490   -0.227   -0.549   -0.591   +0.428   -0.334  -19.381
token ' are' question (strength 24.4):
    -0.670   +0.047   +0.190   +0.170   -0.025   +0.386   -0.487   +0.415
    +0.088   +0.281   +0.391   +0.581   -0.515   -0.285   -0.016   +0.065
    -0.768   +1.468   -2.153   +0.364   -1.065   -0.995   +0.255   +1.290
    -2.824   +0.565   -1.194   +1.916   -0.388   +2.603   +3.026   +1.600
    +0.252   +0.396   +0.323   +0.358   -0.431   -0.204   -0.096   -0.213
    +0.399   +0.335   +0.089   +0.675   -0.553   +0.471   -0.945   -0.715
    -0.904   +1.370   -2.851   +2.542   +1.929   -1.558   -3.089   +0.016
    -1.289   +2.403   -0.517   +0.008   -2.924   +0.929   +2.109  -22.161
token ' you' question (strength 24.6):
    -0.513   +0.081   +0.134   +0.060   +0.056   +0.507   -0.514   +0.610
    +0.298   +0.274   +0.253   +0.657   -0.575   -0.360   -0.142   +0.279
    -1.254   +1.892   -2.173   +1.048   -1.514   -0.421   +0.171   +1.598
    -1.694   +2.188   -0.589   +2.267   +2.696   +0.495   +0.373   +5.134
    +0.241   +0.424   +0.316   +0.435   -0.448   -0.213   -0.135   -0.057
    +0.325   +0.384   +0.150   +0.678   -0.537   +0.756   -0.698   -1.123
    -1.080   +2.062   -2.733   +3.275   +2.121   -0.899   -0.518   +0.058
    +0.893   +3.804   +1.896   +0.458   +0.387   +3.658   +1.157  -21.687

--- station 12 · head 10 ---
token 'how' question (strength 18.8):
    -0.134   -0.612   -0.571   +0.303   -0.861   -0.796   -0.317   -0.703
    -0.547   +0.646   -0.793   -1.739   +0.014   +1.887   +1.195   +0.643
    +0.233   -1.645   -0.216   -3.668   +0.214   +1.059   +2.507   +0.772
    +0.289   +0.118   -0.533   +0.742   -0.410   -0.601   -0.481   +0.284
    +0.117   +0.684   +0.240   -0.792   +0.396   -0.314   +0.672   -0.200
    -0.553   -0.907   -0.838   -0.187   +0.307   -2.206   +2.483   +2.205
    +1.410   -0.157   +2.195   +0.861   -1.962   -1.038   -0.621   +0.514
    +0.363   +0.828   -0.701   -0.358   -0.558   +0.507   -0.435  -16.764
token ' are' question (strength 20.0):
    -0.657   -1.300   -1.098   +0.401   -0.733   -1.654   +1.038   -0.872
    -1.543   -1.035   -0.886   -0.375   +1.665   +1.296   -0.211   +1.024
    +0.048   -2.573   -0.236   -3.518   -0.401   +0.564   +0.884   +0.339
    -0.852   +0.340   -0.414   +0.754   -0.368   +1.222   +1.447   -1.792
    -1.181   +0.467   -0.051   -1.074   +1.194   +0.111   +1.713   +0.609
    +0.480   -0.970   +2.773   +0.574   -1.388   -2.288   +0.043   +0.674
    +2.124   -0.479   +0.892   +0.183   -2.126   -1.108   -0.973   +1.139
    -0.462   +1.422   -0.271   +0.032   -1.340   +0.660   +0.692  -17.567
token ' you' question (strength 19.9):
    -1.122   -0.897   -1.470   +0.306   -0.718   -2.484   +0.676   -1.504
    -3.130   +0.201   +0.276   -1.528   +0.416   +1.968   +0.592   +1.410
    -1.419   -1.719   -0.325   -4.056   -1.049   +0.140   +0.977   +0.721
    -0.391   +0.900   -0.290   +0.981   +0.988   +0.183   +0.078   -1.030
    -1.588   +0.373   +0.261   -0.954   +0.901   +0.659   +2.002   +0.534
    -0.308   -1.136   +2.735   +0.677   -0.270   -0.347   +0.007   +0.391
    +3.515   -0.708   +0.680   -0.648   -2.246   -0.342   -1.099   +1.036
    +0.736   +1.889   +0.782   +0.388   +0.344   +1.811   +0.149  -16.943

--- station 12 · head 11 ---
token 'how' question (strength 21.2):
    -0.062   -0.006   -0.062   -0.169   -0.035   -0.058   -0.090   +0.005
    +0.090   +0.077   +0.064   -0.054   -0.097   -0.022   -0.240   +0.202
    +0.466   -0.216   -0.505   +1.350   +0.798   -0.020   -2.764   +1.343
    -0.348   +0.392   -0.719   +0.597   -0.556   -0.182   -0.196   +0.608
    +0.108   -0.178   +0.243   +0.127   -0.220   -0.176   +0.144   -0.171
    -0.158   -0.231   -0.265   -0.313   +0.062   +0.127   +0.313   +0.129
    +0.310   -0.624   +1.357   -0.829   +2.046   +0.295   -2.579   -0.520
    +0.219   +0.191   +0.106   -0.592   -0.337   +0.423   -0.323  -20.428
token ' are' question (strength 25.0):
    -0.018   -0.047   -0.147   -0.083   -0.121   -0.058   +0.043   -0.176
    +0.197   -0.080   -0.264   -0.105   -0.076   +0.321   +0.035   +0.054
    +0.943   +0.471   -2.245   +1.873   +0.993   -1.901   -2.298   +1.015
    -3.711   +1.311   -1.347   +2.034   -0.906   +3.026   +3.440   +1.613
    +0.277   +0.087   +0.060   -0.055   -0.213   -0.051   +0.045   -0.206
    -0.222   -0.024   -0.098   -0.515   +0.356   +0.146   +0.592   +0.350
    +0.493   -1.519   +1.049   -0.335   +0.855   +0.893   -3.104   -0.746
    -0.139   +1.992   -0.240   -0.162   -3.252   +0.859   +2.082  -22.893
token ' you' question (strength 25.2):
    -0.208   +0.165   -0.155   +0.043   -0.069   -0.117   +0.059   -0.061
    +0.089   -0.044   -0.182   -0.009   -0.016   +0.183   +0.202   -0.161
    +0.921   +0.338   -1.995   +2.012   +1.484   -1.119   -0.216   +1.729
    -1.545   +3.462   -0.021   +2.296   +3.037   +1.094   +0.590   +4.992
    +0.378   +0.048   +0.115   -0.121   -0.371   -0.081   +0.025   -0.155
    -0.128   +0.150   -0.191   -0.461   +0.426   +0.097   +0.526   +0.182
    +0.422   -1.438   +1.462   -1.028   +1.588   +0.190   -1.970   -0.478
    +1.199   +2.841   +2.250   +0.321   +0.106   +3.990   +1.348  -22.790

--- station 12 · head 12 ---
token 'how' question (strength 20.8):
    -0.609   -0.211   -0.417   -0.580   +0.409   -0.412   +0.787   -0.773
    -1.344   +0.087   -1.287   -1.493   +0.618   -0.079   +1.549   +0.715
    +0.222   -2.210   +2.274   -3.304   -1.051   +0.223   +2.411   +0.611
    +0.172   +0.167   -0.481   +0.717   -0.349   -0.347   -0.367   +0.537
    +0.328   +0.339   +0.568   -0.600   +0.723   +0.780   +0.122   +0.545
    +0.138   -0.939   -0.132   -0.387   +0.620   -0.956   -0.048   +0.621
    -0.032   -1.465   -1.011   +2.285   -2.372   -0.887   -2.232   +0.577
    +0.110   +0.500   -0.367   -0.336   -0.532   +0.349   -0.364  -19.153
token ' are' question (strength 21.7):
    -1.457   -0.836   -0.873   -0.153   +0.063   -0.341   +0.247   -0.213
    -0.633   -0.897   -1.062   -1.026   +1.248   -1.251   +0.023   -0.287
    +0.949   +0.014   +0.453   -2.919   -1.374   +0.081   +0.617   +1.012
    -2.238   +0.071   -0.637   +1.189   -0.159   +1.820   +2.255   -1.026
    -0.302   +0.842   +0.518   -0.852   +0.611   +0.646   -0.021   +0.437
    +0.862   -0.163   +1.377   +0.849   -1.318   -0.342   -1.243   -0.383
    +1.190   +0.139   -3.388   +2.341   -0.619   -1.071   -2.215   +0.361
    -1.215   +1.650   -0.383   +0.339   -2.082   +0.714   +1.618  -19.658
token ' you' question (strength 22.1):
    -1.923   -0.896   -1.057   -0.620   +0.451   -0.641   +0.922   -0.548
    -1.421   -0.734   -1.331   -0.848   +1.059   -1.343   +0.764   +0.618
    +0.510   -0.608   +0.563   -2.977   -1.823   -0.346   -0.016   +1.112
    -1.398   +1.207   -0.405   +1.514   +1.960   +0.296   +0.354   +1.588
    -0.315   +1.206   +0.828   -1.196   +0.956   +1.377   -0.211   +0.640
    +0.683   -0.352   +1.062   +0.478   -1.392   +0.357   -0.662   -1.014
    +1.194   +0.738   -3.210   +2.927   -0.469   -0.153   -1.266   +0.629
    +0.522   +2.728   +1.462   +0.586   +0.364   +2.582   +0.834  -19.761

--- station 12 · head 13 ---
token 'how' question (strength 24.0):
    +0.182   -0.033   -0.183   +0.180   +0.262   -0.221   -0.042   +0.141
    -0.147   -0.018   +0.099   +0.296   -0.133   -0.010   -0.023   +0.198
    +0.120   +0.976   -1.958   +1.821   +1.518   +0.532   +3.638   -1.855
    +0.878   -0.177   -0.117   -0.083   -0.855   +0.124   +0.231   +0.561
    -0.307   -0.253   +0.226   -0.137   -0.175   +0.116   -0.072   +0.092
    +0.206   +0.076   +0.020   +0.175   +0.061   +0.281   -0.062   +0.195
    -0.101   -0.006   -1.425   -0.448   +2.798   +0.028   +3.721   -0.203
    +0.744   +0.045   +0.462   -0.622   +0.108   +0.288   +0.016  -22.778
token ' are' question (strength 28.8):
    -0.303   +0.088   -0.213   -0.349   +0.080   +0.137   -0.189   +0.079
    +0.391   +0.088   +0.348   +0.042   -0.370   +0.224   -0.267   -0.380
    -0.172   +0.474   -0.730   +1.826   +1.661   -0.880   +1.883   -0.850
    +2.408   +1.580   -0.464   +0.473   -3.112   +3.272   +4.559   +0.960
    -0.217   +0.345   -0.106   -0.055   +0.085   +0.075   -0.335   +0.078
    +0.085   -0.032   +0.025   -0.032   +0.075   +0.038   -0.260   -0.572
    -0.129   +0.234   -0.013   -0.540   +1.062   -1.019   +4.347   -0.390
    +3.673   -2.092   +1.463   -2.035   -1.547   -1.222   +0.280  -26.738
token ' you' question (strength 29.8):
    -0.855   +0.267   -0.192   -0.393   -0.095   -0.054   +0.074   -0.146
    +0.602   +0.038   +0.114   -0.064   -0.344   +0.054   +0.105   -0.542
    +0.351   +0.363   -0.279   +1.847   +2.431   -0.209   -0.524   -1.142
    +2.061   +1.886   +2.314   +1.183   +2.485   +3.433   +1.397   +4.815
    -0.122   +0.373   -0.047   +0.075   +0.018   +0.293   -0.182   -0.011
    +0.078   +0.143   +0.057   +0.362   +0.116   -0.013   -0.148   -0.376
    +0.145   +0.913   -0.493   +0.106   +1.592   -0.753   +4.234   -0.205
    +1.587   -4.318   +0.389   -2.037   -2.076   +2.616   +0.971  -27.465


############ STATION 13 ############

--- station 13 · head 0 ---
token 'how' question (strength 43.7):
    +1.217   +5.246   -2.145  -14.073   +0.986   +6.808   -2.466   +0.946
    +1.041   -0.653  +11.574   -0.625   -3.626   +0.083   +0.709   -2.523
    +1.115   +0.313  +12.904   +1.759   -0.459   +2.833   -0.161   +0.897
    +6.266   -3.702   -0.404   -0.368   +0.653   -0.406   -1.695   +4.141
   +25.460   +4.511   +2.280   -5.534   -1.082   -0.885   +1.074   -9.025
    -1.696   +0.784   +0.456   +0.302   -0.021   +2.515   +6.574   -1.887
    +0.291   +0.524   +0.968   +0.280   +0.111   -1.687   -0.037   +1.604
    -0.243   +4.215   -4.684   -0.235   +0.476   +0.396   +0.220  +17.996
token ' are' question (strength 32.6):
    +1.974   +3.258   -1.786   -6.976   -0.472   +4.931   -0.922   +0.722
    +1.027   +0.153   +6.630   +0.187   -0.667   -0.731   +0.494   -1.275
    +0.408   -0.433   +8.119   +0.181   -0.930   +1.922   -0.748   -0.284
    +6.995   -3.208   +1.751   -0.398   +1.646   -0.341   -0.788   +2.188
   +20.277   -0.973   +1.465   -0.497   -0.339   +0.877   +2.144   -4.940
    -0.627   -0.870   -0.324   -0.296   +0.411   +0.162   +4.858   -0.363
    +1.028   +1.226   +0.057   +0.321   +0.079   -1.401   +0.035   -0.284
    -0.927   +3.679   -1.961   +0.199   +0.471   -1.191   -0.875  +16.909
token ' you' question (strength 31.8):
    +2.234   +3.009   -0.373   -7.347   +0.513   +4.421   -0.796   -0.000
    +1.149   +0.294   +6.551   +0.881   -0.771   -0.236   +0.957   -1.466
    +0.685   -0.737   +7.751   -0.370   -0.347   +2.857   -0.799   -0.488
    +7.044   -2.478   +1.300   -0.332   +1.735   +0.658   -0.790   +2.220
   +18.831   -2.223   +1.936   -1.986   -0.944   -0.452   +2.312   -4.753
    -0.359   -0.641   -0.137   -0.190   +0.404   +0.607   +5.155   -0.053
    +0.938   +1.652   +0.354   +0.531   -0.040   -1.684   +0.319   -0.394
    -0.338   +3.367   -2.495   -0.669   +0.459   -0.971   -0.435  +16.952

--- station 13 · head 1 ---
token 'how' question (strength 11.2):
    +0.027   +0.233   +0.045   -0.422   -0.522   +0.645   -0.099   -0.407
    +0.104   +0.677   +1.017   -0.327   -0.531   -0.847   -0.102   -1.448
    +2.156   +1.120   +0.904   +1.395   +0.084   +2.314   +0.714   -1.140
    +2.099   -0.657   -0.396   +0.513   +0.743   +1.225   -1.273   +2.504
    -0.107   -0.343   +0.550   +0.477   -0.717   -0.181   +0.435   -0.737
    -0.490   -0.172   -0.138   +0.200   +1.055   +0.460   +0.962   +0.848
    +0.155   -0.793   +0.379   -0.494   +0.471   +0.190   +0.158   +0.580
    -0.740   -0.353   -1.835   -0.257   +1.222   +3.393   -0.661   +8.066
token ' are' question (strength 11.5):
    +0.092   +0.102   +0.126   +0.002   -0.300   +0.264   +0.387   +0.103
    +0.841   +0.648   +0.176   -1.454   -0.237   -0.426   -0.048   -1.962
    +0.728   +0.017   +0.812   +1.438   -0.439   +0.155   -0.491   +0.244
    +1.243   -0.914   +0.060   -0.326   +3.794   +0.940   -3.121   +0.280
    -0.027   -0.350   +0.212   +0.346   -0.327   -0.263   -0.164   -0.684
    -0.221   +0.204   +0.090   +0.422   +0.514   +0.267   +0.166   -0.581
    -0.822   +0.060   +0.069   -1.141   +1.168   -0.895   +0.222   +0.441
    -1.462   -0.266   -1.020   -1.276   +1.611   +2.353   -1.867   +8.349
token ' you' question (strength 11.2):
    -0.097   -0.049   +0.222   +0.174   -0.135   +0.032   +0.502   +0.010
    +0.610   +0.598   +0.458   -1.090   -0.221   -0.349   -0.370   -2.589
    +0.834   -0.038   +1.029   +0.896   -0.312   -0.422   -0.446   -0.419
    +1.185   -0.618   +0.176   -0.740   +3.743   +1.317   -1.862   -0.436
    -0.073   -0.012   -0.182   +0.180   -0.556   -0.374   -0.273   -0.534
    -0.071   -0.020   -0.065   +0.985   +0.477   +0.404   +0.239   -0.336
    -0.526   +0.600   -0.211   -0.930   +0.921   -0.958   +0.752   -0.046
    -1.197   +0.210   -1.281   -1.940   +1.374   +2.327   -1.969   +8.217

--- station 13 · head 2 ---
token 'how' question (strength 12.2):
    +0.559   +0.430   -0.001   -0.473   +0.362   +0.784   +0.285   +0.162
    +0.412   -0.272   +0.098   +0.300   -0.609   +0.842   +0.083   +0.517
    +0.755   -1.283   +2.181   -0.696   +0.539   -0.027   -1.662   +0.149
    +6.661   -0.270   -0.540   -1.741   +0.829   +0.932   -1.806   +0.916
    -0.184   -1.807   +1.793   +0.985   +0.424   -1.589   +0.038   -0.215
    -0.780   +0.320   -0.685   +0.278   +2.007   -1.016   +1.957   +0.356
    +1.058   -0.663   -0.928   -0.387   -0.583   +0.182   +0.143   +0.973
    -0.394   +0.259   -2.573   -0.245   -0.717   -1.342   +0.059   +6.943
token ' are' question (strength 11.7):
    -0.030   +0.954   -1.429   -0.570   +0.665   +0.508   +0.217   -0.099
    +0.615   +1.428   +0.172   -0.273   -0.105   +0.401   +0.763   -0.465
    -0.181   -0.259   +3.566   +0.164   -0.706   +0.341   -1.184   +1.699
    +5.124   -1.355   +0.382   -0.727   +1.055   +0.458   -2.189   +0.082
    +0.601   +0.405   +0.726   +0.135   -0.524   +0.004   +0.701   -0.792
    -0.446   +0.070   +0.992   +0.204   +0.213   -1.000   +1.189   +0.391
    +0.079   +0.113   -1.035   +0.453   +0.218   -1.216   +0.252   -0.081
    -1.186   +0.730   -0.887   +0.032   -1.035   -1.972   +0.684   +7.710
token ' you' question (strength 13.1):
    +0.165   +0.426   -1.570   -0.941   +0.061   +1.228   +0.611   +0.374
    -0.392   +2.039   +1.238   +0.387   -0.247   +1.174   -0.554   -1.430
    +0.841   -0.244   +4.138   +0.351   -0.093   +1.259   -1.223   +0.509
    +4.584   -1.201   +1.425   -0.306   +1.514   +0.912   -2.123   -0.230
    +0.486   -0.366   +0.724   +1.038   -0.964   -0.454   +0.647   -1.675
    -1.066   -0.378   +0.056   +0.261   -0.077   -0.170   +1.823   +0.087
    +0.977   +1.161   -0.376   +1.033   +0.329   -1.428   +0.301   -0.207
    -0.701   +1.605   -2.088   -0.212   -0.975   -0.577   -0.178   +8.786

--- station 13 · head 3 ---
token 'how' question (strength 12.1):
    -0.063   -0.308   -0.113   +0.239   +0.374   -0.519   +0.522   -0.014
    -0.164   -0.266   -0.310   +0.095   +0.428   -0.354   +0.304   +0.085
    +0.924   -0.198   -0.183   +0.480   +1.251   -0.327   +0.991   -0.988
    -1.237   -0.769   -0.947   +1.968   +0.974   +0.548   -0.293   +1.492
    +0.118   +0.417   -0.487   -0.281   +0.093   +0.249   -0.050   +0.501
    +0.700   -0.006   -0.140   -0.166   -0.357   +0.976   +0.006   +0.937
    -0.469   -0.167   -0.345   -0.149   -1.985   -0.235   -1.129   -0.032
    -0.559   -1.226   -1.285   +1.292   +0.775   +0.345   +0.653  +10.671
token ' are' question (strength 13.5):
    -0.110   -0.666   +0.475   +0.184   +0.436   -0.357   +0.360   +0.573
    -0.217   -0.708   -0.818   +0.519   +0.274   +0.034   +0.594   +0.425
    -0.060   -0.014   -0.200   -0.551   -0.267   -1.476   -2.121   +0.625
    -2.838   -1.592   +0.509   +1.178   +3.599   +0.986   -3.553   -1.785
    -0.156   +0.273   -0.103   -0.231   +0.430   +0.392   -0.394   +0.537
    +0.792   +0.625   -0.201   -0.684   -0.590   +0.428   -0.652   -0.104
    -0.087   +0.373   -0.570   -0.316   +0.592   -1.616   -1.019   +0.391
    -1.745   -0.069   -0.709   +0.721   +0.510   -0.209   -0.031  +10.764
token ' you' question (strength 13.9):
    -0.059   -0.914   +0.473   +0.327   +0.183   -0.404   +0.337   +0.534
    -0.205   -0.656   -0.741   +0.573   +0.166   +0.477   +0.314   +0.421
    -0.077   +0.036   -0.470   -0.659   +0.877   -1.303   -1.710   +0.981
    -1.836   -1.808   +0.407   +0.669   +4.468   +3.464   -2.673   -1.865
    -0.455   -0.031   +0.031   -0.288   +0.840   +0.289   -0.329   +0.498
    +0.764   +0.349   -0.210   -0.439   -0.193   +0.224   -0.816   -0.755
    -0.384   +0.649   +0.098   +0.341   +0.386   -1.138   -0.133   -0.194
    -1.801   -0.114   -2.998   -1.055   +0.579   +0.630   +0.248  +10.595

--- station 13 · head 4 ---
token 'how' question (strength 10.9):
    -0.038   -0.220   +0.126   +0.569   +0.214   -0.610   +1.270   -0.357
    -0.035   +0.263   +0.128   +2.088   -0.151   +0.043   +0.338   +0.398
    +1.020   -0.715   +2.407   +0.917   +0.189   +0.608   -0.012   +0.088
    +1.893   -0.508   -0.724   -1.735   +1.137   +0.068   -0.277   +2.631
    -0.161   -0.108   -0.730   +0.415   +0.916   -0.718   -0.399   +0.989
    +0.315   -0.010   -0.686   +0.505   +0.192   +0.533   +1.031   +0.189
    +1.453   -1.081   -0.941   -0.681   -0.439   -0.005   +0.502   -0.210
    +0.009   +2.149   -2.155   +0.076   -0.152   -1.630   -0.920   +7.994
token ' are' question (strength 9.7):
    +0.014   -0.227   -0.012   -0.018   -0.437   -0.017   +0.462   +0.104
    -0.150   -0.251   +0.224   +0.270   -0.662   -0.565   +0.706   -0.646
    +0.375   -0.141   +1.523   -0.268   -0.688   +0.379   -0.406   +0.368
    +2.029   -2.047   +1.587   -0.307   +0.972   -0.399   -1.659   +0.844
    -0.274   -0.274   -0.129   +0.113   +0.087   -0.155   -0.042   -0.182
    -0.507   +0.549   +0.017   +0.021   -0.563   +0.246   +0.701   +0.563
    -0.225   +0.725   -0.507   -0.077   -0.728   -0.824   +0.429   -0.669
    -1.104   +1.916   -0.247   +0.350   -0.581   +0.557   -0.013   +7.932
token ' you' question (strength 10.8):
    -0.005   -0.146   +0.234   +0.303   -0.236   +0.049   +0.980   +0.055
    -0.324   +0.398   +0.697   +0.754   -0.429   -0.871   +0.549   +0.241
    +0.695   +0.193   +0.695   +0.568   -0.362   +0.804   -0.920   +0.006
    +1.909   -2.859   +2.138   +0.263   +1.025   -0.590   -2.588   +0.885
    -0.293   +0.316   -0.525   +0.068   +0.151   -0.455   -0.367   -0.116
    -0.690   +0.164   -0.326   +0.020   -0.302   +0.346   +1.071   +0.504
    -0.057   +0.690   -0.296   +0.395   -0.708   -0.901   +0.050   -1.017
    -0.745   +2.064   -0.748   +0.371   -0.257   +0.670   -0.038   +8.499

--- station 13 · head 5 ---
token 'how' question (strength 11.9):
    -0.085   -0.194   +0.166   +0.102   -0.373   +0.322   +0.454   +0.069
    -0.357   -0.434   -0.099   -0.320   +0.937   +0.791   +1.337   -0.283
    +2.632   -1.891   +1.092   -0.458   +0.740   -0.279   -1.156   -0.796
    +5.479   -0.480   +0.252   -0.730   +0.129   -0.379   -2.783   +1.589
    -0.249   -0.376   +0.457   +0.215   +0.186   -0.556   -0.372   +0.209
    +0.002   +0.476   -0.541   +0.256   +0.600   +0.335   +0.998   +0.018
    -0.118   -0.133   -2.133   -1.522   -0.006   +1.131   -1.577   +1.270
    -1.117   +1.296   -0.527   +1.708   +0.107   -0.811   -0.270   +7.647
token ' are' question (strength 12.6):
    +0.027   -0.103   -0.048   +0.044   +0.250   +0.224   +0.640   +0.145
    +0.829   +0.184   -0.596   +0.092   -0.340   +0.804   +0.473   -0.517
    +0.897   -0.411   +1.345   -0.306   -1.213   -1.062   -0.036   -0.146
    +3.563   -0.829   +2.281   -0.963   +2.034   +0.804   -5.138   +0.809
    -0.138   -0.104   +0.376   -0.052   -0.132   -0.324   -0.229   -0.244
    +0.192   +0.680   +0.560   -0.163   -0.644   -0.028   -0.783   -0.797
    -0.121   -0.528   -2.192   +0.421   -1.140   -0.794   -1.544   -0.068
    -1.600   +0.521   +0.486   +0.744   -0.203   +0.001   +1.350   +9.064
token ' you' question (strength 13.1):
    -0.013   -0.693   +0.530   +0.479   -0.042   +0.226   +1.017   -0.128
    +0.274   +0.056   -0.040   -0.173   -0.577   +0.811   +0.347   -0.747
    +1.453   -0.532   +1.298   +0.355   +0.338   -0.862   -0.863   -1.222
    +3.930   -1.127   +3.096   -0.032   +2.426   +1.519   -4.533   +0.546
    -0.334   -0.235   +0.622   +0.068   +0.052   -0.728   -0.170   -0.287
    -0.174   -0.279   -0.065   -0.059   +0.586   +1.077   -0.359   -0.882
    +0.583   +0.093   -1.426   +0.916   -0.397   -0.629   -0.804   -0.530
    -1.199   +1.005   -0.728   -0.271   +0.772   +0.686   +0.795   +9.597

--- station 13 · head 6 ---
token 'how' question (strength 15.1):
    +1.012   +0.325   +0.511   -0.646   -0.109   +1.978   +0.277   -0.771
    +0.627   +0.218   +1.637   -0.503   -1.154   +2.390   +0.260   +2.083
    -0.027   -1.065   +5.132   +0.646   +1.185   +2.674   -1.874   -0.937
    +7.933   -0.235   +0.908   -1.016   +0.577   +0.497   +0.365   +1.233
    -0.402   -1.873   +1.662   +1.935   +0.842   -1.859   -1.037   -1.304
    -0.269   -0.290   -0.609   +1.024   +1.557   -0.307   +2.315   +0.855
    +1.558   +0.281   -0.765   +0.051   +0.121   +0.279   -1.688   +1.310
    +0.291   +2.154   -2.813   +0.488   +0.826   +0.789   -0.127   +7.017
token ' are' question (strength 14.5):
    +0.632   +0.866   -1.096   -0.493   +0.485   +0.569   +1.202   -1.017
    +0.721   +0.555   +0.578   +0.629   -0.943   +0.160   -0.037   -1.075
    +0.900   -0.102   +3.336   +1.136   -0.309   +0.354   +0.498   +0.021
    +6.771   -1.762   +2.496   +0.063   +1.653   -0.275   -1.398   +0.712
    +0.377   -1.049   +1.262   +1.267   -1.136   -0.738   +0.288   -1.476
    -1.772   +0.234   -0.726   +0.349   -0.350   +0.131   +2.979   -0.097
    -0.618   -0.050   -1.732   -0.178   +0.454   -0.785   +0.383   +0.940
    -0.266   +1.810   -1.771   -0.156   +0.304   +0.625   -0.021   +9.663
token ' you' question (strength 16.0):
    +0.470   -0.077   -0.277   -0.642   +0.426   +1.190   +1.406   -0.931
    +0.111   +1.428   +1.472   +0.820   -1.010   -0.251   -1.293   -1.791
    +1.064   -0.546   +3.558   +1.114   -0.157   +1.550   +0.319   -0.161
    +7.235   -1.288   +2.348   +0.671   +1.825   +0.660   -1.076   +1.167
    -0.069   -0.364   +1.052   +2.040   -1.135   -0.856   -0.209   -1.960
    -2.629   -0.464   -0.963   +1.082   -0.530   +0.396   +3.802   -1.558
    -0.038   +0.516   -1.449   +0.294   +0.746   -1.402   +0.773   +1.249
    -0.379   +2.066   -2.183   -0.554   +1.191   +1.348   -0.275   +9.879

--- station 13 · head 7 ---
token 'how' question (strength 13.2):
    -0.375   -0.598   +0.908   +0.359   -0.129   +0.383   -0.541   -1.127
    +0.405   -1.114   -2.171   -0.345   -0.922   +0.985   -1.762   -1.714
    -0.297   +0.108   -0.651   -1.099   +2.206   +0.969   -0.262   -0.397
    -0.054   -3.532   -0.451   +1.267   -0.827   -0.059   +0.662   +0.282
    -0.137   -0.136   +0.311   +0.184   +0.900   -0.826   -1.154   +0.820
    -0.540   +1.615   -0.593   +1.248   -0.836   -0.290   -1.190   -0.590
    -0.299   +3.167   +1.888   +0.810   +0.047   +0.517   -0.697   +0.170
    -1.234   +0.792   +0.131   +0.535   +0.769   -0.232  +10.240   -0.216
token ' are' question (strength 11.6):
    -0.261   -0.093   +0.139   +0.100   +0.432   -0.042   -0.257   +0.187
    -0.250   -1.359   -0.635   -0.230   +0.404   -0.625   +0.157   -0.581
    -1.592   -0.559   -1.245   -0.908   +0.039   +0.868   +0.026   -0.134
    +0.272   -3.672   +0.408   -0.208   -0.277   -0.158   -0.086   +0.437
    -0.013   -0.265   +0.173   +0.025   -0.100   -0.261   -0.765   -0.001
    +0.068   +0.766   +0.301   -0.132   -1.022   -0.207   -1.476   -0.164
    -0.372   +2.608   +1.887   +0.684   +0.235   -0.107   -0.394   +0.988
    -0.225   +0.496   +0.260   +1.116   -0.111   -0.468   +9.557   -0.059
token ' you' question (strength 13.3):
    -0.466   -0.524   +0.543   +0.461   -0.024   -0.101   +0.461   +0.172
    +0.735   -1.686   -0.486   -0.277   +1.097   +1.011   -1.011   -0.763
    -1.374   -1.236   -1.312   -1.069   -0.243   -0.521   +0.211   -0.309
    -0.050   -4.144   -0.091   -0.252   +0.084   +0.493   -0.538   +0.840
    +0.026   -0.061   +0.260   +0.398   +0.173   -0.534   -0.806   +0.822
    +0.711   +1.683   +0.825   +0.065   -1.107   +0.034   -1.553   -1.040
    -0.612   +1.836   +1.456   +0.252   +0.344   +0.985   -0.499   -0.146
    -0.319   +0.650   +1.065   +1.201   -0.812   +1.162  +10.977   -0.717

--- station 13 · head 8 ---
token 'how' question (strength 12.9):
    -1.741   -2.681   +1.554   +2.554   -0.279   -1.105   -0.041   -0.522
    -0.575   -0.401   -2.197   -0.470   -0.081   +1.797   +0.467   -1.180
    +0.467   -1.022   -0.587   -0.511   +0.358   -0.007   -0.321   -0.243
    +0.743   -4.601   -0.461   -0.237   +0.367   +0.104   -0.231   +0.991
    -2.078   -2.385   -0.237   +3.034   +0.314   -0.512   -2.423   +0.218
    +1.957   +0.504   -1.058   -0.120   -0.143   +0.353   +0.119   -0.925
    +0.716   +1.258   +0.191   -1.168   -0.744   -0.011   +0.077   -0.142
    +0.430   -0.445   +0.216   +0.285   -0.223   -0.249   +8.537   -0.199
token ' are' question (strength 16.4):
    -3.397   -1.874   +2.678   +1.899   -1.265   -1.327   -0.855   -1.240
    +2.152   +0.602   -2.177   -1.057   -0.315   +2.717   -0.560   -1.626
    -0.074   -0.527   -0.323   -1.813   +0.017   -0.038   -0.518   +0.012
    -0.746   -5.734   -0.471   -0.243   -0.460   -0.171   -0.511   +0.618
    -2.364   -3.113   +1.747   +3.698   -0.500   -0.289   -1.278   -0.863
    +2.332   +1.821   -0.256   -0.353   +0.268   +1.819   -0.325   -0.704
    +0.160   +1.694   +0.821   -0.117   -0.301   +0.481   -0.233   +0.062
    -0.101   -0.440   +0.367   +0.368   -0.737   +0.502  +11.222   -0.193
token ' you' question (strength 18.3):
    -3.409   -4.181   +3.142   +4.058   -2.009   +0.366   -0.228   -1.420
    +2.541   +0.863   -1.751   -1.337   -0.194   +3.094   -0.244   -2.451
    +0.320   -1.476   -0.364   -1.979   -0.125   -0.310   -0.055   +0.089
    -1.041   -5.997   -0.660   -0.573   -0.663   -0.192   -0.832   +1.014
    -2.036   -1.714   +1.331   +4.843   +1.167   +0.318   -2.426   +0.710
    +3.474   +1.199   +0.078   +1.129   +0.229   +1.237   +0.256   -1.308
    +0.813   +1.548   +0.457   -1.036   -0.697   +0.139   +0.445   -0.469
    +0.092   -0.743   +0.008   +0.427   -0.926   +0.807  +11.477   -0.860

--- station 13 · head 9 ---
token 'how' question (strength 12.1):
    -0.875   -1.006   +0.942   +0.967   -0.591   +0.323   -1.044   -2.469
    -0.165   +0.019   -2.580   -1.008   -0.475   +0.943   -0.046   -1.409
    -0.384   +0.235   -0.698   -1.654   +0.414   -0.739   -1.295   -2.010
    -1.334   -2.941   -0.358   +1.450   -0.500   +0.601   -0.079   +0.754
    -0.115   -0.370   +0.706   +0.408   +0.329   -1.607   -0.530   +1.107
    +0.244   +1.746   -0.791   +0.877   -0.275   -0.581   +0.478   +0.663
    -0.591   +1.203   +1.504   -0.111   +0.261   +0.268   -0.650   -0.116
    -0.231   +1.276   +0.480   -0.163   -0.647   +2.302   +8.854   +0.487
token ' are' question (strength 11.8):
    -0.519   -0.174   +0.006   +0.311   +0.040   -0.689   -0.179   -0.067
    -0.259   -0.783   -0.999   -0.743   +0.549   +0.062   -0.004   -0.048
    -0.845   -0.340   -1.391   -1.653   -1.175   +0.619   -0.287   -0.441
    -0.264   -3.852   -0.155   +0.521   -0.118   +0.058   -0.436   -0.264
    +0.237   -0.456   +0.548   +0.025   -0.594   -0.690   -0.798   +0.276
    +0.576   +0.663   -0.439   -0.339   -0.737   -0.480   -2.765   +0.337
    -0.278   +1.498   +0.975   +0.021   +0.349   +0.061   -0.333   +0.345
    -0.119   +1.016   +0.647   +0.150   +0.021   +0.398   +9.841   -0.263
token ' you' question (strength 14.6):
    -0.509   -0.726   +0.716   +1.158   -0.155   -1.793   -0.231   -0.234
    +0.235   +0.617   -1.115   -0.586   +1.720   +2.261   -0.422   -0.980
    -0.034   -0.430   -1.601   -2.070   -1.111   -1.092   +1.016   -0.391
    -0.182   -3.688   -0.348   +0.600   +0.267   -0.182   -1.387   +1.797
    +0.646   +0.389   +0.511   -0.035   -0.275   -1.687   -0.628   +1.191
    +1.135   +1.641   +0.841   -1.054   +0.417   -0.185   -1.619   +0.568
    -0.075   +1.197   +0.767   -0.175   -0.030   +1.346   +0.031   -0.359
    -1.135   -0.337   +2.299   +0.473   -0.660   +1.092  +11.753   -0.708

--- station 13 · head 10 ---
token 'how' question (strength 11.7):
    -0.106   -0.470   +1.172   +0.819   -0.485   -1.151   -0.278   -0.361
    +0.024   +1.180   +0.324   -2.653   -0.523   +1.550   +0.214   -1.444
    -0.239   -1.059   -0.281   -1.455   +0.881   +0.420   +0.105   -0.864
    +0.744   -3.860   +0.025   +0.151   -0.203   +0.319   +0.209   +0.252
    +0.091   +0.396   -0.079   +0.295   +1.343   -0.644   -1.185   +0.261
    +0.499   +1.407   -0.905   +0.255   +1.701   -0.148   -0.368   +0.450
    +0.698   +2.101   +1.072   -0.940   -0.056   -1.032   -0.358   +0.541
    -0.377   +0.467   +0.995   +0.333   +0.614   +0.764   +8.723   -0.548
token ' are' question (strength 11.7):
    -0.322   -0.000   +0.298   -0.147   -0.149   +0.009   +0.503   -0.094
    -0.692   -0.553   -0.691   -1.297   +0.274   +0.277   -0.468   -1.634
    -0.595   +0.136   -0.490   -0.955   +0.263   -0.082   -0.016   -0.723
    +0.362   -2.847   -0.262   -0.187   -0.282   +0.319   +0.135   +0.137
    +0.027   -0.288   +0.202   +0.013   -0.037   -0.071   -0.845   +0.046
    +0.472   +1.056   -0.223   -0.694   +0.126   -0.186   -0.733   +0.866
    -0.002   +1.476   -0.858   -0.146   +0.106   +0.936   -0.142   -0.228
    -0.404   +0.820   +0.058   +0.905   +0.511   -0.012  +10.494   -0.600
token ' you' question (strength 13.6):
    -0.546   -0.681   +0.835   +0.443   -0.561   -0.739   -0.222   +0.182
    -0.210   +0.689   -0.332   -2.673   +0.850   +0.560   -0.276   -2.532
    -0.704   +0.832   -0.195   -0.730   +0.139   +0.413   -0.016   -0.848
    +0.633   -4.625   -0.072   -0.178   +0.232   +0.038   -0.509   +1.325
    +0.321   +0.094   +0.349   +0.437   +0.688   -0.838   -1.238   +0.223
    +0.832   +1.380   +0.229   -0.697   +1.988   +0.300   -0.563   +0.398
    +1.430   +1.762   -1.303   -0.746   -0.578   +1.324   +0.160   -0.311
    +0.401   -0.401   +1.033   +1.562   -0.322   +1.576  +10.626   -1.058

--- station 13 · head 11 ---
token 'how' question (strength 12.6):
    -0.648   -0.303   +0.407   +0.229   -0.191   -0.122   -0.613   -1.076
    -0.325   +0.845   +0.260   +0.409   -1.114   -0.234   -0.130   -0.792
    -0.737   +0.056   -0.680   -1.128   +1.615   +2.205   -0.508   -0.857
    -0.840   -1.171   +0.172   -0.043   +0.141   -0.968   +1.749   -0.759
    +0.094   -0.083   +0.649   +0.253   -0.064   -0.281   +0.099   +0.355
    -0.472   +0.283   +0.348   +1.581   -0.588   -0.834   +0.243   +0.616
    +0.981   +2.077   +1.442   +0.936   +2.877   -1.363   +0.071   -0.402
    -0.615   +0.596   +0.233   +1.381   +0.296   +0.413  +10.435   -0.681
token ' are' question (strength 12.9):
    -0.387   -0.209   +0.194   +0.087   +0.207   +0.188   -0.106   -0.633
    -0.340   +0.422   +0.500   +0.546   -0.356   -0.049   -0.709   -0.222
    -0.821   +0.303   +0.062   +0.482   +0.416   -0.618   -1.135   +0.216
    +0.522   -1.388   -0.711   +0.421   +0.177   +0.107   +1.002   +0.141
    +0.193   -0.136   +0.029   +0.160   -0.108   +0.042   -0.068   +0.186
    +0.426   -0.212   -0.206   +0.226   -0.547   -0.896   -0.854   +0.994
    +0.418   +1.827   +0.846   +0.820   +1.430   +0.761   -0.547   +0.296
    -0.297   +0.091   -0.109   +0.427   -0.766   +1.098  +11.943   -1.459
token ' you' question (strength 13.4):
    -0.241   -0.314   +0.874   +0.783   +0.184   -0.281   -0.407   -0.447
    +0.221   +0.442   +0.138   -0.265   -0.525   +0.451   +0.604   -0.332
    -0.973   +0.906   -0.638   -1.216   +0.916   +0.180   -0.486   -1.341
    -0.307   -1.596   +0.716   +0.899   -0.080   -0.764   -0.076   -0.011
    +0.535   +0.438   -0.156   +0.084   +0.387   +0.149   -0.540   -0.088
    +0.311   -0.255   -0.803   +1.031   -0.700   -0.218   -1.225   +0.539
    -0.012   +1.623   -0.076   -0.280   +2.027   +0.968   -0.300   -0.642
    -0.409   -0.490   -0.356   +2.191   -1.390   +1.723  +11.667   -2.159

--- station 13 · head 12 ---
token 'how' question (strength 13.4):
    -1.302   -1.388   +1.885   +2.186   -0.969   -0.701   -1.417   -0.893
    -0.662   -1.062   -2.176   +1.157   -0.714   +1.252   +0.587   -2.306
    +0.415   +0.320   -0.668   -2.420   +0.365   -0.358   -0.882   -0.978
    +1.189   -1.217   -0.364   +0.802   -0.113   -0.740   +1.710   +2.142
    -0.241   -0.349   -0.418   +1.078   +1.376   +0.101   -0.757   +0.560
    +1.010   +1.730   -0.130   +1.721   +0.282   +0.177   +0.202   +1.178
    -0.267   +1.834   +1.481   -2.093   -1.041   -0.045   -0.360   -0.079
    -0.025   -0.970   +0.914   +0.604   -0.130   +0.905  +10.009   +0.558
token ' are' question (strength 14.6):
    -1.969   -1.338   +2.708   +0.950   -0.262   -0.103   -1.033   -1.130
    +0.479   -0.298   -1.847   -0.427   +0.614   +0.815   -1.335   -1.121
    -0.134   +0.716   +0.131   -3.262   -0.523   -0.551   -0.112   -0.455
    -0.078   -3.064   +0.078   -0.354   -0.325   -0.387   +0.154   +1.428
    +0.118   -1.111   +0.755   +0.218   +0.256   -0.666   -1.732   -0.067
    +1.545   +1.122   +0.020   -0.881   -0.677   +0.190   -1.262   +1.237
    +0.491   +2.269   +0.314   -1.384   -1.201   +0.534   +0.234   -0.115
    -0.430   -1.149   +0.804   +0.784   -0.202   +0.330  +11.787   -0.030
token ' you' question (strength 16.4):
    -1.216   -1.758   +2.960   +1.223   -0.340   +0.405   -1.691   -1.593
    +1.806   +0.451   -2.052   -0.797   +0.167   +1.485   -1.988   -1.693
    -0.098   +0.418   +0.207   -3.966   -0.746   -0.628   -0.144   -0.561
    -0.885   -3.765   -0.681   -0.969   -0.212   -0.534   -0.256   +1.659
    +0.900   -0.020   -0.147   +1.088   +2.052   -0.479   -2.561   +1.189
    +2.514   +0.900   -0.244   -0.269   -0.751   -0.319   -0.772   +0.627
    +1.221   +2.447   +0.620   -2.003   -0.984   +0.689   +0.518   -0.875
    -0.336   -1.388   +1.129   +0.711   -0.226   +0.403  +12.382   -0.411

--- station 13 · head 13 ---
token 'how' question (strength 10.8):
    +0.005   +0.414   +1.002   +0.262   -0.255   +0.380   -0.449   -0.677
    +0.006   +0.135   -0.797   -0.848   +0.678   +0.711   +0.689   -0.855
    +0.397   -0.385   -0.597   -1.503   +0.418   +0.376   +0.064   -1.073
    +1.181   -0.656   -0.733   +0.222   +0.247   -0.290   -0.206   +0.375
    -0.407   +0.090   +0.233   +0.234   +0.777   -0.176   -1.056   +1.125
    +0.481   +1.710   +0.223   +1.258   +0.630   +0.084   -0.348   +0.393
    -0.181   +1.583   +1.191   -0.738   +0.479   -0.133   -0.243   +0.342
    -0.664   +0.405   +1.018   +0.115   +0.300   +0.591   +9.380   -0.502
token ' are' question (strength 12.2):
    -0.418   -0.173   +0.595   +0.197   +0.013   -0.009   -0.198   -0.226
    -0.074   -0.534   -0.626   -0.467   +0.670   +0.148   -0.391   -0.217
    -0.342   +0.010   -1.033   -1.101   +0.214   +0.051   -0.297   -0.247
    +1.012   -0.414   -0.202   +0.135   -1.146   -0.246   +0.075   +0.524
    -0.125   -0.426   +0.327   +0.084   +0.001   +0.044   -0.695   +0.249
    +0.351   +0.118   -0.040   -0.120   -0.249   -0.362   -0.757   +0.520
    +0.059   +1.053   +0.642   -0.103   +1.227   +0.432   -0.694   +0.127
    +0.151   +1.034   +0.528   +0.104   -0.363   +0.270  +11.562   -0.823
token ' you' question (strength 12.2):
    -0.557   -0.507   +1.144   +0.693   -0.124   -0.546   -0.395   -0.084
    +0.235   -0.754   -0.398   -1.319   +1.266   +0.378   +0.003   -0.938
    -0.784   +0.944   -0.461   -0.495   +0.182   +0.084   +0.775   -0.940
    +0.650   -1.300   -0.253   +0.302   -0.807   -0.663   -0.962   +0.916
    +0.435   +0.061   +0.222   +0.062   +0.346   -0.162   -0.722   +0.190
    +0.441   +0.605   +0.061   -0.170   +0.469   +0.151   -1.147   +0.434
    +0.695   +0.924   +0.893   +0.008   +0.732   +0.783   -0.644   -0.234
    +0.496   -0.074   +1.043   +1.527   -1.003   +1.649  +10.755   -1.176


############ STATION 14 ############

--- station 14 · head 0 ---
token 'how' question (strength 16.9):
    +0.620   +0.656   -0.038   -0.439   +0.904   +0.973   +0.416   +1.359
    -0.600   -1.194   -1.624   +1.005   -0.651   +1.116   +1.084   +0.243
    -1.216   -2.342   +0.244   +3.672   +0.571   -0.642   -1.409   -1.110
    +1.154   -0.153   -0.516   +0.062   -0.200   -0.234   +0.212   -0.107
    -0.164   +0.207   +0.384   -0.112   +0.031   +0.177   +1.147   +0.415
    +0.827   -0.436   -0.854   +1.249   +1.796   -0.912   +1.782   +0.030
    +2.133   -1.774   +1.818   -4.098   +3.260   +1.604   -0.408   +0.104
    +2.408   -0.252   +0.307   +0.424   +0.776   +0.926   -0.237  +13.608
token ' are' question (strength 14.5):
    +0.686   -0.362   -0.355   +0.347   -0.241   -0.041   -0.245   +0.446
    -0.042   +0.199   -0.442   +0.297   -0.454   +0.329   -0.393   +0.536
    +0.253   +0.443   +0.608   +2.092   +1.548   -0.356   +1.350   -1.347
    +1.317   +0.550   +0.413   +0.897   -1.099   -0.690   +1.859   -0.369
    +0.247   +0.594   +0.266   -0.176   +0.223   -0.004   +0.592   +0.443
    -0.035   +0.528   -0.539   +0.672   +0.865   -0.770   +0.311   -0.605
    +0.710   +0.090   -1.982   +0.059   +1.299   -3.590   +1.197   -2.041
    -0.354   +0.513   +0.070   -0.379   +0.691   +1.201   -0.394  +12.512
token ' you' question (strength 15.1):
    +0.308   +0.224   +0.254   -0.181   +0.576   +0.471   +0.286   +0.658
    -0.156   -0.160   -0.652   +0.470   -0.245   +0.987   +0.131   +0.168
    +0.460   +1.566   +1.662   +1.104   +0.053   -0.207   +0.071   -0.165
    +1.950   -0.671   +0.753   -0.910   -2.192   -1.337   -0.039   -1.042
    -0.082   +0.034   +0.777   +0.011   -0.090   +0.072   +0.986   +0.002
    +0.335   +0.868   -0.277   -0.050   +0.575   -0.682   -0.961   -0.743
    +0.239   +1.184   -2.195   +1.315   +1.616   -3.091   +2.162   +1.069
    +1.659   +0.264   +0.091   +0.472   +0.840   +0.740   +1.677  +12.901

--- station 14 · head 1 ---
token 'how' question (strength 16.9):
    +3.600   +1.311   -1.466   -3.732   +0.884   -0.307   -1.172   -0.629
    -1.298   +1.428   +1.351   -0.796   -2.648   -0.130   +0.406   -0.827
    -3.098   -0.839   +0.529   +1.026   -0.257   +1.811   -1.087   -0.269
    -0.184   -0.385   -0.159   +0.181   -0.047   -0.074   -0.218   -0.796
    -0.610   +0.802   +1.235   -2.968   -0.501   +1.885   +0.216   +4.186
    +0.629   -3.886   +0.503   +2.209   -1.840   +0.420   +1.519   -0.083
    +0.721   +1.051   +0.937   -1.174   +1.891   +1.175   +0.959   +0.292
    +0.160   -0.003   -0.106   +0.038   -0.279   -0.144   +0.051  +12.324
token ' are' question (strength 16.8):
    +3.919   +2.352   -2.210   -1.541   -0.988   +0.696   -1.363   +0.825
    -1.153   +0.434   +0.303   -0.977   -2.312   -1.115   -1.227   -0.612
    -2.590   -0.526   +0.426   +2.585   -0.527   +0.439   -1.760   -0.593
    -0.496   -1.217   -0.065   +0.158   -0.465   -0.409   +0.384   -1.306
    +0.570   +1.320   +1.820   -2.424   -0.195   +1.796   +0.599   +3.824
    -1.659   -3.161   -0.467   +1.257   -0.672   -1.232   +1.804   +0.726
    -0.723   +0.166   -0.029   -0.450   +1.053   -0.013   +1.095   -0.192
    +1.371   +0.021   +0.007   +0.016   -0.295   +0.076   +0.409  +12.754
token ' you' question (strength 18.5):
    +3.361   +2.894   -1.109   -2.918   +0.608   +2.178   -1.414   +1.755
    -2.556   -0.045   -0.417   +0.287   -3.207   +0.082   -1.175   +0.368
    -2.979   +0.599   +0.401   +2.292   -1.271   +0.301   -1.642   -0.363
    -0.603   -1.388   +0.122   +0.151   -0.742   -0.625   +0.606   -1.719
    -0.211   +0.902   +1.568   -3.325   -0.412   +1.962   +0.561   +5.715
    -2.539   -3.295   -0.203   +2.094   -0.538   -0.447   +1.122   +0.594
    -1.272   +0.078   +1.076   +0.920   +1.109   +0.203   +1.204   +0.070
    +1.182   +0.157   -0.093   +0.021   -0.323   +0.125   +0.747  +13.264

--- station 14 · head 2 ---
token 'how' question (strength 17.6):
    +0.016   -0.087   +0.190   -0.043   -0.122   +0.265   +0.737   +0.427
    +0.515   -0.765   -0.840   +1.099   +0.416   +1.234   +0.701   +0.253
    -0.849   -2.123   +2.009   +1.127   +0.301   -2.079   +1.442   -1.123
    +4.326   -1.223   +0.320   +0.396   +0.534   +1.000   +0.084   +0.061
    +0.041   -0.240   -0.154   +0.240   -0.413   -0.305   -0.335   -0.438
    +0.494   +0.310   +0.153   -0.355   +0.630   -1.017   -0.032   +1.035
    +1.877   -1.261   +0.111   -1.745   +0.682   +1.594   +0.638   +1.099
    +0.735   +1.090   +1.634   +0.350   +0.538   +0.198   -0.612  +15.548
token ' are' question (strength 16.2):
    -0.483   +0.349   +0.539   -0.345   +0.444   +0.478   +0.769   +0.669
    +0.706   -0.466   -0.615   +0.748   +0.650   +0.248   -0.030   +0.976
    +1.034   -0.345   +1.561   +0.170   +1.968   -1.106   +1.984   -0.942
    +1.511   +0.504   +2.901   +2.268   -3.737   +0.099   +2.697   -0.639
    -0.196   -0.443   +0.051   +0.377   -0.525   -0.456   -0.101   -0.512
    +0.520   +0.537   +0.777   -0.619   +0.518   -0.599   -1.088   -0.067
    +0.580   +0.528   -0.995   -0.139   -0.936   +1.742   -0.602   -0.701
    -0.859   -0.898   +2.491   -2.729   -1.246   -0.017   -3.119  +13.027
token ' you' question (strength 16.9):
    -0.647   +0.333   +0.705   -0.333   +0.277   +0.498   +0.877   +0.681
    +1.000   -0.397   -0.624   +0.659   +0.754   +0.141   -0.193   +1.263
    +1.152   +0.039   +1.171   +0.220   +0.423   -1.767   +2.569   -0.058
    +1.909   -0.236   +2.086   -5.007   -3.426   +1.647   -3.002   -1.883
    -0.310   -0.646   +0.104   +0.535   -0.774   -0.782   -0.338   -0.680
    +0.383   +0.750   +0.907   -0.773   +0.464   -0.466   -0.988   +0.206
    +0.638   +0.258   -1.076   +0.021   -0.098   +1.171   +0.386   +0.580
    -0.046   +0.427   +0.905   -0.731   +3.683   -0.102   +0.268  +13.464

--- station 14 · head 3 ---
token 'how' question (strength 20.4):
    +1.836   -3.322   -0.555   +2.732   -1.278   +0.019   -2.405   +1.352
    -1.313   +1.762   -0.052   +0.717   -3.504   +0.970   +0.137   -0.119
    -2.522   +0.518   +0.632   -0.218   -0.978   -0.763   -0.516   -0.091
    +0.323   -1.444   +0.180   +0.193   -0.080   +0.247   -0.140   -0.488
   +10.323   +4.085   -1.191   -4.286   +0.572   +3.471   -0.153   +1.460
    -2.031   -3.203   -1.335   +0.854   -0.988   -0.060   +2.809   -0.375
    -0.476   -1.461   +2.247   +0.172   +1.586   +0.929   +1.498   +0.239
    +1.168   +0.076   +0.249   -0.124   -0.059   -0.269   -0.052  +12.516
token ' are' question (strength 16.1):
    +1.152   -2.750   -1.967   -0.025   -0.013   -0.649   -1.086   +0.129
    -1.201   -0.128   -0.348   -0.348   -3.311   +0.856   +0.531   -0.157
    -0.789   -0.174   +0.055   +1.378   -0.313   +0.010   -1.159   -0.877
    +0.176   -0.957   +0.274   +0.568   -0.841   -0.574   +0.859   -0.436
    +6.281   +1.940   -1.025   -2.551   +0.430   +2.570   +1.224   +2.648
    +0.175   -2.751   -0.095   +0.488   -0.369   +1.303   +2.009   -0.982
    -0.136   -1.359   +0.705   +0.642   +1.016   +0.453   +1.240   +0.293
    +0.648   +0.483   +0.085   -0.311   -0.161   +0.295   -0.134  +11.631
token ' you' question (strength 16.7):
    +0.847   -1.729   -1.819   -1.542   +0.049   -0.805   -0.966   -0.044
    -2.283   -0.687   +0.131   -0.010   -3.365   +0.614   +0.418   -0.714
    -1.691   +0.567   -0.083   +1.894   -0.983   -0.008   -0.994   -0.487
    -0.565   -1.188   +0.445   -0.480   -1.019   -0.357   +0.223   -0.825
    +6.006   +2.843   -1.123   -2.560   +0.942   +2.673   +1.640   +2.916
    +0.920   -3.036   -0.026   +0.219   -0.763   +0.585   +2.154   -0.689
    -0.242   -0.768   +0.438   +0.554   +0.695   -0.106   +0.981   +0.551
    +1.074   -0.162   +0.030   -0.232   +0.414   +0.431   +0.443  +11.996

--- station 14 · head 4 ---
token 'how' question (strength 16.4):
    +0.373   +0.286   -0.319   -1.632   +0.522   +2.837   -1.260   +1.387
    -0.303   -1.267   +0.834   -1.413   -2.203   -0.144   +0.921   -1.235
    -2.882   +0.420   -0.203   +2.690   -0.236   +0.763   -1.725   -0.417
    +0.149   -0.942   +0.341   +0.168   -0.537   -0.348   +1.033   -0.053
    -0.493   +0.727   +2.003   -0.536   -0.073   +1.564   -0.675   +2.360
    -0.217   -3.181   +0.042   +0.912   +0.769   +0.982   +4.332   +0.104
    +0.082   -0.262   +2.527   -0.998   +2.519   +0.077   +1.687   +0.038
    +0.951   -0.344   +0.257   -0.206   +0.661   +0.883   +0.286  +12.498
token ' are' question (strength 16.5):
    +0.516   -0.042   -1.116   -0.823   -0.507   +0.608   -0.637   +0.441
    -1.219   -1.613   -1.032   -2.081   -2.687   -0.762   -1.221   -1.006
    -1.615   +0.421   -0.044   +5.063   -0.998   -0.161   -0.755   -0.831
    -1.411   -1.878   +0.122   -0.130   -0.890   -1.085   +0.486   -0.368
    -0.229   +0.442   +1.261   +0.103   -0.819   +1.284   +0.479   +2.085
    -1.131   -2.579   -0.518   -0.279   +0.333   -1.362   +3.376   +0.240
    -1.021   -0.318   -0.731   +0.498   +1.125   -1.562   +1.092   -0.351
    +1.433   +0.659   +0.019   +0.321   +0.007   +0.496   +1.032  +12.945
token ' you' question (strength 17.2):
    -0.130   +0.540   -0.127   -1.384   +0.610   +1.597   -0.560   +1.084
    -1.965   -2.492   -0.960   -1.469   -3.085   +0.811   -1.626   -0.578
    -2.049   +1.087   +0.528   +4.716   -0.862   +0.124   -1.083   -0.416
    -1.509   -2.359   +0.180   +0.089   -0.914   -1.194   +0.586   -1.061
    -0.499   -0.100   +1.370   +0.194   -0.911   +1.401   +0.399   +2.727
    -1.579   -2.736   -0.305   +0.741   +1.002   -0.494   +2.917   -0.199
    -1.159   -0.206   -0.155   +0.739   +0.974   -1.045   +1.139   -0.065
    +1.404   +0.425   -0.116   +0.274   -0.288   +0.495   +1.293  +13.314

--- station 14 · head 5 ---
token 'how' question (strength 16.5):
    -0.399   +0.215   +0.466   -0.020   +0.167   +0.518   +0.039   +0.174
    -0.560   -0.413   -0.973   +0.012   -1.367   -0.429   +1.962   -1.197
    -3.919   -0.597   -0.443   +5.483   -0.642   -0.103   -2.272   -0.531
    +0.175   -1.448   -0.313   +0.275   +0.206   -0.513   +0.154   -0.091
    -0.018   -0.286   +0.322   +0.144   +0.200   +0.157   +0.430   +0.102
    -0.657   -0.272   -0.874   +0.274   +1.638   +0.450   +2.488   -0.134
    +0.442   -0.553   +0.758   -1.229   +3.374   +0.569   +2.968   -0.219
    +0.553   -0.384   +0.197   -0.554   +0.378   +0.449   -0.210  +13.205
token ' are' question (strength 15.6):
    -0.031   -0.088   +0.232   -0.101   +0.205   +0.425   -0.199   +0.562
    -0.074   -0.668   -1.354   -0.302   -0.163   -0.809   +0.938   -1.206
    -1.016   -0.818   -0.270   +6.311   -0.119   +0.035   -0.610   -0.972
    -1.175   -1.873   +0.125   -0.053   -1.331   -1.657   +0.951   -0.990
    +0.086   -0.232   -0.134   +0.019   -0.477   -0.137   +0.078   -0.129
    -0.480   +0.261   +0.192   -0.538   +1.295   -0.386   -0.852   +0.271
    -0.856   +0.085   -1.575   -0.614   +0.920   -1.567   +2.255   +0.807
    +1.236   +1.381   +0.022   +0.690   -0.363   +0.885   +1.409  +12.649
token ' you' question (strength 15.7):
    +0.176   -0.211   +0.143   +0.000   +0.211   +0.378   -0.161   +0.677
    -0.371   -0.700   -1.069   -0.008   -0.795   +0.120   -0.293   -1.421
    -1.326   -0.384   -0.236   +5.895   +0.114   +0.260   -1.273   -1.047
    -1.394   -2.311   +0.509   +0.048   -1.513   -1.685   +0.751   -1.313
    -0.036   -0.154   -0.160   +0.116   -0.476   -0.162   +0.473   -0.132
    -0.392   +0.113   -0.496   +0.139   +1.374   -0.513   -1.389   +0.855
    -1.660   -0.205   -1.721   -0.666   +0.800   -0.945   +2.503   +0.676
    +1.742   +1.107   +0.098   +0.648   -0.471   +0.540   +1.843  +12.504

--- station 14 · head 6 ---
token 'how' question (strength 12.7):
    -0.162   +0.257   +0.126   -0.126   +0.161   +0.576   +0.626   +0.518
    -0.093   -0.623   -0.701   +0.802   -0.159   +1.294   +0.293   +0.172
    -0.736   -1.597   -0.431   +1.178   +0.223   +1.998   +0.360   -0.574
    +2.062   -0.897   +0.254   -0.089   -0.158   -0.650   -0.198   -0.437
    -0.343   -0.372   +0.321   +0.080   -0.327   -0.144   -0.067   -0.150
    +0.537   -0.164   -0.189   +0.507   +0.432   -0.699   +0.417   +0.626
    +1.119   -2.261   +0.245   -0.584   +2.373   -0.583   +1.173   +0.373
    +1.550   +0.969   -0.196   -0.051   +0.209   +0.229   +0.368  +11.064
token ' are' question (strength 11.8):
    +0.000   +0.091   +0.034   -0.176   +0.218   +0.311   +0.144   +0.322
    +0.074   -0.134   -0.397   +0.378   -0.145   +0.810   -0.019   +0.592
    +0.645   -0.383   +0.660   +0.611   +1.247   +1.907   +1.006   -0.871
    +1.071   -0.552   +0.265   +0.472   -0.614   -0.259   +0.942   +0.326
    -0.086   -0.127   +0.359   +0.130   -0.034   -0.107   +0.196   +0.007
    +0.180   +0.233   +0.149   -0.011   +0.467   -0.279   -0.198   +0.258
    +0.499   -0.539   -0.868   +0.560   -0.445   -1.485   +1.503   -1.010
    +0.084   +0.559   +0.017   +0.396   +0.985   +1.898   +0.136  +10.585
token ' you' question (strength 12.0):
    +0.021   +0.202   -0.082   -0.150   +0.184   +0.265   +0.207   +0.368
    +0.242   -0.136   -0.396   +0.435   -0.086   +0.651   -0.025   +0.979
    +0.748   -0.176   +0.679   -0.119   -0.289   +1.109   +0.629   +0.352
    +1.006   -0.319   +0.519   +0.018   -0.418   -0.902   -0.518   +0.098
    -0.114   -0.010   +0.445   -0.028   -0.050   -0.057   +0.152   -0.208
    +0.103   +0.390   +0.212   -0.160   +0.316   +0.091   -0.282   +0.526
    +0.268   -0.782   -1.575   +0.352   +0.061   -2.174   +2.026   +0.329
    +1.347   +0.743   -0.384   +0.159   -0.127   +0.322   +0.986  +10.979

--- station 14 · head 7 ---
token 'how' question (strength 11.2):
    -0.143   +0.005   +0.135   -0.136   -0.052   +0.787   +0.274   +0.058
    -0.401   -0.108   -0.416   +0.377   -0.638   +0.131   +1.399   -0.478
    +0.590   -0.010   -0.408   -0.689   -2.409   +0.044   +1.176   +0.672
    -0.155   +0.747   -1.118   +1.250   -0.906   -0.460   -1.329   -1.465
    -0.385   -0.152   -0.232   -0.366   -0.391   +0.118   -0.396   +0.900
    -0.037   +0.455   -0.357   -0.429   +0.807   -0.719   -0.672   +0.206
    +2.117   +1.164   -0.003   +0.484   -0.482   +1.787   +0.093   +0.100
    +0.158   +0.057   -0.562   -0.950   +0.038   -0.724   +0.431   +9.427
token ' are' question (strength 11.2):
    -0.090   -0.272   +0.305   +0.003   -0.204   +0.355   +0.009   -0.008
    +0.149   +0.088   -0.170   -0.178   -0.341   -0.471   -0.015   +0.443
    +0.655   +0.401   +0.608   -0.762   -0.163   -0.279   +0.425   +1.016
    +0.041   -0.619   -0.565   +1.090   -1.156   -0.885   -2.217   -1.908
    -0.272   +0.269   -0.083   -0.481   -0.235   +0.148   -0.141   +0.223
    +0.017   -0.092   +0.530   +0.293   -0.024   +0.025   -0.023   -0.012
    -0.341   -0.541   +0.436   +0.414   +1.175   +1.902   -0.711   +0.418
    -0.326   +0.310   -0.969   -0.871   +0.852   +0.429   +1.774   +9.787
token ' you' question (strength 11.9):
    -0.159   -0.646   +0.384   -0.605   -0.542   +0.879   -0.507   +0.570
    -0.167   +0.370   -0.182   -0.089   -0.386   -0.449   +0.171   +0.259
    +0.408   +0.503   +0.999   -0.522   -0.134   +0.725   +0.605   +0.756
    +0.012   -0.563   -0.825   +1.300   -1.386   -1.641   -2.075   -1.612
    -0.635   +0.574   -0.459   -0.485   -0.352   -0.121   -0.578   +0.466
    +0.229   +0.376   +0.508   -0.166   +0.215   +0.423   +0.315   +0.076
    -0.496   -0.263   +0.732   +0.864   -0.040   +1.644   +0.106   +0.302
    -0.775   -0.602   -0.871   -0.265   +0.725   -0.976   +1.028  +10.418

--- station 14 · head 8 ---
token 'how' question (strength 12.0):
    -0.064   +0.014   -0.184   -0.055   -0.208   -0.366   -0.447   +0.548
    -0.194   -0.181   -0.396   +0.207   -0.675   +0.008   +0.147   +0.660
    +0.479   -0.621   +2.287   +0.350   -0.452   -0.147   +0.563   -1.455
    -0.713   +3.064   -2.674   +1.604   -0.737   -0.481   -0.353   -0.887
    +0.012   +0.089   +0.018   +0.053   +0.338   +0.199   +0.412   -0.038
    +0.141   +0.563   -0.101   -0.488   -0.079   -0.358   +0.318   +0.191
    +0.541   +0.253   +0.412   +0.161   -1.647   +0.335   -1.654   +0.125
    -0.208   +0.352   +3.075   -0.272   -0.815   +1.126   -0.159   +9.665
token ' are' question (strength 14.7):
    -0.191   -0.055   -0.440   -0.219   -0.205   +0.100   -0.167   +0.428
    +0.237   +0.411   -0.091   -0.196   -0.171   -0.127   -0.446   +1.443
    +0.446   -0.592   +1.464   -0.083   +2.000   -1.523   -1.106   -0.436
    -0.038   -0.112   -1.466   -0.731   -1.525   -2.528   -0.979   -1.109
    -0.114   +0.193   -0.343   +0.006   +0.002   -0.226   +0.354   -0.113
    +0.534   +0.250   +0.591   -0.049   -0.097   +0.200   +0.775   -0.402
    -0.884   -0.633   +0.817   +0.109   +0.808   -0.668   +1.083   +1.255
    -0.421   +0.747   +0.063   -1.091   +1.333   +1.742   +1.805  +13.070
token ' you' question (strength 14.5):
    -0.161   +0.022   -0.201   -0.270   -0.282   +0.130   -0.357   +0.610
    +0.267   +0.649   -0.220   -0.361   -0.122   -0.359   -0.635   +1.452
    +0.479   -0.681   +1.739   +0.214   +0.877   +0.286   -0.589   -1.420
    -0.618   +0.420   -1.534   -0.267   -1.654   -1.812   -0.931   -0.775
    -0.008   +0.419   -0.232   +0.031   +0.049   -0.351   +0.311   -0.014
    +0.678   +0.411   +0.726   -0.145   +0.004   +0.440   +0.593   -0.201
    -1.003   -0.169   +0.962   -0.433   -0.127   -1.149   +0.973   -0.240
    -1.652   -0.557   +0.373   -0.792   +0.726   +1.011   +0.420  +13.268

--- station 14 · head 9 ---
token 'how' question (strength 15.0):
    +0.111   -0.859   +0.178   -0.287   -0.701   +0.905   -0.061   +0.382
    -1.067   +0.730   -1.561   +0.894   -1.190   +0.987   +1.681   -1.681
    +0.488   +0.685   -0.331   +0.385   -0.959   -0.198   +0.732   +0.069
    +1.764   +1.229   -2.473   +0.886   -0.454   -1.048   -0.364   -1.888
    -0.320   +0.532   -0.217   -0.706   -0.752   -1.102   -1.433   +1.119
    +0.408   +1.612   -0.125   -1.220   +1.852   -1.131   -1.599   -0.491
    +3.204   +1.902   +0.026   +1.864   -0.174   -1.059   -1.060   +0.829
    -0.561   +1.271   +0.313   +0.023   -0.920   +0.671   -0.603  +12.172
token ' are' question (strength 16.4):
    +0.303   -0.714   +0.620   +0.178   -0.125   +0.444   -0.188   +0.198
    +0.261   +0.280   -0.047   -0.762   -0.568   -1.198   -0.025   +0.334
    -0.245   +0.360   +0.542   +0.057   -0.839   -0.446   -0.537   +0.947
    +0.537   +0.155   -1.564   +0.899   -1.535   -2.779   -1.615   -1.909
    -0.234   +0.158   +0.021   -0.444   -0.371   -0.005   -0.403   -0.201
    +0.217   +0.370   +0.770   -0.243   +0.284   -0.014   -0.594   +0.026
    +0.156   +0.536   +0.684   +1.432   +1.808   -0.563   -1.021   +1.409
    -1.349   +0.410   -0.743   -1.667   -0.417   +0.592   +2.372  +14.794
token ' you' question (strength 17.3):
    +0.159   -1.434   +0.430   -0.457   -0.235   +0.606   -0.204   +0.615
    -0.122   +0.463   +0.090   -0.256   -0.857   -0.532   +0.113   -0.437
    +0.908   -0.006   +0.912   -0.482   -1.784   +2.632   -0.942   +0.276
    +1.044   +0.182   -1.676   +0.926   -1.343   -3.035   -2.029   -0.872
    -1.078   +0.318   -0.156   -0.467   -0.540   -0.073   -0.566   +0.066
    +0.376   +0.714   +0.295   -0.262   +1.217   -0.179   -0.097   -0.061
    -0.604   +0.809   +0.883   +1.901   +1.020   +0.254   -0.599   -0.224
    -0.985   -0.854   +0.179   -0.497   -1.209   +0.144   +2.164  +15.581

--- station 14 · head 10 ---
token 'how' question (strength 15.0):
    +2.784   -2.346   +1.395   -0.408   +1.790   -0.390   +1.406   +0.055
    +1.407   +0.244   +1.155   +2.803   -1.290   +0.868   +4.445   +0.161
    +0.629   +0.500   +0.080   -0.199   -2.743   +0.582   +1.884   -0.430
    +0.608   +1.013   -0.723   +0.720   -0.828   -0.361   -0.274   -1.192
    +1.260   -0.595   +1.399   -1.150   -1.115   +0.438   -0.587   +0.115
    -3.362   +0.083   -1.718   -0.662   +0.275   -1.241   -1.003   -0.209
    +2.738   +1.126   +0.086   +0.014   -1.722   +1.358   +0.628   -0.283
    +0.413   +0.498   +0.029   -0.246   -0.095   +0.073   +0.093  +10.650
token ' are' question (strength 13.3):
    +1.860   -0.421   +0.237   +0.380   +0.990   +0.081   +0.196   -0.179
    +0.996   -0.362   -0.333   +0.959   -0.894   +0.371   +3.522   +0.590
    +0.821   +0.308   -0.274   -0.669   -2.095   +0.255   +1.562   +1.408
    +0.100   +0.035   -0.453   +0.757   -0.511   -0.525   -1.932   -1.532
    +0.793   -0.821   +0.848   +0.249   -0.354   +0.670   -0.960   +1.261
    -0.544   -0.062   -0.368   -0.075   -0.748   -0.720   -0.052   +0.599
    +1.697   +1.825   -0.614   +1.198   +0.286   +2.028   +0.968   +0.169
    +0.417   +0.130   -0.727   -0.643   +0.246   -0.179   +0.887  +10.735
token ' you' question (strength 14.8):
    +1.849   -1.525   +1.372   -0.270   +1.726   -1.139   +1.257   -0.324
    +0.116   -0.566   -0.056   +1.706   -0.977   +1.113   +3.809   -0.721
    -0.573   -0.177   +0.464   -0.920   -2.032   +0.995   +1.646   +1.294
    +0.320   +0.044   -0.863   +1.359   -0.811   -0.851   -1.792   -1.732
    +0.078   -1.440   +0.867   +0.003   -0.710   +1.023   -1.547   +2.118
    -2.047   +0.403   -0.515   +0.405   -0.580   -0.529   -0.247   +0.376
    +2.361   +1.964   +0.338   +1.225   -0.350   +2.041   +1.612   +0.524
    +0.404   -0.196   -0.816   -0.600   +0.092   -0.955   +1.011  +11.251

--- station 14 · head 11 ---
token 'how' question (strength 13.3):
    +0.854   -0.150   +0.694   -0.141   +1.123   +1.317   +1.592   -0.836
    -0.946   +0.836   -0.434   +1.098   -1.824   -0.286   +1.877   -1.196
    +0.698   -0.527   +0.300   -1.146   -2.671   -0.178   +1.521   -0.078
    +1.058   +1.418   -2.748   +0.212   -0.983   -0.394   -0.447   -1.986
    +0.535   -0.257   +0.413   -0.248   -0.829   -0.969   -0.612   +0.327
    +0.445   -0.013   -1.679   -1.170   +1.669   -1.559   -1.243   -0.729
    +2.405   +2.015   -1.282   +1.240   -0.992   -0.550   +1.031   -1.225
    +0.315   +0.784   -0.204   +0.057   -0.389   -0.538   -0.803   +9.827
token ' are' question (strength 12.2):
    +1.012   -0.450   +0.203   +0.511   +0.105   -0.134   +0.271   -0.906
    +0.125   -0.523   +0.167   -0.227   -0.757   -1.988   +0.492   +1.291
    +0.363   +0.933   +0.379   -1.038   -1.970   -0.008   +0.757   +1.053
    +0.299   -0.026   -1.046   +1.458   -0.281   -0.997   -1.821   -1.757
    +0.018   -0.657   +0.528   -0.138   -0.118   +0.617   -0.148   -0.429
    -0.599   -0.271   -0.110   +0.339   +0.272   -1.273   -0.785   +0.133
    -0.069   +1.872   -0.818   +1.465   +1.041   +0.261   -0.160   -0.455
    -1.154   +0.032   -0.540   -0.471   +0.871   +0.256   +0.483  +10.331
token ' you' question (strength 12.8):
    +1.057   -0.958   +0.519   +0.342   +0.346   +0.036   +0.482   -0.056
    -0.250   -0.003   +0.945   +0.301   -0.871   -1.024   +1.192   +0.104
    -0.181   -0.135   +1.156   +0.159   -2.098   +1.111   +0.856   -0.015
    +0.130   +0.410   -1.256   +1.455   -0.130   -1.185   -2.246   -1.767
    -0.231   -0.686   +0.465   -0.462   -0.055   +1.119   -0.903   -0.012
    -0.430   +0.602   -0.167   -0.396   +0.056   -0.077   -0.717   +0.462
    +0.212   +1.710   -0.334   +2.503   -0.320   -0.178   +0.732   -0.979
    -0.513   -0.639   -0.544   +0.346   -0.017   -0.437   +0.931  +10.806

--- station 14 · head 12 ---
token 'how' question (strength 12.4):
    +0.271   -1.157   +0.458   -0.436   -0.672   +1.182   -0.848   +0.612
    -1.217   +0.063   -1.514   +0.554   -0.964   +0.714   +1.228   -0.887
    -0.061   -0.184   +1.398   -1.393   +0.361   +0.730   +1.168   -0.787
    +0.743   +2.097   -2.616   +1.611   -2.782   +1.848   -0.796   -1.302
    -0.975   -0.134   -0.195   -0.583   -0.728   -0.775   -1.009   +1.169
    +0.495   +1.210   -0.388   -1.310   +1.033   -0.398   +0.094   -0.936
    +1.902   +2.737   -0.790   +1.043   -1.598   -0.759   +0.455   -0.605
    -1.625   +1.933   +1.082   +0.217   -0.557   -0.058   +1.692   +8.320
token ' are' question (strength 15.5):
    +0.306   -0.227   +0.082   +0.231   -0.278   +0.210   -0.101   +0.506
    +0.356   +0.855   -0.240   -0.863   +0.057   -1.593   -0.662   +0.862
    -0.299   +0.407   +0.656   -0.387   +0.189   +0.217   -0.742   +1.177
    -0.847   +1.203   -1.963   +3.472   -3.014   -0.271   -3.219   -3.440
    -0.466   +0.136   +0.255   +0.245   +0.534   +0.090   +0.623   -0.144
    +0.770   -0.050   +0.857   -0.034   +0.314   -0.177   -0.109   +0.174
    -0.994   -0.590   +0.249   +1.623   +1.940   +0.235   -0.306   +0.335
    -1.657   -0.458   -2.001   -1.733   -0.449   -0.604   +3.761  +12.111
token ' you' question (strength 15.6):
    +0.253   -0.796   -0.031   -0.005   -0.495   +0.505   -0.461   +1.178
    -0.126   +1.024   -0.505   -0.932   -0.068   -1.387   -0.526   +0.883
    -0.691   +0.755   +1.023   -0.242   +0.122   +1.683   -0.425   +0.046
    +0.067   +0.760   -2.243   +2.073   -2.791   -1.475   -2.848   -2.197
    -0.752   +0.538   -0.126   +0.179   +0.221   -0.410   +0.476   +0.025
    +0.956   +0.435   +0.913   -0.657   +0.513   +0.200   -0.057   +0.237
    -1.084   -0.425   +0.354   +1.689   +0.808   +0.115   +0.051   -0.424
    -2.396   -0.798   -0.640   -1.019   -2.068   -0.696   +3.391  +12.802

--- station 14 · head 13 ---
token 'how' question (strength 13.3):
    +0.375   -0.068   +0.319   +0.407   +0.328   +0.193   -0.137   -0.162
    -0.602   -0.251   -0.749   +0.671   -1.072   +0.448   +0.476   +0.014
    +2.138   -0.186   -0.545   -0.580   -2.208   +1.628   +2.386   -0.555
    -1.342   +2.368   -1.893   +1.183   -0.603   -0.950   -1.851   -1.879
    -0.035   -0.396   +0.314   +0.071   +0.072   -0.294   -0.225   +0.556
    -0.181   +0.907   -0.446   -0.829   +0.517   -0.783   -0.315   +0.770
    +1.382   +1.484   +1.790   +1.154   -2.132   +1.945   -0.546   +0.588
    +1.132   -2.080   -0.509   -1.329   -0.286   +1.270   -1.000  +10.100
token ' are' question (strength 13.7):
    -0.166   +0.001   -0.006   -0.134   -0.017   +0.715   -0.172   +0.040
    +0.015   +0.153   -0.481   -0.632   +0.132   -0.123   -0.235   +1.264
    +1.039   -0.243   +0.615   -0.695   +0.209   -0.839   -0.448   +0.839
    +0.515   -0.071   -0.419   +0.151   -0.649   -0.446   -1.082   -0.858
    +0.141   +0.003   -0.070   -0.300   -0.180   +0.092   -0.472   +0.476
    +0.088   +0.502   +0.559   -0.137   +0.475   -0.235   +0.199   -0.604
    -0.841   +0.010   +0.566   +0.296   +2.121   +0.100   -1.650   -0.188
    +1.250   +1.440   -0.080   -0.065   +2.121   +0.543   +2.254  +12.407
token ' you' question (strength 14.3):
    +0.094   -0.058   +0.040   -0.047   -0.129   +0.874   -0.496   +0.393
    +0.056   +0.251   -0.720   -0.899   -0.153   -0.162   -0.508   +1.283
    +0.560   -1.048   +1.735   +0.902   -1.256   +1.023   +0.680   +0.362
    -0.953   -1.110   -0.755   +0.600   -1.199   -0.561   -1.138   -1.195
    +0.039   +0.026   +0.119   -0.235   -0.234   -0.079   -0.507   +0.530
    +0.325   +0.830   +0.935   -0.335   +0.270   -0.130   -0.099   +0.039
    -1.191   -0.048   +0.647   -0.181   +0.789   -0.156   -0.638   -0.144
    -0.169   -0.647   +0.345   +0.015   +2.100   -0.283   +0.622  +13.109


############ STATION 15 ############

--- station 15 · head 0 ---
token 'how' question (strength 14.5):
    -0.873   +0.364   -1.354   +0.258   +0.679   +1.973   +0.758   +0.835
    +1.607   +1.188   -0.272   -0.149   -0.336   -1.718   -0.435   +2.513
    +0.702   +0.913   +0.437   +1.904   -0.408   -1.302   -0.063   +0.097
    -0.955   -1.206   +1.421  +12.287   +0.567   +0.261   -0.196   +0.232
    -0.156   +0.853   -0.174   -0.334   -1.107   -0.570   +0.974   -1.011
    +0.465   -0.324   -0.055   -1.506   -1.387   +1.768   +0.129   +0.822
    -0.340   -0.963   -0.033   +2.718   +0.304   -0.393   +0.872   -0.174
    -0.638   +0.231   +0.998   -0.367   +0.430   +0.288   +1.241   -0.508
token ' are' question (strength 12.4):
    -0.072   +0.087   -0.740   +0.688   +0.343   +0.959   +0.420   +1.520
    +0.816   +1.230   -0.064   +0.292   +0.521   -1.078   +0.070   +1.625
    -0.855   +0.078   +0.305   +0.481   -0.016   -0.189   +0.148   -0.580
    -0.536   -0.359   +1.645  +10.391   -0.160   +0.665   -0.051   +0.897
    -0.396   +0.240   -0.369   +1.018   -0.346   +0.522   +1.248   -0.516
    -0.522   +0.210   +0.996   -0.946   -1.723   +2.042   -1.405   +0.527
    +0.448   -0.721   +0.950   +0.463   -0.119   -1.162   -0.432   +0.386
    +0.056   -0.376   -0.023   +0.322   -0.541   +1.916   +1.327   -1.908
token ' you' question (strength 14.1):
    -0.261   +0.572   -1.253   +2.289   +0.536   +1.607   +0.872   +2.467
    +1.362   +1.676   +0.108   -0.876   +0.708   -0.910   +0.382   +2.437
    -0.056   +0.332   +0.909   +0.739   +0.076   -1.056   +1.294   -0.110
    +0.055   -0.471   +1.212  +10.904   -0.778   -0.487   -0.396   +0.409
    -0.226   +0.283   +0.127   +0.306   -1.367   -0.062   +1.827   -0.827
    -0.022   +0.501   +1.698   -0.610   -2.733   +2.080   -1.292   +0.449
    +1.217   +0.112   +0.543   +1.171   -0.464   -0.126   -0.462   +0.824
    +0.654   -0.812   +0.002   +0.687   -0.611   +2.307   +0.914   -2.947

--- station 15 · head 1 ---
token 'how' question (strength 34.1):
    -2.688   +3.184   -4.895   -1.032   -0.821   +7.774   +0.617   -1.199
    +5.570   +1.841   -0.839   +0.974   -0.938   -2.547   -0.150   +3.164
    +0.806   -0.839   +0.406   +2.024   +1.099   -1.763   -1.036   -1.399
    -1.323   -1.420   +0.939  +18.132   -0.330   -2.445   -0.248   -1.561
   -19.841   +5.016   -9.277   -0.736   -3.757   +5.305   +1.831   -0.028
    +3.882   +0.587   +4.939   +1.198   -5.437   +0.600   +1.274   +1.987
    -0.596   +1.516   +1.987   +2.096   +0.779   -2.060   +0.308   -0.558
    +0.014   -0.402   +0.729   -1.438   -0.553   -0.766   +0.680   +0.002
token ' are' question (strength 25.9):
    -2.321   -1.696   -3.689   -0.908   -1.388   +4.797   -0.322   +0.902
    +3.778   +2.088   +0.036   +0.875   -0.519   -1.281   +0.537   +2.207
    +0.789   -0.407   +0.167   +1.604   +0.535   -0.852   -1.009   +0.028
    -0.407   -0.995   +0.752  +15.916   +0.416   -2.510   -0.218   -0.463
   -15.835   +2.957   -3.403   +1.721   -2.624   +2.506   +1.535   -0.539
    +1.272   -0.264   +3.585   +1.819   -4.006   +0.891   -0.112   +1.172
    +0.203   +0.167   +0.637   +1.759   +0.150   -0.249   -0.499   +0.308
    +0.504   +0.148   -0.129   -0.299   -0.601   +0.139   +0.282   -0.593
token ' you' question (strength 24.0):
    -2.973   -1.664   -3.863   -0.961   -0.760   +4.217   +0.881   +0.497
    +3.616   +1.491   +0.743   +0.431   -0.002   -1.884   +0.847   +2.845
    +0.859   -0.393   +1.011   +1.180   +0.511   -1.124   -0.884   +0.486
    -0.144   -0.763   +0.310  +15.394   +0.456   -2.914   -0.673   -0.791
   -12.589   +3.094   -3.535   +0.445   -2.274   +1.114   +2.612   -0.472
    +0.736   +0.552   +4.445   +0.186   -4.295   +1.230   +0.234   +1.257
    +1.379   +0.110   +0.875   +1.656   -0.214   +0.002   +0.238   +0.248
    +0.995   -0.077   -0.511   +0.161   -1.087   +0.112   +0.492   -1.096

--- station 15 · head 2 ---
token 'how' question (strength 16.4):
    -1.458   +0.033   -0.917   +0.172   -0.296   +2.366   +0.064   +0.536
    +4.789   -0.090   -0.632   -0.247   -0.956   -0.189   -0.759   +2.486
    -0.694   +1.034   +0.457   +3.018   +0.414   -0.223   -0.851   -0.405
    -0.594   +0.695   +0.024  +12.378   +0.174   -1.358   -0.342   -0.196
    -0.074   -0.743   +0.883   +0.208   -0.971   -1.786   +4.114   -1.083
    +1.045   +1.643   +2.136   +0.153   -4.004   -1.079   -0.463   +1.859
    -1.344   -0.048   -0.886   +1.803   +0.895   -0.279   +0.481   -0.786
    +0.335   -0.209   +0.157   +0.733   -0.138   +0.334   -0.085   +0.335
token ' are' question (strength 14.1):
    -1.218   +0.642   -2.229   +1.086   +0.512   +2.696   +1.411   -1.434
    +2.876   +0.259   +1.109   +1.125   -0.458   -1.091   +1.058   +1.335
    +0.200   +0.415   -0.068   +1.684   -0.802   -0.285   -0.624   +0.058
    -0.307   -0.291   +0.812  +10.882   -0.258   -1.500   +0.046   -0.586
    -1.134   +1.860   +0.394   +2.400   -0.384   +0.329   +0.276   +0.986
    -0.802   +0.805   +1.536   +1.119   -3.017   +0.003   -0.814   +0.911
    +0.685   +0.626   +0.634   +2.015   +0.309   +0.110   -0.102   +0.374
    +0.589   +0.239   -0.269   +0.913   -0.455   +1.298   +0.322   -0.718
token ' you' question (strength 16.4):
    -1.173   +1.480   -3.026   +2.748   -0.337   +3.618   +0.106   +1.360
    +3.706   +0.039   +1.365   +0.059   -0.790   -0.618   +1.088   +1.408
    -0.058   -0.871   -0.076   +1.559   -0.580   -0.554   -0.080   +0.219
    +0.019   -0.196   +0.580  +12.013   -0.310   -1.733   -0.034   -0.848
    -0.825   +1.463   +1.782   +1.146   +0.796   -0.616   +1.875   +0.800
    -1.114   +1.990   +2.998   +0.584   -3.825   -0.858   -0.562   +0.830
    +1.665   +0.842   +1.261   +2.409   +0.815   -0.534   -0.517   +0.760
    +1.052   -0.134   -0.061   +1.137   -0.827   +0.861   +0.440   -1.505

--- station 15 · head 3 ---
token 'how' question (strength 13.8):
    +0.031   +0.066   -0.085   +0.726   -0.364   +0.486   +0.858   +0.703
    +0.031   +1.257   +0.816   +1.539   -0.565   -0.670   -0.102   +1.454
    +1.536   -0.336   -2.304   +1.799   +0.597   -0.361   -1.107   +0.196
    -1.952   +2.469   +1.647  +11.372   -1.274   +0.481   -0.823   +0.801
    +0.219   -0.455   +0.326   -0.237   -0.242   -0.734   +0.327   -0.661
    -0.218   +0.143   +0.502   -1.752   -0.626   +0.899   -0.689   +0.133
    +1.364   -1.156   +0.441   +1.935   +0.254   -0.929   +0.772   +0.973
    +0.740   +0.663   +0.160   -0.329   -1.656   +0.870   +0.315   -1.046
token ' are' question (strength 11.6):
    -0.253   +0.393   -0.341   +0.348   -0.069   +0.315   +0.546   +0.176
    +0.099   +0.344   +0.433   +1.005   -0.540   +0.455   +1.635   +0.234
    +0.695   -0.181   +0.077   -0.243   -0.018   -0.340   +0.370   -1.979
    -2.175   -0.281   +1.617   +9.468   +0.518   +1.482   -0.808   +0.709
    +0.095   +0.162   -0.081   +0.275   -0.036   +0.083   +0.208   -0.198
    +0.029   +0.585   +0.168   -0.506   -0.374   +0.761   -0.297   +0.435
    -0.295   +0.333   -1.060   -0.336   -0.925   -0.306   +1.484   +0.037
    -1.328   +0.604   -0.960   +0.150   +0.295   +2.737   +0.069   -2.437
token ' you' question (strength 11.7):
    +0.021   +0.028   +0.039   +0.654   -0.296   +0.198   +0.849   +0.274
    -0.273   +0.404   +0.914   +0.819   -0.329   -0.578   +1.507   +0.586
    +1.250   -0.640   +0.295   +0.390   +0.121   -1.334   +0.619   -2.658
    -1.459   +0.336   +0.621   +9.037   -1.310   -0.414   -1.404   +0.159
    -0.010   -0.162   +0.110   -0.339   +0.494   -0.393   -0.235   -0.238
    -0.182   +0.197   -0.057   -0.834   -0.531   +0.748   -1.112   +0.203
    -0.174   +1.029   -0.282   -0.650   -0.265   +0.064   -0.504   +1.307
    +0.947   -0.164   -1.058   +1.157   -1.391   +2.746   -0.301   -3.203

--- station 15 · head 4 ---
token 'how' question (strength 14.7):
    -0.079   +0.105   +0.067   +0.330   -1.066   +1.442   -0.211   -1.330
    +1.196   +1.206   +0.239   -1.127   -0.000   +0.009   -0.357   +2.362
    +0.753   +2.149   -1.046   +1.660   -0.976   -0.402   -0.586   -2.220
    +0.162   +0.616   +0.072  +11.976   -0.592   -2.998   +0.600   +0.063
    +0.070   +0.176   +0.459   -0.264   +0.552   -0.528   +1.277   +1.967
    +0.540   -0.218   +2.793   +0.470   -1.853   -0.724   +0.314   +0.113
    +0.367   -0.667   -1.617   +1.864   +0.212   +1.442   -0.136   -0.046
    +0.777   -0.145   +0.435   -0.454   -1.070   +0.123   +0.417   -1.306
token ' are' question (strength 13.3):
    -0.617   +0.266   -0.786   +0.021   -1.172   +0.993   +0.373   -0.504
    +0.989   +1.590   +0.757   -0.610   +0.390   -1.725   -0.475   +1.270
    +0.605   +1.888   +0.078   +0.355   -1.713   +0.206   -0.365   -0.785
    -0.681   +0.075   -0.205  +11.007   -0.885   -2.107   +0.316   -0.942
    -0.267   +0.807   +0.317   +0.595   +0.022   -0.318   -0.213   +1.734
    -0.201   -0.201   +1.135   +0.314   -1.205   -0.003   -1.411   -0.151
    +0.732   +0.684   -0.278   +0.427   -0.644   +0.696   +0.027   +0.840
    -0.542   +0.813   -0.718   -0.029   -0.580   +2.014   +1.109   -2.798
token ' you' question (strength 14.8):
    -0.246   +0.445   -0.544   +0.477   -1.389   +1.389   +0.463   -0.429
    +1.470   +1.846   +1.356   -1.227   +0.203   -1.628   +0.542   +1.471
    +0.315   +2.606   +0.386   +0.495   -1.493   -0.701   -0.152   -1.584
    -0.691   -0.119   -0.902  +11.368   -1.165   -2.760   +0.120   -1.335
    -0.041   +0.082   +0.386   +0.257   +0.259   -0.574   +0.738   +1.821
    -0.761   -0.069   +2.407   -0.277   -1.652   -0.228   -1.929   -0.296
    +0.795   +0.799   +0.579   +0.778   -0.188   +0.644   +0.125   +0.726
    +0.048   +0.859   -0.606   +1.082   -0.786   +1.923   +1.186   -4.175

--- station 15 · head 5 ---
token 'how' question (strength 12.3):
    +0.038   +0.511   -0.238   +0.675   -0.174   +0.803   +0.859   +0.975
    +0.488   +0.862   +0.261   +1.491   -0.697   -1.383   +0.476   +0.561
    +1.262   +0.420   -0.422   +1.750   -1.122   -0.361   -0.702   -0.161
    -0.772   +0.736   -0.028   +9.655   -1.368   +0.046   -0.283   -0.686
    +0.384   -0.250   +0.092   +0.276   -0.526   -0.686   +0.596   +0.046
    -0.146   +0.394   +0.738   +1.010   -1.481   -0.060   -1.606   +0.327
    +1.073   -1.752   +1.928   +1.275   +0.921   -1.107   +1.533   -0.090
    +0.045   -0.933   -0.573   -0.016   -1.498   +3.597   +0.738   +0.010
token ' are' question (strength 10.1):
    -0.154   +0.082   -0.172   +0.426   -0.319   +0.192   +0.624   +0.876
    +0.359   -0.061   +0.099   +1.480   +0.002   -0.610   +1.746   -0.068
    -0.646   -0.151   +0.977   -0.646   -1.754   -0.211   -0.178   -0.013
    -1.146   -1.692   +0.024   +8.218   +0.701   +1.007   -0.554   +0.851
    -0.097   +0.024   -0.072   +0.179   +0.077   -0.255   +0.499   -0.732
    -0.273   +0.032   +0.266   +0.539   -0.535   +0.138   -1.240   +0.663
    -0.212   -0.695   +0.371   +0.572   -0.791   +0.081   +0.479   +0.362
    +0.936   -0.256   -0.642   +0.572   +0.533   +2.705   +0.782   -0.801
token ' you' question (strength 9.9):
    +0.044   -0.184   +0.261   +0.939   -0.350   +0.017   +0.907   +0.791
    -0.024   -0.046   +0.367   +1.421   -0.072   -1.245   +1.959   +0.492
    +0.382   -0.289   +0.376   -0.141   -1.151   -0.837   -0.278   -0.211
    -0.319   -1.286   +0.423   +7.268   -0.060   +0.005   -1.262   +0.151
    +0.161   -0.492   +0.187   -0.462   +0.376   -0.426   +0.212   -0.469
    -0.348   +0.656   +0.165   +0.035   -0.835   +0.613   -1.073   +0.726
    +0.208   +1.145   +0.364   -0.225   -0.786   +0.828   +0.058   +1.117
    +2.119   -0.086   -0.580   +1.096   -1.348   +2.968   -0.808   -1.882

--- station 15 · head 6 ---
token 'how' question (strength 15.5):
    +0.287   +0.511   +0.133   +0.662   -0.946   +1.331   -0.175   +0.577
    +1.724   +1.860   +0.393   +0.019   -1.229   -1.410   -2.056   +2.189
    -0.207   +2.289   +0.888   +3.050   +0.033   +0.289   -0.473   -1.016
    +0.275   +0.102   +0.782  +12.216   +0.267   -3.731   -0.227   +0.218
    +0.416   -0.146   +0.663   +0.063   +0.244   -0.995   +3.068   +0.538
    -0.759   +0.940   +1.830   -0.613   -0.969   -2.070   +0.089   +0.160
    -1.146   -0.534   -1.572   +1.631   +1.211   +1.426   +0.126   +0.231
    +0.525   -0.119   +0.762   +0.506   -0.419   +0.361   +1.008   +0.679
token ' are' question (strength 13.1):
    -0.252   +0.426   -0.324   +0.594   -0.282   +0.456   +0.345   -0.161
    +1.010   +0.769   +0.157   -0.512   -0.460   -1.130   -0.666   +1.003
    +0.216   +0.532   +1.095   +0.851   +0.039   -0.191   +0.013   -0.806
    +0.900   +0.332   +0.815  +11.609   -0.457   -3.121   -0.362   +0.045
    +0.012   +0.094   +0.215   +0.378   -0.817   -0.423   +0.697   +0.435
    -1.066   -0.981   +0.733   +0.491   -1.575   +0.961   -1.262   +0.179
    +0.012   +0.236   -0.585   -0.116   +0.845   -0.017   -0.350   +0.087
    -0.224   +0.347   +0.037   +1.132   -0.240   +1.555   +0.894   -0.832
token ' you' question (strength 15.6):
    -0.038   +0.416   -0.244   +0.656   -0.800   +1.825   +0.027   +0.813
    +2.664   +1.427   +0.825   -0.592   -0.644   -1.766   -0.611   +1.754
    -0.020   +0.762   +1.214   +0.630   -0.431   -0.358   +0.611   -1.318
    +1.017   -0.545   +0.359  +12.751   -0.878   -3.447   -0.142   -1.425
    -0.022   -0.098   +0.254   +0.754   -1.281   -0.859   +2.163   +0.655
    -1.710   -0.370   +1.351   -0.988   -2.540   -0.648   -1.340   +0.495
    +0.707   -0.035   -0.214   +0.089   +0.664   -0.332   -0.276   -0.079
    +0.636   +0.562   -0.534   +1.721   -1.188   +0.695   +1.008   -2.537

--- station 15 · head 7 ---
token 'how' question (strength 15.5):
    +0.725   +1.282   +0.399   -1.473   -2.318   +0.132   -0.539   -0.070
    -2.044   +0.733   +0.704   -2.877   -0.810   +2.583   +3.428   -0.134
    +1.097   -0.880   +0.334   +2.924   -0.102   -0.364   +2.120   +2.628
    -0.087   -0.699   -0.306   +0.236   -0.322   -1.109   -1.474   -0.964
    +0.052   +0.075   -1.543   -0.033   +1.085   -0.292   -0.623   +3.245
    -0.692   +0.647   -2.145   -0.618   -0.780   +0.948   -0.568   -0.262
    -0.007   +4.259   +1.306   +1.014   +0.216   +1.235   +0.440   -0.611
    -0.979   +0.616   +0.071   +0.345   +0.389   +0.456  -10.982   +0.953
token ' are' question (strength 12.9):
    +0.573   +1.235   +0.102   -0.229   -1.338   -0.215   -0.549   +0.714
    +1.144   -0.361   +0.600   -1.707   -2.589   -0.833   +1.635   -0.467
    -0.426   -0.275   +0.033   +1.605   -0.442   -0.616   +1.644   +1.226
    -0.015   -0.346   -0.745   -0.338   -0.126   -0.434   -0.303   -1.125
    +0.432   -0.592   -1.168   -0.652   -0.125   -0.260   +0.007   +1.699
    -0.614   +0.558   -0.658   +0.078   +0.221   +0.325   +0.158   -0.978
    +0.438   +3.695   +0.702   +0.150   +0.267   +1.316   -0.468   -0.055
    -0.181   -0.867   +0.746   +1.563   -0.578   +0.186  -10.448   -0.776
token ' you' question (strength 15.2):
    +0.546   +0.690   -0.999   +0.503   -1.769   +0.011   -0.682   +1.472
    +1.050   -0.879   +0.043   -2.329   -1.971   -0.458   +2.847   -0.608
    -0.355   -0.669   +0.269   +1.044   +0.850   -0.975   +1.462   +2.214
    +0.367   -0.560   -1.686   -0.105   -0.063   -0.633   +0.478   -2.231
    -0.059   -1.305   -1.658   -0.327   +1.128   -0.902   +1.376   +2.060
    -1.114   +1.440   -0.848   +1.064   +0.450   -0.297   +0.819   -1.346
    +0.718   +5.215   -0.132   +0.516   +0.190   +1.000   -0.424   +0.284
    -0.367   -0.640   +1.283   +1.087   -1.314   +0.066  -11.292   +0.101

--- station 15 · head 8 ---
token 'how' question (strength 12.6):
    +0.162   -0.214   -0.699   -0.217   -0.391   -0.236   -0.858   +0.094
    -0.120   +0.449   +0.233   -0.057   -1.569   +0.417   +0.693   -1.100
    +0.800   -0.177   +0.691   +1.086   +0.146   +0.251   -2.050   +2.279
    +0.219   -0.102   -0.379   -0.533   +0.026   -0.765   -0.025   -0.274
    -0.556   -0.083   -0.505   +0.474   +1.059   -0.161   +0.501   +0.204
    +0.502   +0.381   +0.569   +0.571   +0.132   +0.455   -0.280   +0.411
    -0.270   +1.492   -0.467   -0.115   -0.219   +0.364   -0.601   -0.643
    +0.450   +0.884   -0.088   -0.065   -1.047   +0.024  -11.250   +1.882
token ' are' question (strength 11.2):
    +0.155   +0.147   -0.464   -0.389   -0.481   -0.240   -0.495   +0.095
    +0.329   -0.013   +0.337   +0.030   -0.799   +0.030   -0.123   -0.322
    -0.308   -0.052   -0.347   +0.971   +0.645   +0.377   -2.693   +3.194
    +0.061   -0.374   -1.659   -0.574   +0.170   -0.214   +0.213   -1.564
    -0.451   -0.362   -0.287   +0.316   +0.349   -0.383   -0.379   +0.170
    +0.923   +0.638   -0.200   +0.266   +0.062   -0.055   +0.355   -0.315
    -0.646   -0.206   +0.167   -0.890   +0.911   -0.375   -1.921   -0.742
    -1.078   +0.055   -0.112   +0.104   -0.640   +0.411   -9.405   +0.240
token ' you' question (strength 12.0):
    +0.144   -0.102   -0.517   -0.596   -0.452   -0.185   -1.207   +0.112
    +0.229   -0.004   -0.186   -0.409   -1.317   +0.370   +0.515   -0.338
    +0.008   +0.142   -0.379   +1.105   +0.525   -0.611   -1.801   +3.176
    -0.039   -0.438   -1.102   +0.243   +0.421   -0.160   +0.035   -2.501
    -0.465   -0.135   -0.396   +0.386   +0.728   +0.180   +0.260   -0.071
    +0.862   +0.734   -0.160   +0.085   +0.512   -0.612   +0.505   -0.465
    +0.014   -0.100   -0.395   -0.138   +0.079   -0.482   -1.834   -0.119
    -0.703   +0.474   +0.097   -0.030   -1.538   +0.255  -10.196   +1.005

--- station 15 · head 9 ---
token 'how' question (strength 14.8):
    -0.439   -0.763   -0.673   +0.805   +0.825   -0.963   +0.460   +0.653
    +0.514   +0.898   -0.888   -0.163   -0.649   +0.440   +0.282   +0.331
    +0.367   -0.748   -0.319   +3.065   +0.455   -1.954   +1.668   +0.992
    -1.233   -0.989   +0.503   +2.128   -0.386   +0.438   -2.168   -0.563
    -0.256   -0.044   +0.436   +0.115   +0.387   -0.484   +0.584   -0.762
    -0.414   -0.180   +0.013   +0.464   +1.084   +0.635   +0.257   +0.986
    +0.525   +1.842   -0.155   -1.076   -0.683   -1.783   -0.962   -0.712
    +0.220   -0.302   -1.201   +1.497   +0.589   +0.741  -12.691   +0.662
token ' are' question (strength 11.2):
    -0.353   -0.608   -0.155   +0.463   +0.994   -1.110   +0.615   +0.786
    -0.137   +1.020   -0.265   +0.517   +0.069   +0.506   -0.919   +0.389
    -0.497   +0.215   -0.579   -0.830   +0.243   +0.325   -1.903   -0.392
    -0.682   -0.331   -2.179   -1.727   -1.055   -0.165   +0.734   -0.997
    -0.148   +0.333   +0.780   +0.141   +0.076   +0.377   +0.146   -1.108
    -0.478   -1.004   +1.061   +0.956   +0.940   -0.383   +0.486   -0.273
    -2.106   -1.085   +0.401   -0.364   -0.528   +0.843   -2.203   +0.149
    -0.928   -0.566   -1.412   +1.131   -0.239   +0.074   -8.859   -0.757
token ' you' question (strength 11.5):
    -0.358   -0.398   -0.278   +0.400   +1.277   -1.079   +0.751   +0.867
    -0.226   +1.309   -0.150   +0.487   -0.351   +0.256   -0.787   +0.802
    -0.265   +0.308   -0.783   -0.028   +1.003   +0.260   +0.051   +0.111
    +0.552   -0.420   -0.485   -0.408   +0.713   +0.972   +0.426   -1.393
    -0.134   +0.492   +0.955   +0.190   +0.041   +0.478   +0.223   -1.201
    -0.662   -1.019   +1.307   +1.041   +1.000   -0.476   +0.734   -0.628
    -1.177   -0.702   -0.032   -0.737   -1.942   +1.256   -0.690   -0.508
    -0.730   +0.858   -1.296   +0.891   -2.610   -0.583   -9.448   +0.779

--- station 15 · head 10 ---
token 'how' question (strength 35.3):
    +0.519   +1.782  +10.365   -0.000   -5.962   +0.350   -6.046   -5.401
    +1.935   -1.820   +0.977   -6.063   -2.583   +1.391   +4.718   +0.030
    +0.232   -1.582   +1.671   +3.563   -1.512   -1.104   -0.962   +5.105
    -0.331   -1.053   -1.831   +0.643   -1.266   +0.286   -0.716   -1.438
   +21.506   +4.000   -3.175   -0.680   -7.874   -0.829   +0.739   +4.763
    +2.286   +1.714   -2.280   -1.252   -2.557   -0.491   +1.919   -0.197
    -0.598   +3.512   +1.947   -0.778   -0.950   +1.542   -1.784   -1.090
    -0.984   -1.396   +1.007   +0.399   -0.298   +0.213  -16.317   +2.255
token ' are' question (strength 22.8):
    +1.036   +3.204   +7.043   +0.860   -2.697   +0.487   -2.394   +0.188
    +0.945   -0.827   +0.221   -3.593   -2.716   +1.260   +2.427   -0.892
    -0.690   -0.808   +0.654   +2.909   -0.414   -0.505   -1.263   +4.226
    +0.483   -0.358   -2.189   -0.525   -0.820   -0.659   +1.117   -0.846
   +12.948   +1.229   -0.480   +1.603   -1.365   +0.348   -0.108   +2.961
    +1.836   +1.303   -0.111   -0.480   -0.678   -1.097   +0.083   -1.046
    -0.891   +3.437   +0.872   +0.222   +0.519   +1.140   -2.400   -0.167
    -0.099   -1.338   -0.008   +0.410   -0.965   +0.050  -12.605   +0.914
token ' you' question (strength 24.2):
    +1.044   +3.263   +7.694   +0.532   -2.799   +0.778   -3.452   +0.990
    +1.564   -0.786   -0.671   -3.807   -2.648   +0.375   +4.037   -0.833
    -1.574   -1.855   +1.256   +2.452   -0.483   -0.673   -0.266   +4.487
    +0.743   -0.635   -1.826   -0.155   -0.040   -0.371   +0.952   -1.009
   +13.314   +3.217   -0.350   +2.091   -1.982   +0.447   +0.732   +3.269
    +1.096   +1.111   -0.368   -0.259   -1.401   -0.190   +0.413   -1.450
    -0.538   +3.451   +0.554   +0.484   +0.093   +1.620   -1.793   -0.435
    -0.136   -1.411   +0.615   +0.566   -1.492   +0.594  -13.061   +1.569

--- station 15 · head 11 ---
token 'how' question (strength 14.7):
    +0.305   +0.365   -0.906   -0.604   -1.187   -0.315   -0.222   +0.437
    +0.503   +0.465   -0.029   -2.198   -1.534   +3.009   +3.000   -0.269
    -0.087   -0.021   +0.665   +3.534   -0.519   -1.345   -1.091   +1.264
    -1.456   -0.782   -0.469   +0.116   -1.766   -1.051   -0.424   -2.918
    -0.389   -0.446   -0.973   +0.854   +1.588   +0.816   -1.115   +1.970
    -0.459   +2.441   -0.581   +0.358   -0.208   -0.287   +0.240   -0.375
    +1.169   +1.769   +1.345   +0.048   -0.246   -0.080   -1.967   -1.209
    +0.489   -0.002   +0.339   +1.665   +0.150   +1.030  -10.976   +0.969
token ' are' question (strength 13.5):
    +0.285   +1.229   +0.399   +0.056   -1.176   -0.726   +0.466   +0.732
    +1.006   -0.799   -0.519   -1.158   -2.275   +0.594   +0.899   -0.730
    -0.714   -0.550   -0.523   +2.825   +0.046   -0.037   +2.151   -0.917
    -0.299   +0.083   -0.895   +0.184   -0.341   -2.186   +1.689   -3.411
    +0.418   -0.065   -0.595   -1.111   -0.273   -0.067   -0.640   +1.808
    +0.271   +1.937   -0.518   +1.607   +1.231   -0.485   +0.352   -1.019
    +0.058   +2.273   +0.316   -1.423   -2.157   +1.152   -0.594   +0.317
    -0.913   +0.409   +1.103   +1.483   -0.967   +0.646   -9.887   -0.022
token ' you' question (strength 14.2):
    +0.092   +0.719   +0.051   +0.161   -1.635   -0.517   -0.245   +1.061
    +0.771   -1.178   -0.049   -1.437   -2.411   +1.143   +1.216   +0.056
    -1.046   -1.371   +0.057   +3.167   +0.459   -0.390   +1.074   -0.217
    -0.217   -0.235   -1.714   +0.613   +0.448   -0.515   +1.154   -3.014
    +0.316   -0.282   -0.932   -1.335   -0.219   -0.718   -1.105   +1.617
    +0.038   +2.176   -0.241   +1.351   +1.352   +0.018   +0.559   -1.123
    -0.532   +2.515   +0.156   -1.366   -1.515   +1.197   -0.366   -1.429
    -1.358   +0.650   +0.263   +1.497   -1.616   +0.360  -10.720   +1.332

--- station 15 · head 12 ---
token 'how' question (strength 13.3):
    +0.227   -0.033   -0.754   +0.382   -0.668   -0.354   -0.471   +0.628
    +0.781   +1.151   -0.085   -1.291   -2.437   +1.135   +1.146   -0.864
    +1.171   -0.402   +0.665   +2.276   -0.956   -2.362   -0.081   +1.592
    -0.101   -0.805   +1.432   +0.858   -1.259   +1.543   -1.424   -3.229
    -0.152   -0.639   -0.184   -0.045   +0.947   -0.274   +0.308   +0.737
    -0.371   +1.186   -0.024   +0.080   +1.089   -0.845   +0.281   -1.340
    +1.527   +1.402   +1.341   -0.724   -0.189   +0.157   -1.237   -0.612
    +0.797   +1.028   +1.217   +0.804   +1.495   +0.535  -10.123   +0.969
token ' are' question (strength 11.4):
    +0.227   +0.400   -0.072   +0.451   -1.091   -0.675   -0.474   -0.125
    +1.290   -0.713   +0.542   -0.669   -2.774   -0.526   +1.090   -0.337
    -0.742   +0.404   -0.263   +0.367   -0.308   -0.116   +1.911   +0.222
    -0.327   -0.030   -0.537   -0.044   -1.245   +1.815   +0.612   -3.167
    +0.283   -0.514   -0.661   -0.124   +0.124   -0.206   -0.098   +1.239
    +0.052   +1.238   +0.585   +0.402   -0.222   +0.656   +1.078   +0.311
    +0.059   +1.060   +0.609   -0.887   +1.553   +1.352   -1.707   -0.450
    -1.817   +0.700   +0.770   +1.251   -0.120   +0.232   -8.504   -0.542
token ' you' question (strength 11.5):
    +0.143   +0.017   -0.291   +0.711   -0.495   -0.725   -0.136   +0.231
    +0.380   -0.668   +0.809   -0.736   -2.407   -0.926   +0.850   +0.100
    -0.557   +0.632   +0.109   +1.157   -0.445   -0.427   +2.224   -0.513
    +0.409   -0.260   -0.696   +1.366   +0.353   +0.858   +0.373   -3.531
    +0.268   -0.241   -0.155   -0.166   +0.352   -0.047   +0.104   +0.532
    -0.682   +0.940   +1.027   +0.417   -0.176   +0.279   +1.273   +0.218
    -0.862   +0.724   +0.647   -1.438   +1.421   +1.543   -0.748   -0.927
    -1.094   +0.626   +0.233   +0.743   -1.183   +1.193   -8.835   +0.445

--- station 15 · head 13 ---
token 'how' question (strength 12.7):
    +0.444   +0.577   +1.126   -1.598   -1.813   +1.833   -1.940   +0.023
    +0.555   +0.356   -0.201   -2.162   -1.265   +1.232   +1.230   +0.819
    -0.167   +0.437   +0.734   +1.428   -0.006   -1.408   +0.788   +2.320
    +1.372   -1.032   +0.484   +1.596   -0.160   +1.890   -1.947   +0.301
    +0.515   +0.917   -0.416   -0.226   -0.391   -0.291   +0.874   +1.759
    +0.548   +1.610   -1.267   +0.024   +0.167   +0.771   +0.601   -1.146
    +0.364   +2.001   +0.035   -0.297   +0.396   +0.322   -0.047   -1.089
    -0.269   +0.153   +1.188   +1.526   +0.599   +1.207   -9.384   +0.578
token ' are' question (strength 11.4):
    -0.041   -0.069   +0.034   -0.132   -0.056   +0.413   +0.045   -0.058
    +0.277   -0.462   -0.198   -0.316   -1.452   -1.317   +0.420   +0.366
    -1.172   +1.034   +0.816   -1.009   -0.763   +0.697   +2.353   -0.306
    +0.215   -0.306   -0.680   +0.586   -0.223   +2.432   -0.496   -0.604
    -0.009   +0.149   -0.176   -0.076   -0.147   -0.358   +0.344   +0.116
    +0.089   +0.141   +0.544   +0.358   +0.353   +0.013   +0.370   -1.859
    -0.775   +0.573   -0.690   -0.520   +1.139   +0.845   -0.977   -0.526
    -1.496   -1.266   -1.616   +0.482   -1.270   +0.732   -9.330   -0.846
token ' you' question (strength 11.3):
    +0.168   +0.106   +0.062   -0.280   -0.433   +0.765   -0.435   +0.024
    +0.174   -0.287   -0.472   -0.820   -1.770   -1.636   +0.891   +0.577
    -1.232   +0.513   +0.811   -0.247   -0.429   +0.406   +2.346   +0.822
    +0.782   -0.621   -2.191   +1.039   -0.056   +1.211   -0.241   -2.137
    +0.015   +0.180   -0.318   -0.034   +0.066   -0.534   +0.478   +0.434
    +0.363   +0.780   +0.825   +0.493   +0.715   -0.202   +0.709   -1.814
    -0.361   +1.276   -0.764   -0.132   +0.527   +0.221   -0.715   +0.023
    -0.798   -0.422   +0.138   +0.980   -1.794   +0.813   -8.981   -1.026


############ STATION 16 ############

--- station 16 · head 0 ---
token 'how' question (strength 19.9):
    +0.147   -0.010   -0.515   -0.119   +0.877   +0.391   -1.918   +0.566
    +1.972   -0.144   +0.881   -0.122   -0.945   -4.374   -0.240   -1.582
    +2.475   +0.376   -0.935   -1.151   +4.220   +7.423   -0.172   +1.049
    -1.256   -1.232   +0.122  +15.313   -0.144   +1.065   -0.976   +1.022
    +0.120   +0.109   -0.207   -0.190   +0.915   -0.232   -0.102   -1.254
    -1.130   -0.123   +1.056   +0.599   -0.912   -0.009   +1.080   +0.790
    +2.702   -3.182   -0.393   -1.373   +0.661   +1.179   -1.279   -0.228
    +0.393   +0.567   -0.913   -1.401   -0.989   +0.916   +1.437   +1.598
token ' are' question (strength 18.8):
    -0.112   -0.244   +0.359   +0.056   -0.340   -0.427   -0.121   +0.074
    +1.017   -0.012   +0.566   -0.534   -0.777   -2.614   -1.930   +0.024
    +2.066   -0.429   +2.098   +0.840   +0.165   +7.381   -0.765   -0.481
    -0.816   -1.140   -0.158  +14.679   +0.021   +1.560   +0.184   +1.015
    +0.095   +0.001   -0.408   -0.129   +0.266   +1.226   -0.457   -0.622
    -0.050   +0.012   +0.946   +1.687   -2.510   -1.659   +0.222   +1.001
    +4.869   -1.892   -1.673   +1.141   -0.869   +0.333   -1.239   +0.984
    -0.599   -0.270   -0.233   -0.922   -1.014   -0.115   -0.071   +0.384
token ' you' question (strength 18.4):
    -0.031   -0.230   +0.255   +0.228   +0.012   -0.051   -0.102   -0.007
    +1.118   +0.279   +0.516   -0.377   -0.966   -2.128   -1.596   -0.622
    +1.721   -0.113   +0.875   +1.138   +0.678   +7.576   -0.758   -0.487
    -0.505   -0.652   +0.444  +14.836   -0.518   +0.926   -0.496   +1.005
    -0.106   -0.206   +0.127   -0.197   +0.161   +0.719   -0.382   -0.537
    +0.043   +0.497   +0.680   +1.538   -1.470   -1.642   +0.149   +1.212
    +4.331   -1.180   -1.405   +0.746   +0.419   +1.315   -1.062   +1.141
    -0.359   -0.046   -0.515   -0.939   -1.186   +0.222   -0.142   +0.764

--- station 16 · head 1 ---
token 'how' question (strength 13.5):
    +0.056   -0.156   +0.071   -0.376   +0.861   +0.461   -0.977   +0.041
    +1.449   +0.299   +0.384   +0.419   +1.045   -2.185   +0.531   -0.022
    -0.529   +0.954   -0.189   +1.534   +1.331   +0.779   +0.419   -0.425
    +0.144   -0.465   +0.176  +10.705   +0.200   -0.819   -1.323   -0.046
    -0.145   +0.567   -0.446   -0.508   +0.859   -1.912   -1.048   -1.439
    -0.134   +1.009   +1.834   +0.696   -0.942   -0.841   -0.695   +0.710
    +1.333   -0.947   -1.827   -0.341   +0.289   +3.360   +0.884   -0.125
    +1.057   -0.226   -1.453   +1.252   -1.856   -0.209   +1.300   +1.739
token ' are' question (strength 14.2):
    -0.615   -1.059   +0.650   -0.300   -0.182   -0.025   -0.963   +0.321
    +1.176   +0.250   +0.202   +1.110   +0.378   -0.269   -0.678   -0.406
    +0.030   -0.232   +1.137   +0.064   +0.677   +0.762   +0.086   +0.491
    -1.738   -1.311   -0.096  +10.555   -1.211   +2.826   -2.665   -0.117
    -0.448   -0.059   -0.995   -0.648   +1.078   -0.311   +0.236   -0.836
    +0.696   +0.797   +0.974   -0.039   -0.236   -0.748   -0.593   +2.232
    +0.909   +0.853   -1.242   -0.386   -1.076   +1.894   -0.085   -0.917
    +0.157   -2.105   -1.071   +1.499   -3.959   -1.500   +3.638   +0.357
token ' you' question (strength 14.1):
    -0.472   -0.582   +0.138   -0.535   +0.472   +0.267   -0.651   +0.448
    +1.540   +0.720   -0.117   +0.518   -0.082   -1.001   -0.000   -0.932
    -0.237   +0.183   +0.189   -1.019   +0.978   +0.789   -0.242   -1.629
    -2.947   +0.176   +0.179  +10.904   -0.248   +2.448   -2.666   -1.080
    -0.134   +0.391   -0.999   +0.068   +1.196   +0.158   +0.897   -1.300
    +0.723   +1.486   +0.833   +0.996   -1.169   -0.668   -0.177   +1.685
    +0.917   +0.401   -0.891   +0.162   -0.530   +1.665   -0.134   -0.159
    +0.975   -0.962   -3.072   +1.563   -3.052   -1.369   +0.776   -0.385

--- station 16 · head 2 ---
token 'how' question (strength 32.3):
    -8.034   -3.909   -2.841   -0.047   -1.099   -2.136   -0.548   +3.222
    +0.798   +0.227   -0.823   +0.447   +0.087   -4.245   +1.041   -0.906
    -2.760   +0.193   -0.509   -0.906   -0.679   +6.281   -0.427   +0.720
    +0.777   -0.022   -0.382  +20.472   -0.023   -0.620   -0.438   -0.966
   +18.774   +1.793   -3.104   +0.853   +5.434   +0.677   +1.898   -3.659
    -0.818   -0.052   +3.009   +0.280   -0.133   -2.411   +0.254   -0.778
    +0.297   +0.306   +0.233   -0.820   -0.231   +0.747   -0.654   +0.214
    -0.658   -0.544   -0.791   +3.304   -0.065   +0.408   +0.756   +0.665
token ' are' question (strength 28.3):
    -7.787   -3.182   +0.747   -1.393   -0.313   -1.030   -0.986   +1.446
    +1.997   +0.330   +0.120   -0.799   -1.322   -4.703   +1.417   +0.100
    -3.753   -0.150   -0.694   -0.749   -0.382   +7.868   +0.225   -0.707
    -0.055   -0.103   +0.025  +19.098   -0.135   -0.640   -0.239   -0.087
   +12.495   +1.869   -2.754   -1.223   +5.440   +1.161   +1.497   -4.384
    +0.869   +0.805   +3.025   +0.292   -1.004   -1.218   -0.314   +0.630
    +1.526   +0.620   -0.838   -0.553   -0.420   +0.790   -0.047   +0.177
    +0.148   -0.714   +0.072   +3.041   +0.337   -0.878   +0.583   +0.636
token ' you' question (strength 29.0):
    -7.006   -2.448   +0.547   -2.278   -0.425   -0.552   -0.934   +0.081
    +2.377   +0.572   +0.809   -0.755   -1.177   -4.661   +1.093   +0.452
    -3.878   -0.246   -0.794   -0.787   -0.426   +8.231   +0.372   -0.376
    -0.020   -0.163   -0.112  +19.488   -0.430   -0.492   -0.672   +0.091
   +12.039   +2.016   -4.929   -1.653   +5.597   +1.466   +1.005   -5.398
    +0.773   +0.899   +3.725   +1.408   -0.752   -1.619   -0.298   +1.199
    +2.064   +0.649   -1.139   -0.096   -0.376   +0.729   +0.405   +0.328
    -0.258   -0.304   +0.313   +3.412   +0.447   -0.521   +0.129   +0.971

--- station 16 · head 3 ---
token 'how' question (strength 19.1):
    -0.066   -0.176   -0.858   -0.019   +2.326   +0.079   +0.819   +0.858
    +2.050   +0.040   -1.793   -3.957   +0.840   -3.846   -0.734   -0.782
    -0.526   +0.746   +0.016   -0.060   +0.045   +3.956   -0.310   +1.251
    -0.173   +0.014   +1.135  +15.163   +0.202   -0.973   -2.369   -0.575
    -0.613   -0.127   -1.134   +0.721   +1.638   +0.551   +1.881   -3.512
    -1.596   +0.005   +4.085   +0.916   +0.471   -0.182   -0.979   -0.343
    +3.360   -0.107   +0.594   -0.209   +0.152   +0.550   +0.843   +0.404
    -0.136   -0.330   -0.768   +1.025   -0.492   -0.148   +1.820   +0.284
token ' are' question (strength 18.9):
    -0.400   -1.192   -0.015   -2.016   +1.382   +0.453   -1.163   +0.756
    +1.091   -0.141   -0.098   -1.999   -0.281   -4.213   -0.031   +0.846
    -1.243   -0.617   +0.044   +0.502   +0.142   +5.754   +0.366   +0.123
    -0.614   +0.159   +0.652  +15.274   +0.305   +0.600   -1.174   +0.339
    -0.118   +1.892   -1.001   -0.262   +1.777   +0.201   +0.251   -2.365
    +1.278   +0.201   +5.130   +0.469   -1.229   +0.272   -0.281   +0.468
    +1.514   -0.781   -0.734   +0.277   -0.380   +1.485   -0.106   +0.726
    +0.368   -0.851   -0.264   +1.214   -0.452   -0.556   -0.026   +0.066
token ' you' question (strength 22.0):
    -0.261   -0.586   -0.386   -2.565   +2.665   +0.469   -1.809   +1.760
    +1.938   +1.137   +1.896   -2.510   -0.449   -3.392   +0.539   +0.103
    -1.111   -0.530   -0.640   +0.536   +0.371   +7.017   +0.689   +0.081
    -0.748   +0.406   +1.032  +17.254   +0.269   +0.089   -1.621   +0.389
    +0.062   +1.861   -1.453   +0.589   +1.378   +1.125   +0.632   -4.273
    +1.694   +0.466   +5.599   +1.986   -1.385   -0.039   +0.044   +0.534
    +2.382   -0.427   -0.982   +0.579   +0.423   +0.877   +0.344   +0.874
    -0.080   -0.935   -0.864   +1.684   -0.401   -0.268   +0.035   +0.771

--- station 16 · head 4 ---
token 'how' question (strength 18.4):
    +0.234   +0.281   -3.163   +1.096   +3.517   -0.446   -0.336   -1.287
    +1.643   -0.010   -0.495   +0.902   +1.199   -5.070   -0.643   -0.552
    -1.472   +0.145   -0.488   +0.258   -0.997   +2.880   -0.356   -0.269
    +0.831   +0.127   +0.029  +15.042   +0.186   -0.953   -0.783   +0.478
    +0.768   +1.972   -0.296   +1.027   +1.333   -1.802   +0.414   -1.830
    -3.265   +1.070   +0.832   +0.005   +0.461   +0.380   -0.585   -1.573
    +1.406   +0.067   +0.609   -0.877   +0.686   +0.637   +1.146   +0.235
    -0.134   +0.171   -0.497   +2.118   -0.408   -0.147   -0.340   +0.550
token ' are' question (strength 17.4):
    -0.721   -1.192   -2.642   +0.556   +1.689   +0.497   -1.134   -0.486
    +1.343   -0.358   -0.940   +0.694   +1.389   -4.244   +0.594   +0.616
    -0.762   -0.306   -0.407   -0.224   +1.157   +4.565   -0.482   +0.079
    +0.570   +0.488   +0.149  +13.852   +0.027   +0.552   -0.723   +0.439
    +0.667   +2.669   -0.966   +0.457   +0.729   -0.272   +0.864   -1.280
    -0.213   +2.974   +2.520   +0.021   -2.162   +0.149   -1.015   +1.207
    +1.398   +1.411   +0.208   -0.761   +0.600   +1.122   +0.769   +0.663
    -0.208   -1.029   -0.534   +2.149   -0.190   +0.025   +0.559   +0.858
token ' you' question (strength 20.0):
    -0.656   -0.999   -3.802   -0.781   +3.584   +0.919   -0.439   -1.462
    +2.083   -0.243   -0.990   +0.930   +1.022   -4.298   +0.392   +0.190
    -1.491   -0.610   -0.492   -0.239   +0.877   +5.264   +0.047   +0.121
    +0.365   +0.748   +0.304  +15.307   -0.034   +0.244   -1.157   +0.066
    +1.022   +3.497   -1.063   +0.870   +1.381   -0.535   +1.727   -1.833
    +0.563   +3.466   +4.114   +0.082   -1.346   -0.358   -1.409   +1.069
    +1.521   +1.315   -0.579   -0.033   +0.787   +1.271   +0.972   +1.028
    -0.068   -0.510   -1.067   +2.380   -0.390   -0.321   +0.109   +0.727

--- station 16 · head 5 ---
token 'how' question (strength 20.1):
    -1.846   -2.252   -2.562   -0.368   +2.635   -0.366   -1.376   +0.730
    +1.560   -3.129   -1.941   +0.504   +0.485   -2.098   +0.654   +0.300
    -2.729   +1.149   -0.723   -0.659   +0.698   +6.840   -0.394   +2.320
    +0.274   +0.206   +0.796  +14.762   -0.751   -0.703   -1.584   -0.703
    +0.735   +2.699   -2.775   +0.115   +2.582   +0.467   +0.341   -3.730
    -2.114   +1.183   +3.500   -1.792   +0.116   +0.041   +2.368   +1.237
    +1.590   -0.111   +0.702   -0.453   +0.059   -1.160   +0.745   +0.493
    +1.261   -0.006   -0.748   +1.207   +0.228   +0.374   +0.446   -0.050
token ' are' question (strength 17.2):
    -0.559   -0.318   +0.198   +0.226   -0.145   +1.589   -0.604   +0.865
    +2.309   -0.800   -0.455   +0.570   -0.210   -3.093   -3.015   +0.902
    -1.589   +0.251   +0.409   -1.564   +1.229   +4.335   +0.181   -0.005
    -0.253   +0.475   +0.668  +14.205   +0.074   +0.784   -0.570   -0.177
    -0.032   +1.021   -1.727   +0.298   +2.363   -0.337   +1.218   -0.894
    -0.041   -0.238   +3.246   +0.627   -1.602   +1.124   -0.231   +1.643
    +1.372   +0.258   -0.261   +0.904   -0.711   +0.363   +1.394   +0.544
    -0.275   +0.498   -0.404   +1.131   -0.881   +0.148   -0.265   -0.339
token ' you' question (strength 18.8):
    -0.811   -0.656   -0.926   -0.871   +1.577   +1.210   -1.333   +0.113
    +2.512   +0.048   -0.300   +1.121   +0.021   -3.644   -1.911   +1.149
    -1.843   -0.161   -0.208   -1.252   +1.599   +4.837   +0.938   +0.407
    +0.105   +0.671   +1.249  +15.002   +0.266   +0.731   -1.423   -0.395
    +0.040   +2.021   -2.124   +0.549   +2.534   +0.035   +1.610   -2.163
    -0.097   +0.611   +3.930   +0.874   -0.880   +1.665   -0.202   +1.906
    +1.174   -0.250   -0.966   +0.317   -0.336   +1.082   +1.344   +1.098
    +0.308   +0.296   -0.778   +1.584   -0.649   +0.003   -0.935   -0.318

--- station 16 · head 6 ---
token 'how' question (strength 15.0):
    +0.147   +0.144   +0.003   -0.464   +0.109   -0.280   -0.071   -0.168
    +0.205   -0.170   +0.391   +0.309   +0.228   -0.480   +1.324   +0.670
    -1.813   +1.224   -0.563   +1.141   -0.096   -0.730   +0.332   +0.273
    +1.211   -1.797   +0.823  +12.872   +0.252   +2.048   +0.063   -0.959
    +0.081   +0.306   -0.098   +0.215   +0.264   +0.424   +0.592   -0.369
    -0.651   +0.645   +0.482   +0.642   -0.426   -0.331   +0.669   +2.709
    +1.417   -0.360   -0.746   -0.616   +1.047   +3.152   +1.046   +0.817
    +1.861   +1.916   +0.402   -1.906   -0.413   -1.016   -0.746   +0.424
token ' are' question (strength 15.0):
    -0.055   +0.037   +0.009   -0.029   -0.049   +0.184   +0.183   -0.123
    +0.302   +0.860   -0.063   +0.846   +0.305   -0.325   +0.319   -0.418
    +0.174   -1.496   +0.857   +0.318   +1.444   -1.590   +0.589   +0.570
    +0.856   +1.778   +0.968  +13.177   -1.386   +2.932   -0.080   +0.079
    +0.081   +0.020   -0.120   +0.123   +0.033   +0.254   +0.157   +0.036
    -0.585   +0.246   +0.248   +0.010   -0.914   -0.102   -0.662   +1.652
    +0.153   +0.083   -0.924   -0.497   -0.383   +2.780   +1.611   -0.473
    +0.200   -1.322   +1.719   -1.321   -0.988   +0.225   -0.639   -0.662
token ' you' question (strength 14.8):
    +0.031   +0.135   -0.173   +0.014   +0.169   +0.228   +0.217   -0.122
    +0.340   +1.020   +0.011   +1.060   -0.059   -0.530   -0.147   -0.100
    +0.196   -1.419   +0.874   +1.128   +0.912   -1.414   +0.498   -0.474
    +1.160   +1.646   +1.212  +13.332   +0.664   +2.137   -0.998   +0.384
    +0.007   +0.075   -0.096   +0.191   -0.070   +0.318   +0.205   -0.093
    -0.707   +0.090   +0.584   +0.091   -1.131   -0.025   -0.792   +1.610
    +0.593   -0.063   +0.605   -0.239   -0.192   +2.218   +0.981   +0.182
    +1.172   -0.939   -0.327   -0.604   -2.193   -0.197   -0.898   -0.490

--- station 16 · head 7 ---
token 'how' question (strength 11.2):
    +0.372   -0.377   +0.451   -0.674   +0.198   -0.851   -0.084   +0.042
    +0.339   -0.124   +1.164   -0.717   -0.903   -0.925   -0.124   +0.448
    -0.653   -0.049   -1.583   -0.175   -0.892   -1.587   -1.121   -0.856
    +1.545   +0.357   +0.575   +0.534   +0.256   -0.779   -8.569   -0.457
    -0.828   +0.960   -0.825   -0.967   +0.828   +1.257   -1.278   +0.661
    -0.205   -1.125   -0.641   +0.386   -0.326   +1.366   -1.440   -2.194
    -0.420   +0.814   +1.236   +1.418   +0.240   +2.590   -0.910   +0.278
    -0.090   -0.997   -0.328   +0.460   -0.130   -0.292   -1.176   +0.230
token ' are' question (strength 10.1):
    -0.124   +0.296   +0.179   -0.454   -0.157   +0.111   +0.066   -0.074
    -0.006   -0.291   +1.009   +0.225   +0.375   -0.733   -0.678   -0.586
    +0.235   -0.566   -2.213   -0.582   -0.127   -0.173   -1.030   +0.401
    +0.258   +0.127   +0.530   +0.141   +0.095   +0.044   -8.714   +0.278
    -0.513   +0.647   -0.268   -0.246   -0.012   -0.017   -0.177   +0.300
    -0.595   +0.185   -1.005   +0.378   -0.458   +0.575   -0.674   -0.368
    +0.472   -0.818   +0.274   +0.963   +1.070   +1.835   +0.119   -0.915
    -0.396   +0.528   -0.099   -0.381   -0.658   -0.609   -2.011   +0.481
token ' you' question (strength 10.6):
    -0.071   +0.356   -0.394   -0.695   +0.180   +0.008   -0.196   -0.004
    +0.316   -0.097   +0.869   -0.343   -0.579   -0.693   +0.110   -0.439
    -0.026   -0.695   -2.276   -1.431   +0.376   -0.476   -1.129   +0.220
    +0.154   +0.123   -0.306   +0.218   +0.499   -0.682   -8.690   +1.330
    -1.393   +0.839   -0.749   +0.172   -0.410   +0.038   +0.153   +0.449
    -0.442   +0.203   -0.309   +0.735   -0.731   +1.345   -0.539   -0.161
    -0.000   -0.658   +0.627   +1.556   -0.000   +1.953   +0.049   -0.290
    -0.018   +0.539   +0.042   +0.125   -0.103   -0.790   -2.432   +1.068

--- station 16 · head 8 ---
token 'how' question (strength 13.4):
    +1.741   -1.578   +2.492   -0.645   +0.185   -1.884   -1.040   -1.305
    +2.201   +0.549   +2.074   -2.152   -0.614   +0.048   +0.277   +1.301
    +0.522   -1.201   -1.199   -0.688   +0.115   +0.281   -1.385   -0.072
    +0.357   -0.704   -0.048   +1.774   +1.170   -0.861   -8.294   -0.522
    -0.920   +0.441   -1.339   -1.126   +2.047   +2.169   -2.412   +0.797
    +3.223   -1.170   -0.884   +0.897   -1.275   +1.827   +0.437   -2.153
    -0.228   -0.281   +1.696   +0.946   -1.011   +2.209   +0.119   -1.643
    -2.331   -0.255   -1.117   +0.434   +1.092   -0.671   -0.514   -0.169
token ' are' question (strength 11.8):
    +0.221   -0.178   +0.305   -0.502   +0.700   -0.164   -0.811   -0.017
    +0.472   +0.196   +1.402   -0.211   +0.693   -0.612   +0.641   +1.277
    +0.039   -0.725   -1.123   -0.024   +0.594   -0.068   -1.553   -0.504
    -0.497   +0.013   -0.634   +0.142   +0.095   -0.816  -10.090   +0.338
    -0.297   +0.892   -0.447   -0.614   +0.093   +0.339   -1.070   +0.561
    +0.759   -0.335   -0.652   +0.980   -0.868   +0.342   -1.130   -1.968
    +0.523   -0.458   +1.568   +0.729   -0.627   +1.086   +0.885   -1.135
    -1.121   -0.944   -0.771   -0.961   -0.822   -0.312   -0.925   +0.090
token ' you' question (strength 12.0):
    +0.557   -0.042   +0.448   -0.688   +1.150   +0.204   -0.166   +0.241
    +1.476   -0.097   +1.053   -0.561   +0.052   -1.504   -0.174   +0.936
    +0.860   -0.213   -1.254   -0.295   +0.481   -1.021   -1.730   -0.087
    -0.014   -0.640   -0.363   +0.819   +0.857   -0.468   -9.834   +1.194
    -0.815   +0.742   -1.190   -0.334   +0.448   +1.059   -1.056   +0.742
    +1.023   -0.495   +0.228   +0.723   -0.446   +1.205   -0.739   -1.565
    +0.624   -0.022   +0.966   +1.109   -0.545   -0.428   +0.881   -1.004
    -0.547   -1.178   -1.339   +0.258   -1.346   -1.484   -1.938   +0.240

--- station 16 · head 9 ---
token 'how' question (strength 14.1):
    +2.041   -1.673   +1.629   -0.483   +0.678   -1.718   -0.574   +0.796
    +0.493   -0.155   +1.265   -1.193   -0.830   -0.128   -1.614   +0.464
    -0.264   -2.578   -0.374   -0.215   +0.222   +0.252   -0.004   +0.543
    +0.810   -0.988   +1.063   +0.433   +0.941   +0.835  -10.616   +0.400
    -1.596   +1.182   -0.983   -0.906   +1.315   -0.735   -1.770   +1.353
    -0.030   -1.643   +0.337   +1.376   -1.104   +1.575   -0.513   -1.518
    -1.442   +1.536   +2.361   +2.977   -0.393   +1.442   +1.257   -0.030
    -1.141   -1.286   +0.314   +0.743   -0.515   +0.652   -1.239   -0.125
token ' are' question (strength 13.1):
    +0.030   +0.517   +0.497   -0.945   +0.654   +0.551   -0.936   +0.220
    +0.334   -1.205   +1.145   -0.535   -0.935   +0.575   -0.112   +0.424
    -0.428   -3.094   +0.094   -0.376   +2.025   +0.020   -1.078   -1.092
    +0.301   -0.447   +0.275   -0.066   +0.156   -0.537  -11.416   +0.032
    -0.175   +0.195   -0.029   -0.153   -0.444   -0.359   -0.374   -0.044
    +0.207   -0.529   -0.063   +1.385   -0.057   +1.120   -1.193   -0.201
    -0.262   +0.088   +1.399   +2.053   -0.217   +0.367   -0.032   -0.865
    -0.826   -0.782   +0.598   -0.543   -0.360   +0.343   -1.124   +0.506
token ' you' question (strength 14.0):
    +0.320   +0.919   +0.039   -1.912   +1.298   +0.458   -1.536   +0.483
    +1.306   -1.218   +0.795   -1.037   -1.662   -0.110   -0.372   +0.627
    +0.424   -1.257   -0.060   -0.999   +0.094   -0.530   -1.228   -0.675
    +1.185   -1.073   -0.470   +0.306   +1.320   -1.253  -11.578   +1.741
    -1.620   +1.158   -0.668   -0.045   -0.985   -0.315   -0.455   -0.150
    -0.369   -0.405   -0.086   +1.190   +0.576   +1.277   -1.035   -1.972
    +0.319   +0.273   -0.038   +2.364   +0.388   -0.748   +0.863   -0.556
    -0.898   -1.801   +0.204   +0.976   -1.237   -0.703   -1.320   +0.500

--- station 16 · head 10 ---
token 'how' question (strength 14.6):
    -0.079   +0.066   -0.744   -1.693   +1.375   -0.613   -0.883   -0.780
    +0.257   +1.258   +1.523   -3.325   -1.182   -0.049   -0.918   +1.296
    -0.115   -0.672   -0.273   -1.450   -0.347   -0.807   -0.315   -0.211
    +1.988   -0.745   +0.031   -0.129   +0.906   +0.044  -10.447   +0.418
    -2.464   +2.066   -1.366   -0.793   +1.036   +1.469   -2.837   +2.374
    +2.038   -1.696   +1.804   +0.713   -1.490   +1.215   -1.177   -1.344
    -1.243   +1.182   +1.256   +2.340   -0.504   +1.928   +0.646   -0.916
    -0.757   -0.888   -0.617   +1.517   +0.743   +0.035   -1.177   +0.139
token ' are' question (strength 11.9):
    -0.125   -0.924   +0.046   +0.066   +0.740   -0.866   -0.191   +0.359
    +0.480   -0.163   +0.849   -1.972   +0.103   +0.258   -0.771   +0.375
    -0.420   -0.878   -0.567   -0.300   +1.156   -0.942   -0.993   -0.740
    +0.486   -0.325   -0.259   +0.354   +0.204   -0.563  -10.155   +0.720
    -0.907   +1.153   -0.930   -1.266   -0.052   +1.349   -0.538   +0.927
    +1.122   -1.295   +0.031   +0.852   +0.039   +1.380   -0.793   -0.445
    -0.653   -0.687   +0.403   +1.618   +0.201   +1.153   +0.551   -0.687
    -0.853   -0.474   -0.069   -0.369   -0.725   -0.482   -1.490   +0.147
token ' you' question (strength 13.5):
    -0.198   -0.020   -0.546   -1.305   +0.841   -0.280   -0.400   +0.088
    +0.361   -0.153   +0.392   -2.123   -1.667   -0.874   -1.074   +0.704
    +0.161   -0.345   -0.518   -0.898   +0.104   -1.586   -1.392   -0.310
    +1.563   -0.783   -0.565   +0.425   +1.070   -0.965  -10.606   +1.646
    -1.428   +1.739   -0.996   -1.054   -0.555   +1.631   -0.511   +0.976
    +0.739   -2.171   +1.048   +1.513   +0.020   +1.748   -1.059   -0.960
    -0.293   +0.304   -0.780   +2.163   +0.059   +0.264   +0.882   -0.560
    +0.502   -1.197   -0.535   +1.056   -1.194   -0.981   -2.399   -0.038

--- station 16 · head 11 ---
token 'how' question (strength 14.3):
    +2.069   -0.887   +1.484   -1.543   +1.032   -1.044   -0.284   -1.085
    +1.165   +0.671   +2.196   -2.527   -2.761   +0.721   -0.697   +0.252
    +0.855   -1.276   +0.454   -0.143   -0.214   -1.528   -0.937   -0.715
    +0.704   -0.825   -0.217   +1.189   +1.019   +0.345   -9.645   +0.784
    -2.112   +1.361   -1.225   -1.419   +1.727   +1.241   -3.577   +1.594
    +1.438   -0.842   +0.098   -0.639   +0.220   +0.774   -0.322   -2.304
    +0.057   +0.272   +2.171   +1.673   -0.982   +2.522   -0.651   -0.272
    -0.853   +0.892   -1.968   -0.202   -0.574   -1.255   +0.220   +2.076
token ' are' question (strength 12.2):
    +0.007   -0.117   +0.373   -0.764   +1.023   -0.157   -0.824   -0.345
    +0.648   +0.133   +1.273   -1.659   -0.567   -0.588   +0.645   +0.307
    -0.158   -0.738   -0.804   -0.119   +1.497   -0.652   -0.718   +0.303
    +0.574   -0.541   -0.053   -0.028   +0.153   +0.206  -10.276   +1.308
    -0.447   +0.892   +0.230   -1.118   -0.274   +0.021   -1.465   -0.078
    +1.400   -1.113   +0.135   +0.481   -0.894   +1.070   -0.927   -1.632
    +1.067   -0.726   +1.155   +0.431   +0.058   +0.988   +0.503   -0.493
    -0.863   +0.529   -0.328   -0.380   -0.681   -2.102   -1.565   +0.211
token ' you' question (strength 13.1):
    -0.334   +0.635   -0.265   -1.527   +1.146   -0.216   -0.668   -0.321
    +1.146   +0.305   +0.750   -1.314   -1.374   -1.371   +0.387   -0.351
    +0.563   -0.077   -1.115   -0.730   +0.041   -0.932   -0.691   +0.365
    +1.171   -0.777   -0.852   +0.112   +1.008   -0.428  -10.693   +2.013
    -0.740   +1.352   -0.584   -0.636   -1.036   +0.231   -1.156   +0.186
    +0.735   -0.662   +0.953   +0.121   -0.208   +1.432   -0.650   -1.728
    +1.224   +0.247   -0.251   +0.631   -0.041   -0.029   +0.384   -0.686
    +0.805   -0.900   +0.441   +2.027   -1.814   -2.184   -2.045   +0.551

--- station 16 · head 12 ---
token 'how' question (strength 11.8):
    -0.721   +0.498   -0.834   -0.118   -0.326   +0.474   +0.127   +0.202
    -0.460   -0.299   +0.226   +0.474   +0.383   -0.197   +1.238   -0.743
    -0.658   -0.196   +0.116   +1.484   -0.822   +2.279   +0.567   -0.593
    +0.882   -1.052   +0.704   -0.578   +2.098   +1.035  -10.076   -1.036
    +0.095   -0.162   +0.010   +0.283   -0.660   -0.319   +0.743   -0.121
    -0.679   +0.269   +0.094   +0.143   -0.131   +0.129   -0.666   +0.193
    +0.126   +0.770   +1.403   +1.151   -0.764   -0.668   +0.398   -0.621
    +0.467   -1.113   -0.601   +2.176   +0.264   +0.002   -0.262   +0.460
token ' are' question (strength 12.5):
    -0.284   +0.322   -0.390   +0.299   -0.462   -0.305   +0.306   -0.583
    -0.230   -0.005   -0.160   +0.798   +0.263   +0.365   +0.145   -0.087
    +0.100   +0.312   +1.086   +1.876   +2.547   +2.192   +0.493   -2.361
    -0.475   +0.024   +0.106   +0.364   +0.142   -0.211  -10.566   -0.539
    +0.022   +0.185   +0.020   +0.485   -0.324   -0.116   +0.811   -0.179
    -0.607   +0.530   -0.619   +0.577   -0.025   +0.260   -0.537   +1.001
    +0.640   -0.678   -1.208   -0.581   -0.477   +0.214   +0.409   -0.606
    -0.300   +0.386   +2.317   -1.821   -0.239   +0.627   -2.030   +0.290
token ' you' question (strength 12.7):
    -0.519   +0.276   -0.302   +0.431   -0.728   -0.333   +0.390   -0.676
    -0.551   -0.531   +0.115   +0.733   -0.192   +0.300   +0.058   -0.300
    +0.094   +0.614   +0.870   +2.584   +0.781   +0.992   +0.230   -1.136
    +1.000   -1.202   -0.387   -0.295   +1.376   -0.341  -10.427   +0.773
    -0.083   +0.097   +0.238   +0.664   -0.385   -0.480   +1.143   -0.468
    -1.152   +0.773   -0.813   +1.111   +0.158   +0.566   -0.460   +0.308
    +0.813   -0.368   -1.663   +1.381   +1.008   -1.192   +0.263   +0.507
    +2.072   -1.053   +1.606   +0.477   -1.407   +0.108   -2.922   +0.319

--- station 16 · head 13 ---
token 'how' question (strength 14.1):
    -0.288   +0.031   -0.423   -1.037   +0.547   +0.934   -2.200   +0.333
    +1.398   +0.178   +1.732   -2.176   -1.407   +0.240   -0.191   +2.062
    +0.799   -1.953   +0.474   -0.399   +1.285   +0.148   -1.848   -0.174
    +0.272   -1.117   -0.190   -0.418   +1.368   -1.041  -10.558   +0.397
    -1.104   +0.730   -0.146   +0.369   -1.021   +0.303   -0.964   -0.859
    +0.499   -0.930   -1.667   +1.571   -0.236   +1.686   +0.620   -1.349
    -0.584   +2.656   +2.382   +2.733   -0.758   +2.336   +1.383   -1.196
    -0.481   -0.147   -0.937   +0.073   +0.387   -0.690   -0.094   +0.518
token ' are' question (strength 11.4):
    -0.482   +0.423   -0.443   -0.291   +0.427   +0.162   -0.102   -0.044
    +0.154   -0.617   -0.048   +0.543   -0.038   -0.090   -0.669   +0.938
    -1.401   -0.440   +0.726   +1.005   +1.510   +0.114   -0.906   -1.484
    +0.004   -0.619   -0.411   +0.289   -0.236   -0.086   -9.709   +0.254
    -0.273   +0.603   -0.449   -0.165   -0.207   +0.035   +0.341   -0.454
    -0.704   +0.648   +0.350   +1.281   -0.392   -0.329   -0.404   -0.409
    -0.729   -0.271   +0.783   +1.952   +0.194   +1.656   +0.857   -1.558
    -0.718   -0.180   +0.556   -1.663   -0.488   -0.947   -1.920   -0.143
token ' you' question (strength 10.9):
    -0.844   +0.569   -0.893   -0.777   +0.836   +0.460   -0.685   +0.077
    +0.163   -0.641   +0.561   +0.434   -0.351   -0.720   -1.089   +0.700
    +0.179   +0.471   -0.652   +0.738   +0.505   -0.859   -1.602   -0.526
    -0.054   -0.979   -0.373   +0.309   +0.946   -0.661   -8.855   +1.003
    -0.644   +1.032   -0.646   +0.147   -0.489   +0.072   +0.178   -0.857
    -0.215   +0.437   +0.744   +1.224   +0.068   +0.243   -0.192   -1.039
    +0.276   -0.433   -0.207   +2.513   +1.055   +0.024   +0.730   -0.895
    +0.086   -1.228   -0.178   +0.318   -0.909   -1.204   -2.305   +0.514


############ STATION 17 ############

--- station 17 · head 0 ---
token 'how' question (strength 18.4):
    -0.342   -2.206   -2.120   -2.747   +1.303   +0.710   -0.655   +0.687
    +1.016   +1.422   -0.050   -1.997   +2.865   +1.363   +1.768   +0.211
    +0.374   +2.083   +0.113   +3.626   -3.299   +2.039   -1.930   -1.352
    -2.155   -0.833   -0.475   +0.830   +0.360   -0.850   +0.081   -0.845
    -1.725   -1.054   -2.340   -0.846   +2.842   -2.459   -2.276   -0.109
    +1.188   +0.165   -1.758   -2.284   -0.820   -1.367   +0.396   +0.507
    +1.939   -0.086   -1.745   +1.944   +2.202   +1.715   +1.142   +1.708
    +0.213   -1.177   -1.264   -1.883   -1.051   -0.830   +0.568  -13.343
token ' are' question (strength 16.4):
    -0.371   +0.116   -0.201   -0.025   +0.286   -0.278   +0.096   -0.503
    +0.017   +0.658   -0.900   +0.350   -0.956   +1.331   -3.013   -1.045
    +0.873   +3.845   -1.044   +2.071   -2.146   -0.661   -0.425   +0.195
    +1.465   +1.252   +0.487   +0.418   +0.279   -0.725   +1.307   -1.867
    -0.312   +0.569   +0.500   +1.074   -0.455   -0.095   +0.168   +0.370
    +0.554   +0.130   -0.411   -0.628   +0.922   +1.536   +0.696   +0.103
    -0.081   -4.485   +2.249   +0.145   +3.373   -1.394   +0.770   +0.336
    +0.302   +0.645   +0.943   -1.461   +0.375   +0.504   +1.278  -12.955
token ' you' question (strength 18.2):
    -0.595   +0.150   -0.355   +0.718   +0.213   -0.466   +1.033   -0.958
    +0.415   +1.070   -0.984   -0.831   -0.738   -0.074   -3.743   -1.139
    +0.028   +2.461   -1.054   +2.474   -2.406   -1.029   +1.415   -0.595
    +1.331   +0.215   -0.979   +0.107   +0.610   -0.821   +2.129   -1.438
    -0.201   +0.263   +0.423   +0.785   -0.540   +0.461   +0.646   +0.559
    +1.803   -0.724   -1.231   -1.010   -0.617   +1.370   +0.102   +0.129
    -0.961   -3.489   +2.055   +0.967   +1.847   -2.442   -0.259   +2.095
    +1.529   -0.467   +1.089   -3.561   -0.191   -0.404   +2.189  -14.616

--- station 17 · head 1 ---
token 'how' question (strength 15.0):
    -0.216   -0.058   +0.121   +0.047   +0.044   +0.149   -0.002   +0.161
    -0.453   -0.490   -0.354   +0.367   -0.470   -0.046   -0.172   +0.339
    +0.766   -0.883   +0.019   -1.387   +2.725   -1.323   +4.599   +1.748
    +4.201   -0.705   +0.407   +0.098   +1.268   +0.181   +0.432   -2.237
    -0.254   -0.087   -0.095   -0.163   +0.118   -0.075   -0.174   -0.274
    -0.640   +0.213   +0.719   +0.374   -0.076   +0.131   +0.090   +1.131
    -0.577   -0.004   -0.534   +0.967   -0.419   -0.474   +0.848   +2.544
    -0.776   +0.763   -0.604   -0.207   +0.449   -0.632   +1.167  -12.065
token ' are' question (strength 15.8):
    +0.032   -0.160   +0.003   +0.075   -0.141   +0.099   -0.057   +0.089
    -0.247   -0.112   +0.111   +0.407   -0.212   -0.186   -0.199   -0.072
    -0.120   -0.388   +0.461   -0.441   +0.770   +0.370   +0.236   +1.885
    +0.934   +1.417   +1.499   -0.047   -0.955   +0.714   +0.342   +0.317
    +0.099   +0.059   +0.040   +0.018   +0.009   -0.049   -0.091   -0.199
    -0.342   +0.208   +0.267   -0.263   +0.155   +0.059   -0.257   -0.302
    -0.144   +0.559   +0.990   +0.478   -0.495   +0.179   -0.538   +0.558
    -0.636   +0.329   -0.530   -2.610   -3.031   +2.359   -0.771  -14.537
token ' you' question (strength 18.9):
    +0.212   -0.129   -0.046   +0.059   -0.182   +0.117   -0.057   +0.021
    -0.402   -0.197   +0.244   +0.427   -0.124   -0.297   -0.401   +0.017
    -0.064   -0.584   -0.054   -0.298   +1.291   -0.199   +0.778   +1.174
    +3.064   -1.315   +0.151   -1.975   +1.020   -0.096   -1.237   -3.482
    +0.053   +0.047   -0.062   -0.091   -0.018   -0.042   -0.088   -0.254
    -0.299   +0.446   +0.403   -0.413   +0.429   +0.180   -0.319   -0.215
    -0.270   +0.545   +1.091   +0.473   -0.359   +0.158   -0.407   +1.733
    +1.229   -0.484   +0.662   -4.889   -1.540   +0.939   +0.931  -16.888

--- station 17 · head 2 ---
token 'how' question (strength 17.0):
    +0.179   -0.782   -0.411   -0.538   -0.914   +1.184   +2.002   -0.116
    +1.600   +1.947   +0.187   -1.487   +1.800   +0.403   -1.088   -0.153
    -0.192   -1.772   +0.599   +3.215   -2.413   +1.431   -1.581   -0.434
    -2.030   -1.741   -0.255   +0.172   +0.426   +0.493   +0.829   -0.232
    -0.224   +0.360   -0.363   -0.416   +0.407   +0.423   +0.315   +1.815
    +2.244   -1.096   -2.500   -1.513   +0.088   -0.041   -0.541   +0.622
    +1.717   -0.370   +0.577   -0.920   +1.100   -0.108   -1.640   +0.418
    -0.088   +0.094   +0.434   -0.128   -1.037   +1.164   +2.735  -14.026
token ' are' question (strength 17.1):
    -0.065   +0.455   +0.361   +0.418   -0.251   +0.337   +0.661   +0.181
    +0.781   +0.073   -1.090   -0.908   -0.771   -0.029   -0.089   -0.435
    -0.166   +0.780   +0.975   +2.035   -0.460   -0.223   -1.026   +0.497
    +1.332   +1.868   +1.251   +0.578   -0.996   +0.357   +0.373   +0.399
    +0.035   -0.217   +0.164   -0.258   +0.000   +0.369   -0.003   +0.712
    +0.053   -0.898   -0.747   +1.191   -0.709   +0.311   +0.646   -0.088
    +0.347   -1.010   +0.921   -0.554   +0.851   -2.542   +1.688   +2.471
    -0.510   +0.874   +0.497   -2.426   -2.886   +2.221   -1.432  -15.021
token ' you' question (strength 20.8):
    -0.003   +0.032   +0.062   +0.158   -0.112   +0.283   +0.824   +0.307
    +1.142   +0.014   -1.274   -0.984   -0.885   -0.334   +0.754   -0.645
    -0.438   -0.252   +1.125   +2.222   -2.007   -0.568   +1.073   -0.910
    +1.263   -1.025   -1.327   -1.045   -0.150   -0.089   -1.115   -2.302
    -0.067   +0.540   +0.194   +0.002   -0.076   +0.188   +0.100   +0.809
    +0.305   -1.273   -0.879   +1.107   -1.335   +0.331   +0.169   -0.143
    +0.348   -1.297   +1.122   +0.073   +1.069   -2.128   +1.737   +3.102
    +2.613   -0.275   +1.316   -5.478   -1.047   +0.878   +1.568  -18.187

--- station 17 · head 3 ---
token 'how' question (strength 18.8):
    +0.190   +0.306   +0.410   +0.596   -0.148   +0.301   +0.278   +0.071
    +0.471   +0.721   +0.803   +0.288   -0.183   -0.827   +1.361   +2.305
    +0.131   -1.416   -1.726   +1.177   +1.096   +0.467   -0.021   -0.320
    +1.580   -0.135   +0.632   +0.545   +0.577   +0.674   +0.538   -2.342
    +0.277   -0.793   +0.129   +0.027   +0.211   +0.040   -0.202   +0.317
    -0.091   +0.218   -0.313   -0.525   +1.208   +0.856   -1.600   +2.225
    -1.147   -0.930   -1.091   -0.028   +3.531   -2.392   +2.641   +1.694
    -0.536   -0.431   -0.017   -1.294   +0.700   +0.366   +4.284  -16.154
token ' are' question (strength 17.2):
    -0.112   -0.171   -0.021   +0.044   -0.155   +0.278   +0.237   +0.157
    +0.458   -0.044   -0.497   -0.132   -0.204   +0.065   -0.210   -0.493
    +0.683   -0.465   +0.669   -0.665   +0.607   -1.981   +0.024   +0.826
    +1.369   +2.010   +2.716   +0.770   -1.693   -0.821   +1.103   +1.602
    -0.099   -0.117   -0.354   -0.235   +0.302   -0.070   -0.524   +0.150
    -0.408   -0.465   -0.041   +0.450   -0.298   -0.020   -0.052   -1.108
    -0.769   -0.168   +0.515   -0.067   +2.137   -1.029   +2.017   +2.194
    -0.348   +2.132   +0.664   -3.305   -2.350   +2.272   -1.204  -14.831
token ' you' question (strength 21.6):
    -0.019   -0.117   +0.008   +0.065   -0.190   +0.342   +0.012   +0.441
    +0.508   -0.326   -0.757   +0.052   -0.458   -0.289   +0.026   -0.386
    +1.092   -1.184   -0.298   -1.000   +0.801   -1.856   +0.584   -0.699
    +3.009   -1.250   -0.452   -1.497   -0.912   -0.687   +0.026   -2.438
    +0.102   -0.165   -0.157   -0.333   +0.393   -0.278   -0.757   +0.056
    -0.889   -0.603   +0.275   +0.802   -0.281   +0.019   -0.475   -1.085
    -0.591   -0.258   +1.044   -0.289   +2.323   -1.128   +1.523   +3.783
    +2.967   +0.925   +1.501   -7.477   -1.616   +0.821   +2.134  -18.169

--- station 17 · head 4 ---
token 'how' question (strength 13.4):
    +0.252   +0.541   +0.141   -0.143   -0.644   -0.751   +0.293   -0.257
    -0.234   +0.212   +0.827   +0.762   +0.269   -0.137   +0.002   -0.019
    +0.750   -0.524   +0.008   -0.681   +2.077   -1.038   +0.458   -0.680
    -0.124   -0.974   +0.186   +0.829   +1.971   +0.609   +0.329   +0.829
    -0.348   -0.094   +0.339   +0.543   -0.453   +0.679   +0.937   +0.151
    +0.615   +0.595   -0.422   -0.291   +1.482   +0.263   -0.943   -0.482
    -1.149   -0.275   +0.462   -1.699   +1.701   +1.520   +1.313   -1.600
    +0.154   -0.233   +0.119   -0.126   +0.914   +0.341   -1.953  -11.681
token ' are' question (strength 15.7):
    -0.158   +0.240   +0.286   -0.117   -0.383   +0.197   +0.398   +0.311
    +0.748   -0.027   -0.573   -0.428   -0.100   -0.187   +0.282   +0.213
    +0.614   -0.216   +0.536   +0.811   +0.210   -0.076   -0.407   +0.771
    +1.214   +1.301   +1.411   +0.178   +0.536   +0.700   +0.317   -1.811
    -0.052   +0.136   +0.121   -0.025   -0.125   +0.170   +0.042   +0.300
    +0.278   -0.787   -0.119   +0.439   -0.300   +0.153   +0.456   -0.197
    -0.347   -0.505   +0.817   -2.342   -0.405   -0.130   +1.256   +1.477
    +0.087   -0.389   -1.069   -2.066   -2.402   +2.475   -0.803  -14.285
token ' you' question (strength 19.3):
    +0.056   -0.012   +0.258   -0.268   -0.081   +0.374   +0.531   +0.594
    +0.864   -0.145   -1.060   -0.114   -0.670   -0.361   +0.396   +0.182
    +0.744   -0.397   +0.350   -0.149   -0.407   -0.331   +0.992   +0.147
    +2.316   -0.551   +1.060   -0.626   +3.386   -0.199   -2.018   -4.577
    -0.016   +0.147   -0.174   -0.324   +0.229   -0.168   -0.447   +0.352
    -0.140   -1.101   -0.107   +0.853   -0.414   -0.043   -0.146   -0.250
    -0.429   -0.623   +0.249   -2.512   +0.906   +0.031   +0.740   +1.975
    +2.473   -1.246   -0.931   -2.537   -1.284   +0.909   -0.511  -17.038

--- station 17 · head 5 ---
token 'how' question (strength 23.7):
    -0.596   -1.707   -3.773   +0.617   +1.823   -0.687   +0.702   +1.690
    +3.020   -1.405   -0.654   +0.715   -0.028   +1.904   +1.531   -2.268
    -1.684   +6.739   -0.943   +2.309   -2.355   -0.680   +0.339   +1.536
    -1.961   -0.365   -1.341   +1.250   +1.402   +0.508   -1.733   -3.756
    -1.984   +1.073   -3.226   -0.437   +5.510   -2.596   -2.688   -1.906
    +0.833   +2.863   -4.373   -1.770   +1.728   -5.201   +0.706   +3.231
    +1.398   +1.613   -1.689   -2.480   -1.094   +0.546   -0.803   -0.533
    -0.380   -0.211   +0.603   -0.252   +1.282   +0.245   -1.535  -16.374
token ' are' question (strength 18.1):
    +0.113   -0.350   -0.421   -1.040   +0.501   -2.344   +0.735   -0.334
    +1.515   -2.224   +1.641   +1.676   -0.428   +2.381   +1.098   +0.524
    +0.960   +5.157   -2.008   +4.679   +0.016   +0.147   -1.041   -0.293
    +0.401   +0.885   -0.064   -0.333   -0.107   -0.339   -0.436   -2.065
    +0.356   +1.477   +0.634   +1.719   -0.148   -1.892   +0.872   -0.341
    +1.510   -1.937   -0.396   -1.198   +1.231   +0.473   +1.252   +2.055
    +0.614   -1.563   +0.407   +0.056   -0.638   +0.293   +0.231   +0.510
    +0.541   -0.528   +0.740   -1.118   -1.120   +0.224   +0.643  -14.315
token ' you' question (strength 20.3):
    -0.194   +0.276   -0.606   -1.060   +0.505   -2.962   +0.529   -0.704
    +2.438   -2.278   +1.158   +3.319   -0.272   +1.463   +1.686   +0.137
    -1.191   +5.094   -0.930   +4.517   -2.201   -0.049   +0.423   -0.365
    +0.775   +1.109   -0.700   -0.254   +1.643   -0.661   -1.031   -2.987
    -0.781   +2.053   +0.300   +1.892   -0.312   -0.981   -0.199   -0.332
    +0.497   -2.184   -1.967   -2.142   -0.592   +0.382   -2.070   +2.435
    +0.565   -0.194   -1.057   -0.136   +0.485   -0.017   +0.597   +1.482
    +1.827   -0.823   +0.574   -1.125   -0.721   -0.157   +0.990  -16.053

--- station 17 · head 6 ---
token 'how' question (strength 18.4):
    +0.434   -1.566   -0.457   -1.077   -0.764   +1.225   +1.731   +0.220
    +2.360   +2.086   +0.482   -1.803   +1.327   +0.751   +0.953   +1.839
    -0.491   -0.983   +0.746   +0.831   -3.558   +0.478   -1.661   +0.081
    -0.132   -0.217   +1.368   +3.258   -0.376   +0.877   +0.484   -1.975
    -0.210   +0.608   -0.838   -1.110   +1.437   -0.232   -0.477   +1.741
    +2.296   -1.497   -1.797   -1.625   +1.001   +0.679   -0.764   +1.650
    -0.954   -1.204   -0.211   +1.719   +3.151   -0.464   +2.924   +1.540
    -0.371   -1.180   -1.627   -2.041   -0.284   -0.697   +0.920  -14.514
token ' are' question (strength 15.3):
    +0.107   +0.137   +0.444   -0.286   +0.091   +0.080   -0.031   +0.212
    +0.492   -0.026   +0.158   -0.708   -0.440   +0.664   +0.214   -0.761
    +1.388   +0.643   +0.446   +0.604   -1.352   -0.688   -0.188   -0.137
    +0.312   +1.531   +2.423   +0.187   -0.927   -0.756   -0.356   +1.153
    +0.268   -0.056   +0.233   +0.625   +0.238   +0.023   -0.120   -0.022
    +0.185   -0.289   -0.146   +0.330   -0.089   +0.255   -0.096   -0.342
    +0.125   -1.484   +1.356   -0.529   +0.983   -1.573   +1.832   +2.484
    +0.629   +1.962   +0.814   -1.824   -0.442   +1.538   -0.580  -13.599
token ' you' question (strength 18.5):
    +0.316   +0.091   -0.069   -0.706   +0.362   +0.069   -0.040   +0.329
    +0.441   +0.169   -0.584   -0.914   -0.295   +1.055   -0.098   -0.282
    +0.237   +0.424   -0.170   -0.266   -2.233   -0.875   +1.066   -1.014
    +1.774   -0.085   +0.876   -0.257   +1.053   -0.635   +0.135   -2.446
    +0.065   +0.247   +0.056   +0.505   +0.585   -0.197   -0.524   +0.128
    +0.110   -0.485   -0.958   +0.365   -0.363   +0.051   -0.423   +0.217
    +0.465   -2.630   +1.839   +0.373   +1.621   -1.297   +0.362   +2.113
    +2.390   +0.794   +0.798   -3.217   -1.097   +0.384   +0.546  -16.679

--- station 17 · head 7 ---
token 'how' question (strength 16.5):
    +0.138   -0.164   -0.003   -0.342   +0.181   -0.092   +1.102   -1.316
    +1.204   -0.673   +0.394   -0.224   -1.153   -0.296   +1.762   -1.730
    -1.221   -1.033   -0.327   -2.706   -5.370   +1.721   -3.204   +0.863
    -2.114   +0.699   -1.541   -0.509   -0.868   +1.702  -11.055   -3.355
    +0.041   +0.067   +0.217   +0.088   +0.333   +0.017   -0.573   +0.004
    +0.340   +0.570   +1.533   -0.635   -0.195   -0.565   +1.360   +2.297
    -0.537   +2.026   -1.295   -0.347   -2.898   +0.543   +3.428   +1.314
    -1.576   +1.535   -2.013   +1.363   -1.786   +1.706   +2.203   +0.327
token ' are' question (strength 11.2):
    -0.047   -0.157   +0.086   -0.006   +0.111   +0.172   +0.258   +0.374
    +0.103   -0.203   -0.002   +0.292   -0.538   -0.659   +1.633   +1.130
    +0.403   -0.387   -1.299   -3.145   -1.816   +0.122   +0.191   +2.584
    +0.223   -1.100   +0.058   +0.887   -0.856   +1.921   -8.601   +0.448
    +0.334   -0.144   -0.152   -0.074   -0.158   -0.271   +0.153   +0.120
    +0.300   -0.205   +0.575   -0.004   -0.286   +0.045   -0.133   -1.106
    -0.632   +0.010   -0.401   +2.122   +0.997   -1.397   +1.119   +0.748
    -0.999   -1.363   -1.467   +0.128   +0.385   -0.776   +0.803   +0.041
token ' you' question (strength 12.6):
    -0.149   -0.016   -0.237   -0.134   +0.225   -0.032   +0.483   -0.367
    +0.473   -0.833   +0.516   -0.089   -0.449   +0.298   +1.003   +1.677
    +0.606   -0.420   -1.663   -2.403   -0.952   -0.312   +0.744   +1.740
    +0.751   +1.316   +0.138   +2.718   -2.000   +0.882  -10.150   +0.170
    +0.299   -0.110   +0.014   -0.006   +0.050   -0.399   +0.216   +0.281
    +0.378   +0.142   +0.533   -0.126   +0.086   -0.213   -0.052   -1.353
    -0.169   -0.146   -0.644   +2.247   +0.048   -2.220   +0.237   +2.023
    -0.708   +1.241   +0.921   -0.450   +0.163   -0.656   +1.398   -0.212

--- station 17 · head 8 ---
token 'how' question (strength 14.7):
    +0.595   +0.501   -0.175   +1.499   -1.064   +1.607   -1.169   +1.292
    -1.777   +0.646   -1.680   +0.029   -0.660   -0.905   +0.519   -2.578
    -0.680   -0.662   +1.835   -4.593   -2.651   -1.566   +0.772   -0.523
    -1.127   +0.325   +0.174   -0.703   -0.056   -0.095  -10.809   -0.061
    -0.367   -0.482   -1.863   -0.017   -1.231   +1.092   +0.803   -0.397
    -0.024   -0.524   +0.008   -0.893   -0.780   -0.160   +0.808   -0.428
    -0.595   -0.523   +1.273   +2.751   -2.176   -0.690   +0.439   -0.629
    +0.817   -0.120   +0.275   -0.041   +0.670   +0.892   +2.941   -1.534
token ' are' question (strength 14.5):
    -0.331   +0.071   +0.709   +0.571   -0.638   +0.429   -1.175   +0.696
    -0.489   +0.769   -0.965   +0.271   -1.002   -0.138   +1.644   +0.021
    -2.388   +2.190   +0.433   -5.123   -3.124   -1.027   +0.383   +1.266
    +0.638   -0.607   -0.011   +0.888   -0.918   +0.204  -11.310   +0.127
    +0.552   -0.427   -0.508   +0.405   -1.912   +0.681   -0.228   -1.162
    +0.992   +0.378   +0.277   -0.903   +0.307   -0.020   -1.094   -0.291
    -1.684   -0.280   +0.204   +1.042   -0.850   -0.408   +0.128   +1.342
    -0.711   +0.238   -0.681   -0.462   -0.279   -0.482   +1.366   -1.191
token ' you' question (strength 17.3):
    -0.053   +0.011   +0.595   +0.802   -1.116   +0.843   -0.656   +0.570
    -0.897   -0.174   -0.129   +0.101   -0.394   +1.189   +0.233   +0.614
    -2.789   +2.674   +0.981   -5.717   -3.127   -1.093   +1.179   +1.749
    +0.818   +0.385   +0.570   +1.260   -0.289   +0.899  -13.548   -0.131
    +0.226   -0.632   -1.481   -0.255   -1.555   +0.121   +0.626   -0.620
    +1.002   +0.839   +0.312   -0.728   -1.015   +0.465   -2.325   -0.419
    -0.133   -0.597   +1.110   +1.495   -2.081   -0.503   -0.194   +1.829
    -0.523   +1.144   +0.011   -0.556   -1.561   -0.002   +2.702   -1.574

--- station 17 · head 9 ---
token 'how' question (strength 15.9):
    -0.124   +0.135   -0.089   +0.152   -0.009   +0.165   -0.472   +0.174
    -0.366   +0.214   -0.160   +0.241   -0.048   -0.344   -0.306   -1.955
    +0.323   +0.023   +1.138   +0.118   +0.067   -0.873   +2.938   +3.156
    -0.444   +1.024   -0.106   +0.267   +0.990   -1.033  -12.821   -2.780
    +0.050   -0.120   +0.099   -0.054   +0.080   -0.186   +0.281   +0.101
    -0.257   -0.078   +0.078   -0.211   -0.408   -0.465   +0.618   +1.103
    -0.665   -0.133   -1.032   +0.695   +2.882   -1.825   +1.655   -1.333
    -2.956   -0.739   -1.534   -0.309   -0.841   -0.499   +4.008   -1.576
token ' are' question (strength 12.8):
    -0.054   +0.101   +0.102   +0.159   -0.004   +0.295   -0.363   +0.202
    -0.377   +0.165   -0.504   +0.073   -0.109   -0.379   +0.511   +0.223
    +0.770   +0.795   -0.465   -0.609   -0.963   -1.135   -0.220   +2.280
    +0.389   -1.170   +0.126   +2.965   -2.079   +1.228  -10.750   +1.274
    -0.077   -0.137   +0.047   +0.146   -0.303   +0.280   +0.110   +0.059
    -0.013   -0.361   -0.023   -0.056   -0.479   +0.172   -0.228   -0.544
    +0.105   +0.783   +0.237   +0.736   +1.358   -0.026   +0.559   -0.505
    -0.409   -1.913   -2.161   +0.012   +1.068   -1.810   +0.795   -1.678
token ' you' question (strength 16.1):
    +0.019   +0.155   +0.095   +0.121   -0.017   +0.428   -0.555   +0.417
    -0.409   +0.522   -0.455   +0.174   +0.056   -0.550   +0.752   +0.099
    +1.181   +0.331   -0.977   -0.267   -0.852   -1.319   +0.375   +1.828
    +0.781   +3.651   +1.769   +5.396   -2.599   -0.263  -12.885   -0.740
    -0.019   -0.116   -0.027   +0.127   -0.285   +0.402   -0.028   +0.158
    -0.254   -0.219   -0.157   +0.077   -0.391   +0.148   -0.042   -0.505
    -0.021   +0.694   -0.107   +0.770   +1.761   -0.382   +1.110   +1.537
    -0.851   +0.047   +0.314   -1.804   -0.877   -2.021   +2.705   -2.241

--- station 17 · head 10 ---
token 'how' question (strength 16.4):
    -0.159   +3.398   +2.124   +2.764   -0.547   -0.461   -4.764   +0.675
    -2.282   +0.880   +0.084   +2.307   -0.449   -0.520   +1.075   -1.477
    +2.035   -0.738   +0.531   -2.848   -0.946   -0.467   -0.345   +0.441
    -0.477   -0.691   -0.159   -0.295   -0.568   -0.354  -10.116   -0.839
    +2.708   -0.273   -1.462   +5.207   -1.807   +2.085   +0.958   -0.549
    -2.733   -1.890   +0.538   -1.056   -0.663   +0.386   -1.136   +0.045
    -0.348   +0.686   +0.285   -2.166   -3.037   +0.163   +0.174   +0.102
    -0.280   +0.245   -0.036   +0.475   -1.042   +1.730   +2.866   -0.660
token ' are' question (strength 15.4):
    -0.949   +2.239   +2.422   +1.449   +0.389   -0.602   -2.711   +2.211
    -1.609   +1.136   +0.588   -0.053   -1.930   -0.658   +0.935   +0.265
    -0.484   +0.232   +0.456   -4.470   -0.111   -0.312   -0.204   +0.603
    +0.299   -0.502   -0.223   +0.183   -0.483   +0.564  -10.404   -0.498
    +0.466   -0.443   +0.014   +2.717   +1.131   +1.516   +0.860   +0.899
    -0.893   -1.797   +2.283   -2.465   +1.025   +1.587   -4.301   -0.082
    -0.043   +1.285   -0.284   -0.230   -2.853   +0.464   -1.226   +0.966
    -0.224   +0.388   -0.105   -0.293   -0.686   +0.397   +2.157   -1.454
token ' you' question (strength 16.9):
    -1.382   +0.416   +2.014   +2.542   -0.565   +0.315   -3.388   +1.907
    -2.571   +1.257   -0.052   -0.340   -1.963   +0.499   +0.775   +0.296
    -0.284   -0.516   +0.422   -4.462   +0.767   -0.120   -0.402   +0.175
    +0.846   -0.440   -0.268   +0.182   -0.951   +0.402  -10.635   -0.313
    +2.295   -0.630   -2.171   +2.802   +1.899   +3.178   +1.687   +1.261
    -0.519   -2.537   +3.264   -2.723   +1.324   +1.171   -4.931   +0.483
    -0.717   +0.184   +0.044   -0.219   -3.146   +0.710   -1.466   +1.051
    +0.111   +0.334   -0.142   -0.166   -0.700   +0.692   +1.786   -0.932

--- station 17 · head 11 ---
token 'how' question (strength 18.7):
    -0.143   -0.232   +3.369   +0.733   +0.611   -1.675   -2.419   +0.952
    -0.690   +0.840   -0.236   -1.161   +1.469   -0.897   -1.375   -3.352
    -1.574   -0.913   -0.042   -2.547   -3.284   +0.039   -0.520   +0.556
    -0.812   -0.725   -0.470   -0.085   +0.362   +0.461  -10.583   +0.679
    +2.418   -2.337   -0.012   +4.111   -3.254   +4.141   -3.480   +1.818
    -3.016   +2.499   +1.069   +0.029   +5.024   +0.059   +1.050   +1.895
    -1.476   +1.419   -0.695   -2.020   -5.263   +0.768   +0.423   +2.091
    -0.211   +0.652   +1.237   +0.893   -0.594   +0.201   +3.213   -0.977
token ' are' question (strength 13.2):
    +0.182   +0.055   -0.156   +0.366   -0.005   +0.885   -0.106   -0.153
    +0.516   -1.692   -0.601   -0.828   -2.046   -0.091   +0.534   +1.801
    -1.882   -0.812   -1.171   -3.458   -0.570   +0.343   -0.924   +0.903
    +0.522   -0.565   +0.548   +0.128   -0.711   +0.627  -10.075   +0.446
    -0.084   +0.311   -0.739   -0.132   -0.244   -0.260   +0.510   -0.736
    -0.272   -1.976   +1.287   -0.589   +1.470   +0.216   -3.032   +1.490
    +0.256   +1.817   +1.243   -1.503   -0.892   +0.251   -0.779   +1.261
    -0.254   -0.260   -0.338   -0.485   -0.755   +0.073   +2.244   -0.841
token ' you' question (strength 14.7):
    +0.220   -0.380   -0.286   +0.322   -0.247   +0.801   +0.561   -0.463
    +0.453   -2.266   -0.060   -1.714   -2.790   +1.900   -1.455   +1.699
    -1.782   -0.864   -0.137   -3.395   +0.562   +0.131   -0.631   +1.216
    +0.876   -0.340   +0.397   +0.671   -1.159   +0.613  -11.220   +0.294
    -0.022   +0.259   -0.662   -0.605   -0.060   -0.653   +0.985   +0.175
    +0.336   -1.727   +0.571   -0.071   +0.425   +0.343   -2.557   +0.805
    +0.858   +1.288   +0.824   -2.198   -2.988   +0.170   -1.255   +2.086
    -0.572   +0.707   +0.133   -0.445   -1.356   -0.129   +2.174   -0.752

--- station 17 · head 12 ---
token 'how' question (strength 13.9):
    +0.029   -0.108   -0.280   -0.291   +0.177   -0.843   +1.266   -0.997
    +1.310   -2.219   +0.240   -0.593   -1.007   -1.580   +0.346   -1.402
    -0.312   +0.124   -0.191   +0.834   -3.077   -0.322   +0.430   +1.435
    -1.022   -0.192   -0.965   -0.121   -0.621   -1.417  -10.939   -2.957
    -0.173   +0.203   -0.061   +0.001   +0.379   -0.266   -0.408   -0.175
    +0.855   +0.714   +1.975   -1.490   -0.999   +0.479   +0.063   +1.578
    -0.026   +1.977   -1.437   -1.486   +0.032   -1.163   +1.268   -0.302
    -1.598   +0.307   +0.302   +1.546   -0.446   -0.774   +1.391   -0.709
token ' are' question (strength 14.3):
    +0.229   +0.013   -0.066   -0.010   -0.108   -0.180   +0.086   -0.232
    +0.458   -0.114   +0.808   -0.519   +0.182   +0.974   -0.327   +0.656
    -0.621   -1.702   -1.233   -1.039   +0.438   -0.303   -1.272   +2.548
    -0.764   -0.871   -0.270   +3.108   -2.212   +0.434  -10.863   +2.943
    -0.036   -0.012   -0.043   -0.063   +0.126   +0.078   -0.225   +0.352
    -0.082   +0.813   -0.270   +0.454   +1.107   +0.002   +0.236   -0.160
    -0.288   +0.249   +0.830   +1.014   +0.603   -1.496   +1.130   +2.518
    -0.016   -1.577   -1.731   +0.486   +1.300   -3.071   +0.731   -3.620
token ' you' question (strength 16.9):
    +0.261   -0.189   +0.014   +0.106   -0.297   -0.243   +0.045   +0.019
    +0.549   +0.075   +0.943   -0.610   +0.466   +1.081   -0.601   +0.882
    +0.266   -1.994   -1.751   -0.936   -0.184   -0.445   +0.076   +1.649
    +0.776   +3.499   +0.857   +5.477   -2.030   +0.324  -12.828   +1.331
    -0.146   +0.020   +0.054   -0.025   -0.004   +0.023   -0.065   +0.474
    -0.177   +1.004   -0.539   +0.740   +0.906   +0.081   +0.555   +0.196
    +0.272   +0.180   +0.879   +1.149   +0.118   -1.320   +0.147   +3.799
    -0.638   +0.935   -0.215   -0.428   -1.912   -1.295   +3.080   -4.065

--- station 17 · head 13 ---
token 'how' question (strength 12.4):
    +0.370   -0.297   -1.002   -0.123   -1.390   +2.878   -0.063   -0.564
    -1.151   -0.537   -1.925   -0.135   -0.113   +0.133   -0.932   -1.063
    -0.281   -1.069   +2.194   -3.629   -0.953   +0.570   -0.842   +0.042
    -0.114   +0.153   -0.256   -0.804   -1.118   -0.113   -8.975   -1.507
    +0.199   +0.601   -0.634   -0.961   +0.507   -0.494   +0.736   -2.270
    +0.009   -1.631   +0.507   +0.078   -0.637   +0.816   -0.331   +0.595
    -0.722   -0.655   -0.177   +0.233   -2.505   +0.721   +0.795   +0.234
    -0.902   +0.291   -1.487   -0.368   -1.290   +0.263   +1.883   -0.462
token ' are' question (strength 10.6):
    +0.357   -0.262   +0.130   +0.313   -0.195   +0.456   +0.086   +0.554
    +0.175   +0.031   +0.092   +0.128   -1.056   +0.164   +0.748   +0.330
    +0.262   +0.128   -0.601   -3.614   -0.963   -0.555   -0.496   +1.088
    +0.323   -0.473   +0.050   +0.792   -1.146   +0.785   -8.959   +0.252
    +0.374   -0.296   -0.531   +0.022   -0.420   +0.045   +0.079   +0.425
    +0.628   -0.697   +0.483   +0.032   -0.247   +0.466   -0.779   +0.272
    -0.346   -0.501   -0.288   -0.025   -0.691   +0.142   +0.189   +1.448
    -0.258   -0.282   -0.969   +0.091   +0.001   -0.631   +1.308   -0.800
token ' you' question (strength 11.7):
    +0.318   -0.402   -0.380   +0.361   -0.425   +1.010   +0.142   +0.390
    -0.155   -0.270   +0.229   +0.323   -0.825   +0.442   -0.030   +0.608
    +0.470   +0.314   -0.212   -3.804   -0.644   -0.576   -0.554   +1.052
    +0.797   +0.665   +0.674   +1.519   -1.041   +0.607   -9.602   +0.035
    +0.322   +0.137   -0.588   -0.243   -0.618   -0.357   +0.631   +0.463
    +0.763   -0.466   +0.303   -0.286   -0.864   +1.009   -0.658   -0.063
    +0.059   -1.070   -0.111   +0.148   -1.212   -0.387   +0.112   +2.223
    -0.286   +0.853   -0.165   -0.243   -1.258   -0.047   +1.616   -1.556


############ STATION 18 ############

--- station 18 · head 0 ---
token 'how' question (strength 17.4):
    +0.939   -3.592   -2.396   -2.742   +0.836   +0.955   -2.789   +0.714
    -3.741   -0.399   -2.666   +0.000   -3.525   -0.467   +0.505   -0.613
    +0.707   +0.245   +4.957   +0.928   +0.685   -0.760   +1.926   -1.713
    -0.251   +3.653   -1.134   -0.254   -0.702   -0.010  +10.223   +3.617
    -1.377   -0.507   +0.928   +0.538   +2.911   +3.259   +0.213   -1.515
    -0.669   +0.488   -0.255   -0.260   -0.237   +0.171   -3.922   +0.013
    -2.195   +0.271   +0.640   +0.257   +1.255   -1.154   -0.954   -0.927
    +2.593   -1.730   -0.991   -0.923   -0.526   -0.437   +0.374   +1.220
token ' are' question (strength 16.8):
    +0.774   -2.309   -0.828   -1.207   +0.059   -0.050   -1.514   +0.716
    -2.125   +0.884   -2.117   -0.336   -1.554   -0.995   +0.217   +0.892
    -1.221   +1.342   +1.540   +0.166   +0.496   -0.914   +1.379   +0.754
    -2.684   +3.286   -1.183   -1.004   +1.713   -0.344  +13.229   +2.679
    -1.049   +0.369   +1.562   -0.850   +2.207   +2.253   -0.601   +0.987
    -0.467   -0.269   -0.290   -1.066   -0.079   -1.415   -1.123   -1.811
    -0.451   +0.969   +0.059   -0.615   -0.387   -0.231   -0.840   +0.304
    -2.084   -1.167   -1.603   -0.280   +1.038   -0.827   +1.359   +1.756
token ' you' question (strength 15.6):
    +0.793   -1.554   -0.311   -1.349   +0.113   +0.201   -1.423   +1.111
    -1.911   +0.630   -3.009   -0.619   -1.236   -1.215   +0.654   +1.675
    +0.429   +1.202   +1.712   +1.295   +1.234   -2.842   +0.800   +0.679
    -2.836   +4.058   -0.863   +0.238   +1.315   -0.327  +11.260   +2.458
    -0.998   +0.689   +0.705   -1.221   +1.778   +1.596   -0.846   +0.483
    -1.566   +0.362   -0.375   -0.169   +0.960   -0.942   -0.316   -1.560
    -0.996   +1.432   -1.044   -1.809   -0.005   -0.128   +1.085   -0.636
    -0.725   -1.632   -1.319   -0.570   +1.771   +0.122   +2.001   +0.957

--- station 18 · head 1 ---
token 'how' question (strength 15.1):
    -0.406   -1.335   -0.745   -0.569   +1.367   +0.640   -1.566   -0.043
    -1.784   +0.562   -0.310   -0.886   -0.104   +0.777   -0.550   +1.312
    -0.996   -1.376   +1.233   -0.476   -0.735   +0.352   +0.344   +0.481
    +2.000   +2.822   +0.782   -3.054   +0.167   +3.425   +8.501   +4.536
    -1.287   +1.003   +1.774   +1.163   +1.368   +1.602   +0.423   -0.110
    -0.281   +0.033   +0.090   -1.746   +0.368   -1.447   -2.777   -0.166
    -0.394   -0.141   -0.528   -0.467   +0.596   +0.489   +0.120   -0.179
    +0.403   -0.642   +0.860   +5.577   -2.248   +3.010   +1.139   +2.593
token ' are' question (strength 14.0):
    +0.610   +0.172   -0.655   -0.626   -0.198   +0.190   -0.334   +0.412
    -0.700   +0.612   -0.735   -1.208   -0.947   -0.759   +0.177   -1.222
    -0.350   -0.443   +2.258   +0.763   -0.761   -1.704   -0.507   +0.392
    -0.788   +4.927   -2.228   -2.324   +0.993   +1.892   +8.945   +4.013
    -0.370   -0.247   -0.160   -0.045   +1.263   +0.225   -0.283   -0.516
    +0.427   +1.027   -0.818   -2.680   +0.115   -1.401   -2.268   -1.092
    +0.004   +2.707   -0.056   -0.433   +0.128   -0.024   -1.091   +0.299
    -0.914   +0.187   +0.015   +2.040   -0.868   +2.404   +1.235   +1.522
token ' you' question (strength 13.7):
    +0.118   +0.303   -0.714   -0.974   -0.274   -0.182   -0.406   +0.011
    -0.467   +0.943   -0.637   -1.358   -0.589   -1.285   +0.483   -1.329
    -0.058   -0.592   +1.954   +0.433   -0.274   -2.078   -0.210   +1.434
    -0.111   +4.183   -2.704   -1.853   +1.333   +1.623   +8.641   +3.515
    -0.523   -0.131   -0.385   +0.193   +0.825   +0.189   -0.890   +0.102
    -0.188   +0.428   -0.625   -1.386   -0.420   -1.860   -2.096   -0.470
    -0.657   +2.255   +1.165   +1.483   +0.268   +0.519   -0.672   +0.290
    -1.861   +0.252   +0.393   +0.576   -0.209   +2.927   +3.307   +1.184

--- station 18 · head 2 ---
token 'how' question (strength 13.8):
    +0.382   -0.730   -2.031   -1.309   +0.930   +0.366   -1.971   -0.351
    -2.155   -1.473   -1.410   -0.945   -0.686   +1.065   -0.470   +1.346
    -0.374   +0.707   +1.644   +0.031   -0.837   -0.455   +1.622   +1.216
    +1.146   +1.780   +1.478   +0.287   +0.030   +3.403   +7.816   +5.899
    -1.495   +2.173   +1.362   +0.991   +2.021   +1.715   +0.584   +0.646
    +0.911   +0.199   -0.775   -1.408   -0.074   +0.164   -2.390   +0.370
    -1.334   +1.682   -0.765   +0.321   +0.250   +0.434   -0.793   -0.190
    +1.631   +0.641   -0.349   +2.360   +0.070   +0.116   -1.008   +0.739
token ' are' question (strength 15.6):
    +0.003   -0.862   -0.492   -1.035   +0.653   +0.115   -0.588   +0.874
    -0.158   +0.161   -1.809   -2.555   +0.276   +0.131   +0.188   -0.796
    -1.500   -0.428   +1.914   -0.663   +0.125   -3.019   -0.108   -0.597
    -1.336   +4.752   -0.274   +0.028   -0.316   +2.562  +10.373   +4.782
    -0.272   -0.053   +0.034   -0.632   +1.421   -0.015   +0.159   -0.069
    +0.249   +1.128   -1.256   -2.538   +0.259   -2.720   -3.155   -0.329
    -0.911   +0.983   +1.086   -1.593   -1.044   +0.296   +1.574   +0.499
    -1.870   +0.543   -0.655   +1.675   +1.998   +0.826   +0.716   +0.047
token ' you' question (strength 14.4):
    +0.549   -0.634   -0.541   -1.484   +0.804   -0.794   -1.452   +0.558
    -0.261   +1.223   -1.641   -2.269   -0.050   -0.257   +0.645   -0.038
    -1.123   -0.489   +2.749   +0.244   +0.338   -2.560   +0.042   +0.033
    -0.259   +4.376   -0.350   -0.044   -0.446   +1.603   +8.686   +4.673
    -0.072   +0.019   +0.150   -1.113   +1.573   +0.013   -0.142   -0.153
    +0.021   +1.455   -1.968   -2.631   +0.098   -2.882   -2.902   -0.331
    -1.917   +1.724   +0.429   -0.729   -0.596   +0.564   +1.547   -0.384
    -1.552   +0.431   -0.620   +1.349   +2.124   +0.519   +0.560   -0.936

--- station 18 · head 3 ---
token 'how' question (strength 15.4):
    +1.290   +0.302   +0.069   +0.081   +0.898   -0.516   -0.388   -0.218
    -2.911   -0.018   -0.443   -1.905   -1.660   +0.123   -0.353   -0.625
    +0.498   -0.849   +5.841   +0.053   -0.762   -1.382   -0.134   -1.387
    +0.357   +4.457   +1.433   -1.442   -1.629   +1.058   +8.963   +0.916
    +1.207   -0.731   +1.065   -1.309   +1.408   +1.676   +1.109   -1.213
    +1.190   +1.676   -0.797   -2.578   +0.066   -0.315   -3.210   -0.736
    -0.972   +2.224   -0.075   -2.404   +1.676   +1.798   -0.405   -1.713
    +1.204   -0.462   -1.223   +0.401   +0.852   +2.624   +0.141   +1.567
token ' are' question (strength 17.4):
    +1.578   -0.717   -0.872   +0.530   -0.027   +0.072   -2.307   +1.769
    -3.744   +0.737   -3.356   -1.993   -2.665   -0.930   +0.990   -0.709
    -0.274   -1.089   +4.309   -1.002   +0.234   -3.595   -0.990   -0.251
    +0.289   +5.116   -0.436   -0.042   -0.789   +0.579  +10.565   +1.632
    -0.036   -0.730   +0.752   -0.536   +2.985   +0.476   -0.221   -0.417
    -0.771   +0.815   -0.135   -1.596   -0.219   -2.428   -3.436   -1.881
    -2.103   +2.146   -0.222   -1.414   +1.043   +1.042   -1.757   +0.349
    -0.893   +0.469   -2.285   +1.094   +0.337   +2.329   +1.890   +2.298
token ' you' question (strength 16.4):
    +0.221   -0.535   -0.585   -0.181   +0.183   -0.787   -2.122   +1.008
    -3.387   +1.137   -1.859   -1.737   -2.903   -1.772   +1.225   -0.811
    -0.740   -0.925   +3.410   -0.352   -0.682   -3.507   -0.712   -0.028
    +0.403   +4.625   -0.530   +0.078   -0.813   +0.851  +10.354   +1.187
    +0.178   -0.471   +0.696   -0.163   +2.127   +0.507   +0.259   +0.910
    +0.133   +0.935   -1.128   -1.637   -0.320   -1.785   -3.771   -1.997
    -1.779   +2.716   -1.006   -1.587   +1.248   +1.248   -1.581   +0.937
    -0.476   +0.389   -2.328   +0.883   +1.039   +1.853   +1.813   +1.982

--- station 18 · head 4 ---
token 'how' question (strength 18.1):
    +0.679   -1.273   -1.159   +0.211   +0.915   -1.529   -2.087   +1.646
    -1.592   +1.816   -1.682   +0.323   -2.126   -0.943   +0.451   +0.602
    +0.542   +0.912   +2.705   -0.507   +0.291   -0.994   +2.206   +0.866
    -0.036   +0.669   -1.537   +1.615   -2.065   -2.300  +14.016   +0.446
    -0.545   +0.158   +1.158   +1.800   +2.070   +0.941   +1.453   -0.629
    +0.194   +0.465   +0.833   -1.279   +0.089   -0.495   -1.668   -1.277
    -1.321   +0.442   +0.468   -1.250   +1.176   -1.361   -0.439   -0.637
    +1.387   -0.118   -1.902   -0.645   -0.208   +4.240   -3.866   +2.717
token ' are' question (strength 16.7):
    +0.045   -0.841   +0.161   -0.234   +0.633   -0.785   -0.935   +1.276
    -0.217   +1.436   -1.491   +0.400   -1.855   -0.729   +0.041   -0.326
    -1.186   +0.252   +0.331   -0.398   +1.268   -1.365   +1.036   +2.344
    +0.037   +1.639   +0.093   +0.611   -0.111   -2.235  +14.251   +0.931
    -0.590   -0.391   +0.106   +1.486   +0.469   -0.227   +0.331   +0.748
    +0.431   +0.038   +0.324   -0.136   +0.004   -1.686   -0.852   -2.620
    -0.915   +0.673   -0.224   +0.281   +0.238   +0.088   +0.491   -0.379
    -2.008   -0.661   -2.809   +0.983   +0.287   +1.782   +0.038   +2.824
token ' you' question (strength 15.6):
    +0.126   -0.402   +0.245   -0.578   +0.413   -0.459   -0.778   +0.917
    +0.056   +1.767   -1.422   +0.022   -1.359   -0.831   +0.525   -0.114
    -0.955   +0.343   -0.508   -0.277   +0.354   -2.051   +0.997   +0.726
    -0.181   +1.207   -1.169   +1.951   +1.325   -1.540  +13.616   -0.090
    -0.285   -0.415   -0.226   +0.910   +0.352   -0.263   +0.284   +0.385
    +0.093   +0.383   -0.333   -0.109   -0.041   -1.492   -0.448   -2.147
    -0.972   +0.225   +0.076   +0.796   +0.069   -0.273   +0.199   -0.007
    -0.766   -1.613   -2.214   +1.030   -0.034   +1.962   -0.086   +2.634

--- station 18 · head 5 ---
token 'how' question (strength 14.1):
    +0.570   -0.480   -0.169   -0.138   +0.350   -0.680   -0.748   +0.457
    -0.171   +0.966   -0.455   -0.795   -0.582   -0.977   -0.347   -0.517
    +0.852   +1.027   +0.665   -0.668   +0.212   +0.299   +0.824   +0.794
    +0.019   -1.213   +0.677   -0.949   +0.438   +1.658  +11.832   -2.132
    +0.174   +0.126   +0.749   +1.581   +0.313   +0.460   +1.564   -0.350
    +0.769   -1.132   +0.174   -0.802   +1.271   -1.070   -0.397   -1.184
    -0.742   -0.151   -0.690   -0.131   +0.547   -0.216   -0.435   -0.827
    +0.507   -1.198   -0.877   -0.802   -0.302   -1.845   +4.018   -0.667
token ' are' question (strength 15.1):
    -0.044   -0.329   -0.011   +0.485   +0.162   -0.192   -0.002   -0.286
    +0.092   +0.889   -0.672   -0.360   -0.851   -0.838   -0.270   -0.388
    -0.032   +0.793   +0.840   -1.603   +1.392   -0.535   +1.244   +1.089
    -2.116   +1.138   -0.151   -0.243   +1.358   -0.751  +11.330   +1.211
    -0.134   +0.325   -0.236   +1.192   -0.350   +0.027   +0.565   -0.231
    +0.204   -0.503   +0.238   +0.261   +0.933   -1.312   -0.273   -1.585
    -0.005   +1.391   -0.370   +0.504   +0.267   +0.627   +1.547   -0.053
    -3.388   -0.319   -1.880   -2.874   -0.031   -1.073   +6.260   +0.539
token ' you' question (strength 14.3):
    +0.476   -0.027   -0.123   +0.938   +0.152   -0.043   +0.342   -0.219
    +0.393   +0.690   -0.786   -0.424   -0.655   -1.131   -0.248   -0.367
    -0.133   +0.003   -0.169   -1.346   +1.915   -0.526   +1.176   +0.144
    -1.223   +1.297   -2.247   +0.609   +0.950   +0.497  +11.108   +0.535
    -0.171   -0.407   -0.079   +0.670   -0.402   -0.071   +0.300   -0.204
    -0.097   -0.421   +0.095   +0.368   +0.729   -1.313   -0.069   -1.427
    -0.357   +1.228   -0.677   +0.262   -0.672   +0.296   +0.481   -0.500
    -1.428   -1.131   -2.353   -0.117   +0.118   +0.046   +6.492   -0.297

--- station 18 · head 6 ---
token 'how' question (strength 16.4):
    +0.104   -1.052   +0.016   -0.082   +0.747   -0.790   -0.996   +0.885
    -0.158   +1.202   -0.790   -0.802   -0.538   -0.856   +0.829   -1.378
    -0.760   +1.040   +0.645   +0.918   +1.144   +0.874   +1.918   +0.665
    -0.891   -0.727   +0.447   -0.082   +1.264   -0.791  +13.095   -3.825
    -0.251   -0.548   +0.412   +0.379   +1.178   +0.644   +1.448   -0.643
    +0.129   -1.229   -0.179   -0.819   +1.725   -0.661   -0.961   -1.080
    -0.567   -1.226   -0.221   -0.192   +2.059   -1.496   -1.118   -3.066
    +1.939   -0.641   -1.609   +1.425   -1.271   +2.592   +1.067   +2.895
token ' are' question (strength 15.9):
    -0.390   -0.913   -0.479   +0.282   -0.036   -0.290   -0.069   -0.539
    +0.413   +0.217   -0.581   -0.240   -1.028   -0.464   +0.221   -0.029
    -0.816   +0.616   +0.860   -0.943   -1.069   -0.463   +1.419   +0.165
    +0.334   +0.621   -1.094   +3.119   +1.625   -0.290  +12.790   -1.275
    -0.960   -0.285   +0.435   +0.773   +1.178   -0.237   -0.163   +0.464
    -0.615   +0.414   -0.167   +0.073   +0.648   -0.881   +0.036   -1.320
    -0.362   +2.020   -0.398   -0.085   -0.238   +0.946   +1.476   +1.487
    -1.505   -0.416   -1.865   -0.220   -0.469   +2.319   +4.030   +4.288
token ' you' question (strength 16.6):
    -0.627   +0.125   -0.021   +0.442   -0.453   -0.241   +0.448   -0.492
    +0.800   +0.531   -0.169   +0.093   -0.566   -0.706   +0.527   +0.085
    -0.941   +0.316   -0.387   -0.914   -1.203   +0.166   +1.666   -0.144
    +0.690   -0.574   -1.209   +2.913   +1.365   +1.423  +13.304   -1.458
    -0.377   -0.191   -0.079   +0.721   +0.457   -0.379   -0.406   +0.669
    -0.807   +0.483   +0.243   +0.683   +0.828   -1.683   +0.218   -1.221
    -0.053   +0.325   -0.918   +1.690   -1.556   +0.244   +0.385   +2.972
    -1.020   -0.906   -2.808   +1.531   -0.847   +2.250   +3.702   +4.135

--- station 18 · head 7 ---
token 'how' question (strength 12.7):
    -0.330   -0.019   -0.745   +0.043   +0.204   +0.574   -0.224   -0.570
    -0.050   -0.352   -0.814   -0.454   -0.017   -0.040   +0.131   +0.397
    -0.458   +0.297   -0.208   -0.169   +0.615   +1.365   +0.726   -1.173
    -0.096   +0.029   +0.119   +1.090   +4.178   -1.653   +0.899   -1.196
    -0.192   +0.401   -0.176   +0.129   -0.099   -0.435   -0.209   -0.281
    +0.114   -0.723   -0.228   +0.094   +0.967   +0.558   +0.082   -0.292
    +0.190   -0.062   +0.380   -0.504   +0.741   -2.011   +0.897   -1.390
    +1.275   +0.628   +0.218   +0.777   -8.849   -0.888   -6.135   -0.120
token ' are' question (strength 14.7):
    -0.036   -0.428   +0.026   -0.257   +0.594   -0.180   -0.090   -0.472
    -0.538   -0.245   -0.089   -0.170   +0.621   +0.683   +0.963   -0.596
    -1.149   -0.436   -0.956   -1.169   +0.289   +0.205   -0.411   -1.516
    -0.151   +0.918   -0.654   +3.777   +4.075   +1.831   -3.083   +3.200
    +0.021   +0.100   -0.235   -0.161   +0.147   -0.157   -0.330   -0.024
    +0.165   +0.236   -0.243   +0.041   +0.379   -0.051   +0.615   +0.630
    +0.251   -1.200   -0.249   +0.451   -0.259   -1.257   +0.601   +1.881
    +1.412   -0.395   -0.642   +0.875  -10.089   -0.737   -5.737   -2.243
token ' you' question (strength 13.4):
    -0.189   -0.002   -0.205   -0.128   +0.300   -0.356   +0.202   -0.950
    -0.541   -0.193   +0.359   -0.320   -0.138   +0.733   +1.389   -0.714
    -2.261   -0.255   -0.515   -0.688   +0.788   +0.058   +0.035   -0.490
    +0.965   -0.385   -1.720   +2.338   +4.264   +0.633   -1.488   +2.342
    +0.101   +0.306   -0.058   -0.089   -0.082   +0.186   -0.325   -0.023
    +0.127   +0.241   +0.310   +0.069   -0.247   +0.357   +0.272   -0.106
    -0.143   -1.195   -0.958   +0.167   +0.098   -1.384   +0.029   +0.610
    +1.480   -1.677   -0.390   +0.678   -9.616   -1.153   -5.159   +0.302

--- station 18 · head 8 ---
token 'how' question (strength 16.8):
    +0.986   -1.272   -0.157   -1.258   +2.424   +1.572   -1.840   -0.779
    +1.408   +1.111   +0.228   +0.403   -0.282   -0.520   +0.546   +0.236
    +0.841   +0.531   +1.218   +0.746   +0.930   +1.250   +0.924   +1.046
    +1.551   +2.221   +2.088   +1.593   +1.584   -3.499   +2.471   -1.999
    -1.372   +1.654   -2.073   +0.492   -1.558   +0.422   +0.285   +1.699
    +0.422   +0.740   +0.709   -0.710   +0.580   +0.513   -0.713   -1.130
    -0.961   +0.108   -0.442   -1.227   -0.725   -2.063   -0.346   -0.778
    -1.019   -1.383   -1.219   -3.941  -12.888   -0.751   -1.676   -0.364
token ' are' question (strength 15.3):
    -0.055   -0.363   -0.077   -0.312   +0.916   +0.221   -0.373   +0.301
    +0.051   +0.728   -0.502   -0.339   -0.910   -0.745   +1.681   +1.236
    +0.923   +0.335   -1.254   -0.015   -0.770   +2.619   -0.571   -0.811
    +0.280   +2.540   +0.618   +1.218   +0.454   -1.490   +1.775   +2.487
    -0.240   +0.531   -0.666   +0.070   -0.014   +0.078   -0.222   +0.010
    -0.331   -0.202   +0.695   -0.421   +0.246   +0.367   -0.236   +0.348
    +0.081   -1.569   +1.501   -0.294   -1.076   -0.954   -0.151   +0.679
    -0.133   -1.018   -0.762   -1.124  -13.433   -1.611   -0.820   -0.506
token ' you' question (strength 16.3):
    -0.295   +0.045   -0.408   -0.026   -0.117   +0.033   +0.040   +0.273
    -0.432   +0.252   -0.158   -0.531   -1.092   -0.637   +1.315   +0.761
    +0.656   -0.302   -0.451   -0.433   +0.811   +2.855   -1.692   -0.628
    +3.169   +0.113   -0.556   +1.685   +1.018   -2.002   +1.808   +4.512
    -0.084   +0.382   -0.214   +0.230   -0.515   -0.312   -0.150   -0.232
    -0.252   -0.480   +0.775   +0.069   +0.090   +0.826   +0.097   -0.926
    +0.530   -0.735   +0.176   +0.099   -1.630   -2.296   -0.673   -1.528
    +0.585   -3.032   -0.927   -1.792  -12.994   -0.863   -3.025   -0.452

--- station 18 · head 9 ---
token 'how' question (strength 18.9):
    +0.233   +1.322   -0.142   -0.232   -0.116   +1.194   -2.104   -0.697
    +1.854   +0.112   -0.386   -0.087   +1.237   +0.031   -0.273   +0.511
    +0.708   +1.291   +0.447   -0.352   -0.494   -2.467   +0.328   -0.029
    +0.429   +0.827   -0.525   -0.616   +3.383   +0.894   -0.647   -0.148
    -0.895   +0.724   +1.379   +1.351   +2.426   -1.714   +2.075   +0.508
    -1.518   +0.826   -0.486   -3.162   +3.339   +3.823   -0.455   -2.039
    +2.497   +2.205   -0.601   +0.033   -0.685   +0.047   -0.295   +0.279
    -0.018   +0.949   -1.390   -1.229  -15.511   +1.455   +0.109   +0.400
token ' are' question (strength 17.2):
    +0.801   -0.363   +0.159   -1.108   -0.112   +1.577   -4.100   -0.165
    +1.570   +1.812   -1.141   -0.263   -0.442   -0.596   +0.967   -0.139
    +0.567   +0.562   +0.952   +0.554   +0.685   -3.169   -0.153   +0.052
    +0.214   +0.842   -0.141   -0.252   +3.111   +1.108   +0.357   +0.425
    -0.942   +1.109   -1.653   +0.955   +1.024   +0.535   +0.914   +0.462
    -1.004   -0.929   -0.902   -2.689   +2.007   +2.220   -1.108   -1.311
    -0.086   +1.141   +0.158   +0.291   -0.343   -0.090   -0.696   +0.082
    +0.524   +0.209   -0.380   -1.210  -14.399   +0.942   +0.778   +0.250
token ' you' question (strength 19.1):
    +0.655   -0.738   +0.985   -1.358   +0.035   +1.245   -4.394   -0.457
    +2.240   +0.039   -1.610   +0.101   -0.455   +1.200   +0.167   -2.441
    -0.024   -1.124   +0.548   -1.716   +0.462   -4.493   +0.491   -0.370
    +0.479   -0.278   -0.680   -0.460   +3.167   +1.292   +1.012   +0.505
    -0.918   +1.460   -1.399   +1.645   +0.650   +0.506   +1.004   +0.273
    -0.366   -0.643   -0.316   -2.940   +3.278   +3.046   -1.598   -2.070
    -0.105   +1.361   -0.391   +1.408   -0.640   -0.294   -1.597   +0.134
    +0.654   -0.764   -0.531   -0.529  -15.166   +0.731   -0.222   +1.150

--- station 18 · head 10 ---
token 'how' question (strength 21.1):
    -0.155   +0.570   -0.494   -0.940   +1.226   +0.396   -3.778   +1.060
    +4.488   -1.619   -0.398   +1.284   +0.441   -0.936   +1.531   -1.532
    -1.026   +0.935   +1.027   -1.425   +0.755   -4.186   +0.062   -1.151
    +1.128   +0.151   +0.016   -0.717   +3.430   +0.857   +1.348   -0.935
    -1.446   +1.649   -0.897   +3.181   -2.237   +0.309   +1.079   +0.606
    -1.198   +2.675   -0.679   -2.112   +1.411   +2.388   +0.169   -3.349
    -0.768   +0.770   -1.521   +0.893   -0.319   +0.346   -0.187   -0.443
    +0.641   -0.441   -0.948   +0.494  -16.778   -0.961   -2.495   +2.081
token ' are' question (strength 18.5):
    +0.857   -2.066   +1.448   -2.043   +2.318   +0.593   -3.373   +0.007
    +2.731   +1.666   -1.808   +0.269   +0.833   +0.772   +1.338   +1.289
    +1.330   +0.106   -0.213   -0.936   +0.836   -5.252   -0.006   -1.071
    +0.550   +1.452   +0.446   +0.719   +3.560   +0.670   +0.631   +1.335
    -2.316   +2.116   -1.731   +1.930   -0.903   +0.632   -0.513   +0.026
    -0.817   -0.131   -0.552   -1.766   +1.218   +0.642   -0.262   -1.533
    -0.959   +1.723   -0.226   -0.003   -0.732   -0.205   -0.419   -0.223
    +0.228   -0.341   -0.914   -0.879  -14.449   +0.024   -1.232   +0.393
token ' you' question (strength 19.4):
    +0.901   -1.099   +2.436   -2.423   +2.585   +0.610   -4.222   +0.714
    +1.918   -0.722   -0.075   +0.164   -0.168   +0.335   +1.400   +1.824
    -0.084   +0.009   -0.441   -1.638   +0.823   -5.897   +0.075   -0.461
    +0.123   +0.815   +0.442   -0.213   +3.446   +0.660   +0.565   +1.402
    -3.100   +1.949   -0.903   +2.622   -1.669   +0.998   +0.347   -0.457
    -1.076   -0.909   -0.049   -2.012   +1.782   +2.300   -0.370   -2.519
    -1.799   +1.313   -1.502   -0.487   -0.326   -0.027   -0.022   +0.314
    +0.588   -1.120   -1.129   -0.632  -14.606   +0.222   -1.863   +0.770

--- station 18 · head 11 ---
token 'how' question (strength 16.7):
    +0.046   +0.519   -1.452   +0.461   -0.400   +0.073   -0.863   -1.178
    +1.254   +0.070   -1.520   +0.262   +1.087   +0.390   +0.865   -1.210
    +0.730   +0.248   +0.419   -0.839   -0.259   -1.870   +0.131   +1.639
    +0.046   +0.733   -0.119   +0.570   +1.872   -0.026   +1.219   +0.035
    -0.262   +1.397   +0.127   +0.653   -1.981   -0.859   +1.057   +0.024
    -0.944   +0.120   +0.493   -2.441   -1.234   +2.961   -0.821   -2.467
    -0.529   +0.464   +0.703   -0.091   -0.124   +0.502   -0.325   -0.201
    -0.160   -0.063   -0.189   -1.706  -14.460   -0.104   -2.659   -0.180
token ' are' question (strength 13.5):
    -0.138   +0.107   -0.206   -0.096   +1.342   +0.561   -0.196   -0.146
    +0.537   +0.628   -1.223   -0.262   -0.050   -0.091   +1.118   +0.175
    +0.670   +0.535   +0.443   +0.420   -0.358   -2.854   +0.400   -0.344
    +0.055   +0.924   +0.461   +1.528   +1.432   +0.054   +0.527   +1.389
    -0.077   +0.278   -0.849   +0.272   -0.370   -0.649   +0.312   -0.229
    -0.083   -0.103   +0.448   -1.028   -1.016   +1.422   -0.092   -0.914
    +0.151   -0.246   +2.838   -0.041   +0.127   -0.457   -0.618   +0.823
    +0.684   -0.773   -0.699   -0.365  -11.674   -0.363   -2.084   -0.583
token ' you' question (strength 15.0):
    +0.218   +0.068   +0.168   -0.449   +1.391   +0.662   -1.120   -0.533
    +1.042   -0.109   -1.209   -0.123   +0.211   +0.107   +0.609   -0.135
    -0.835   +0.137   +0.420   -0.603   +0.875   -3.024   -0.215   -0.524
    +0.523   -0.418   +0.016   +1.142   +2.044   +0.199   +0.773   +1.755
    -0.407   +0.692   -1.059   +0.005   -1.104   +0.098   +0.880   -0.496
    -0.860   +0.629   +1.014   -1.393   -0.554   +2.026   -0.567   -2.288
    -0.051   -0.760   +2.872   +0.167   +0.741   -0.118   -1.046   +0.022
    +1.236   -1.980   -0.124   -0.490  -12.364   -0.926   -3.101   +0.096

--- station 18 · head 12 ---
token 'how' question (strength 12.0):
    -0.094   -0.242   -0.142   -0.509   +1.196   +1.282   -0.807   +0.062
    +0.728   +0.288   -0.519   +0.129   +0.381   -0.219   +0.862   +0.851
    -1.550   -0.954   +0.406   +0.090   +0.598   -0.265   +0.439   +0.578
    +0.698   +0.955   -0.195   +0.988   +3.713   +1.343   +0.186   +0.752
    -0.476   +0.767   -0.807   +0.795   -0.054   +0.127   +0.350   +0.165
    +0.124   +0.333   +0.213   -0.760   +1.071   +0.461   -0.337   -0.956
    -1.145   +0.459   +0.403   +0.292   +0.767   -1.111   +0.372   -0.180
    -0.034   -0.844   +0.353   +0.275   -9.619   -0.671   +3.105   +0.695
token ' are' question (strength 12.3):
    -0.024   -0.064   -0.027   -0.146   +0.239   +0.002   +0.103   +0.166
    +0.229   +0.536   -0.188   +0.025   -0.151   +0.604   +0.762   +0.642
    +0.121   -0.427   -0.623   +0.552   -0.015   -0.046   +0.324   -0.510
    +0.425   +0.652   -0.733   +0.967   +3.137   +2.554   -0.714   +2.305
    -0.113   +0.024   -0.250   +0.013   +0.076   -0.187   +0.141   +0.220
    -0.252   -0.060   +0.271   -0.788   +0.558   +0.432   +0.269   +0.200
    -0.271   -0.783   +0.061   -0.367   +0.234   -0.866   -0.754   +0.925
    +0.852   -1.625   -0.261   +0.525  -10.145   -1.149   +3.412   -0.601
token ' you' question (strength 13.1):
    +0.085   +0.153   -0.008   -0.022   -0.113   -0.169   +0.158   -0.312
    -0.282   +0.339   -0.352   -0.396   -0.198   +0.719   +1.469   -0.222
    -0.170   -0.933   -0.172   +1.540   +0.908   +0.982   -0.048   -0.597
    +1.499   -0.961   -1.477   +0.230   +3.472   +2.156   -0.653   +2.346
    -0.154   -0.188   -0.065   -0.046   -0.315   -0.032   +0.081   -0.317
    -0.251   -0.059   +0.397   -0.706   +0.719   +0.313   -0.168   -0.332
    -0.175   -0.383   -0.635   -0.814   +0.218   -0.460   -1.610   +0.863
    +0.427   -2.697   -1.430   +0.687   -9.998   -1.877   +3.372   +1.442

--- station 18 · head 13 ---
token 'how' question (strength 21.3):
    +0.884   +0.417   -1.757   -3.019   +1.448   +1.917   -5.342   -0.075
    +4.567   +1.889   +0.589   +2.306   -0.885   +0.178   -0.067   +0.687
    -0.204   +1.265   +0.356   +0.849   +0.570   -2.933   +0.865   -0.234
    -0.092   +0.150   +0.153   +0.427   +4.523   -0.414   +0.283   +0.313
    -3.255   +1.618   -0.487   +3.922   -1.548   -0.715   +3.678   +0.485
    +0.021   +1.992   -0.858   -4.660   +0.941   +0.680   -0.278   -2.897
    +0.072   +0.424   -0.267   -0.105   -0.634   +0.135   -0.225   +0.086
    -0.114   +0.291   -0.489   -0.449  -16.014   +1.176   -0.627   -0.276
token ' are' question (strength 21.0):
    +2.104   -1.772   -0.503   -3.286   +2.748   -0.454   -4.278   -0.473
    +3.245   +3.142   -1.956   +0.563   +0.700   -0.052   +0.239   -0.452
    +1.024   -0.283   -0.288   -0.679   +0.694   -4.159   +0.440   -0.928
    +0.124   +0.801   -0.756   -0.264   +4.343   +0.762   +0.481   +0.774
    -2.794   +2.152   -2.320   +1.165   +0.305   +0.713   +0.626   +0.437
    +0.528   +1.245   +0.257   -3.782   +0.301   +0.931   -0.448   -2.923
    -0.533   +0.777   +1.841   +0.357   -0.644   -0.550   -0.302   +0.260
    +0.012   -0.727   -0.391   -1.126  -16.604   +0.256   -0.217   +0.637
token ' you' question (strength 19.2):
    +1.014   -0.492   +0.045   -2.596   +1.611   -0.697   -3.730   -1.261
    +1.547   +2.234   -0.699   -0.358   -0.123   +0.287   +1.176   -0.156
    +0.804   +0.585   +0.471   -0.121   +0.610   -3.584   +0.015   -0.832
    +0.271   +0.308   -0.387   +0.342   +4.081   +0.482   +0.564   +0.891
    -3.556   +1.691   -1.964   +2.061   +0.425   -0.238   +0.101   -0.403
    -0.293   +0.168   +1.640   -4.900   +0.373   +0.420   -0.493   -2.544
    +0.017   +0.044   +1.502   -0.304   -0.745   +0.352   -0.078   +0.043
    +0.249   -1.150   -0.043   -0.643  -15.369   -0.264   -0.423   +0.182


############ STATION 19 ############

--- station 19 · head 0 ---
token 'how' question (strength 15.2):
    +0.455   +0.725   +0.804   +0.492   +0.387   +1.339   +0.050   -1.160
    -1.119   +0.179   -0.679   -0.805   +2.183   -0.394   -0.453   +1.239
    +2.041   +0.493   +0.221   +1.906   +0.532   +0.180   -1.469   +0.044
    +1.528   +1.231   +0.656   +0.896   +2.592   -0.375   +0.450   -1.411
    +0.039   -0.116   -0.490   +1.237   -1.125   -0.263   -1.693   -0.362
    +1.618   +1.396   +0.780   -0.219   -0.904   +1.100   -1.140   -1.438
    +0.508   +0.185   +1.232   -0.960   +0.348   -0.007   -0.913   -0.953
    +0.295   +0.435   -0.241   +1.335  -12.697   -0.492   +2.095   -2.066
token ' are' question (strength 14.0):
    +0.364   +0.241   +0.268   -0.441   +0.260   -0.088   +0.288   +0.188
    +0.426   +0.359   +0.256   -0.083   +0.822   -0.375   -0.693   +0.622
    -0.526   -0.722   +0.504   +0.432   +0.574   -0.886   -0.185   +2.726
    -0.526   +1.001   +0.304   +2.217   +2.342   +3.159   -1.306   +1.590
    +0.401   +0.198   +0.125   +0.067   -0.104   +0.049   -0.116   +0.361
    -0.106   -0.220   -0.596   +0.099   +0.606   -0.139   +0.087   +1.552
    +0.060   -0.436   -0.046   +2.215   -0.380   +0.445   -0.139   -1.385
    -1.547   +1.883   -1.388   +0.926  -11.348   -2.541   +1.291   +0.863
token ' you' question (strength 14.8):
    -0.001   -0.037   -0.003   -0.413   +0.063   -0.730   +0.422   +0.697
    +0.335   +0.627   +0.487   +0.028   -0.329   -0.003   +0.265   +0.541
    +0.346   -0.828   +1.259   +1.510   +0.432   +0.232   +0.444   +3.556
    +0.299   +0.870   +0.074   +2.944   +3.529   +2.442   -2.149   -1.153
    +0.309   +0.078   +0.416   -0.515   +0.291   +0.076   +0.465   +0.531
    -0.614   -0.586   -0.481   +0.755   +0.471   +0.224   -0.534   +1.701
    +0.533   -0.404   +0.036   +0.661   -0.269   +0.014   -0.690   +0.333
    +0.570   +1.539   +0.144   +2.782  -11.572   -1.767   +2.718   -1.530

--- station 19 · head 1 ---
token 'how' question (strength 15.4):
    +0.559   +0.690   +0.839   +0.177   +0.084   +1.251   -0.562   -0.862
    -1.238   -0.075   +0.395   -0.926   -0.614   -0.663   -0.695   +0.616
    +0.161   -0.176   +0.238   +1.219   +1.837   -1.033   -0.302   +1.236
    +0.523   +1.336   -2.901   +1.382   +4.133   -2.353   +1.903   -0.030
    -0.043   -0.643   -0.471   +1.341   -1.813   +0.208   -1.111   -0.201
    +0.799   +1.289   -0.114   +0.106   +0.733   +0.611   -0.749   -1.001
    +0.364   +0.388   -0.444   +0.382   -0.258   -0.814   -0.291   -1.448
    -0.725   +0.781   +0.003   +1.621  -12.736   -0.091   -1.331   -0.815
token ' are' question (strength 15.8):
    +0.224   +0.430   +0.513   -0.298   +0.335   +0.133   +0.687   -0.449
    +0.218   -0.146   +0.346   -0.237   +0.889   -0.845   -0.064   +0.009
    -0.095   -0.418   +1.071   +0.170   -0.578   -1.157   -0.054   +2.333
    -0.771   +1.195   +0.958   +0.992   +1.570   +1.294   -0.157   +1.492
    -0.021   -0.098   -0.070   +0.519   -0.358   +0.407   -0.472   -0.397
    -0.064   +0.408   -0.247   +0.008   -0.009   +0.155   +0.633   +0.558
    +0.096   -0.313   +0.789   +0.866   -1.583   -1.055   -0.134   -2.327
    -1.518   +1.015   +0.561   -0.656  -13.834   -2.568   -2.869   +2.358
token ' you' question (strength 14.6):
    +0.134   +0.187   +0.296   -0.019   -0.101   -0.061   +0.556   -0.243
    +0.670   +0.095   -0.137   -0.146   +0.024   -0.153   +0.618   +0.171
    -0.317   -0.417   -0.303   -0.202   +1.051   +0.020   +0.319   +3.762
    +0.330   +1.550   +0.730   +0.537   +3.138   +1.103   -0.283   -2.276
    -0.184   -0.096   -0.161   -0.067   -0.126   +0.106   +0.030   -0.048
    -0.229   +0.117   +0.035   -0.177   -0.751   +0.827   -0.048   +0.299
    -0.311   +0.298   +0.151   -0.094   -0.799   +0.862   -2.746   +0.337
    -0.472   -1.026   +1.244   +2.585  -12.077   -0.217   -3.051   +0.050

--- station 19 · head 2 ---
token 'how' question (strength 22.0):
    +1.250   +1.149   -0.203   +1.159   +0.412   +2.238   +0.906   -3.565
    -0.814   -0.203   +0.977   -1.846   +0.044   -0.118   -0.305   -0.867
    +0.548   +0.943   +0.125   +0.837   +0.326   -0.981   +0.125   -2.215
    -0.236   -0.253   -0.000   -0.040   +2.795   +0.358   -0.056   -1.525
    +0.601   -1.249   -0.949   +1.889   -0.679   -0.792   -1.058   -1.058
    -0.139   +3.162   +0.143   -0.170   -0.321   +2.448   -0.029   -2.139
    +1.891   +0.072   +0.349   -0.399   +0.059   -0.731   -0.036   -0.899
    -0.446   +0.077   -0.064   +1.299  -19.893   -0.714   +1.565   -0.025
token ' are' question (strength 18.1):
    +0.764   +1.167   +1.014   +0.189   +1.161   +1.327   +0.217   -2.010
    +0.082   +0.427   +0.230   -1.064   +0.296   +0.494   +0.231   -0.460
    +0.166   +0.893   -0.073   +0.406   +0.417   -0.290   +0.309   -1.795
    +0.169   +0.305   +0.402   +1.130   +1.899   +0.807   -0.042   -0.252
    +0.680   -0.565   -0.173   +1.607   -0.049   +0.591   -0.846   -0.985
    +0.313   +1.842   +1.642   +0.399   -1.008   +1.723   +0.456   -1.654
    +0.181   +0.531   +0.048   -1.373   -0.051   +0.101   -0.049   -1.447
    -0.638   +0.109   -0.937   +1.339  -16.686   -0.941   +0.262   +0.653
token ' you' question (strength 19.5):
    +0.757   +1.281   +1.010   +0.480   +0.851   +1.841   -0.097   -2.634
    -0.784   -0.260   +0.842   -2.570   +0.046   +0.358   +0.984   -0.893
    +1.169   +1.982   +0.350   +0.363   +0.952   -0.327   +0.206   -1.610
    +0.499   -0.022   +0.391   +2.052   +2.177   +0.904   -0.032   -1.144
    +0.682   -0.516   -0.312   +1.774   -0.301   -0.102   -1.264   -0.634
    -0.058   +2.342   +1.254   +1.682   -0.495   +2.436   -0.421   -1.764
    +0.003   +1.217   -0.142   -1.038   -0.068   -0.003   -0.570   -1.398
    -0.927   -0.713   -0.079   +2.129  -17.214   -1.184   +0.873   -0.135

--- station 19 · head 3 ---
token 'how' question (strength 24.8):
    +5.864   +2.878   +0.740   +1.625   -0.928   +3.997   +0.012   -3.109
    -0.379   +0.282   -0.812   -5.592   -1.254   -0.371   -0.054   -0.167
    +0.361   +0.704   -0.528   +2.503   +0.372   +0.698   -0.098   -1.812
    +0.340   +0.122   -0.032   +0.371   +3.475   -0.071   +0.206   -0.030
    +1.738   -1.419   +0.234   +3.707   -1.050   -0.967   +0.743   -0.647
    +1.215   +2.735   -0.979   -0.143   +0.168   +1.816   +1.485   -2.671
    +0.167   +1.098   +0.495   -0.548   -0.025   +0.144   +1.014   -0.333
    -0.119   +0.007   -0.630   -0.148  -20.947   -0.222   -0.356   -0.344
token ' are' question (strength 25.0):
    +5.001   +1.858   +0.875   +1.659   +0.104   +3.103   +0.061   -1.900
    +0.673   -0.716   +1.314   -5.118   +0.559   -1.517   -1.991   +1.372
    +0.059   +0.418   +0.254   +1.679   -0.565   -0.534   -0.310   -1.178
    -0.041   +0.467   +0.020   +0.664   +3.678   +0.240   +0.024   -0.753
    +3.604   -3.088   +0.995   +3.094   -0.168   -0.871   -1.238   +1.041
    -0.372   +4.026   +0.145   +1.052   -1.018   +1.445   +0.996   -2.056
    -0.804   -0.217   -0.511   -0.249   -0.732   -0.767   -0.185   -1.336
    -0.554   +0.452   -0.224   +0.816  -21.249   +0.062   -1.254   -0.193
token ' you' question (strength 25.4):
    +4.132   +3.116   +1.918   +2.680   +0.796   +1.482   -0.276   -3.560
    -0.248   -1.928   +0.025   -5.228   -0.585   -0.332   -0.627   +0.923
    +0.929   +0.655   -0.981   +1.665   -0.521   -0.095   -1.284   -2.153
    -0.721   +0.092   +0.363   +0.181   +4.099   +0.451   -0.276   -0.573
    +2.728   -0.908   -0.715   +4.606   +0.841   -2.143   +0.704   +1.320
    -1.230   +3.713   -1.328   +0.668   -0.382   +1.326   +1.354   -2.107
    -1.111   +0.186   -0.766   -0.598   -0.321   +0.034   +0.774   -0.910
    -0.306   +0.312   +0.172   +1.706  -21.392   -0.620   -1.185   -0.079

--- station 19 · head 4 ---
token 'how' question (strength 16.1):
    +0.771   +0.688   +1.456   -0.032   +1.329   +1.403   +0.756   -1.050
    -1.814   -0.898   +0.746   +0.189   +0.112   -0.266   -0.509   +0.189
    +1.204   -0.294   +0.421   +2.112   +2.211   +0.665   -1.659   -0.447
    -0.021   +1.758   +1.007   +0.054   -1.061   -0.212   -0.249   -1.777
    +0.588   +0.010   +0.436   +1.221   -0.471   +0.438   -0.217   -1.097
    -0.709   +1.000   +0.769   -0.345   +0.420   +0.266   -0.450   -0.505
    -0.215   -1.360   +0.074   -0.409   -0.023   +0.141   -0.513   +0.243
    +0.913   -0.468   -0.500   +0.988  -14.544   -0.634   -0.436   -0.627
token ' are' question (strength 15.6):
    +0.023   +0.023   -0.097   -0.030   +0.149   -0.241   +0.199   -0.074
    +0.534   +0.572   -0.326   -0.957   +0.649   -0.771   -0.048   +1.020
    -0.238   -1.408   +1.656   +2.140   -0.522   +0.991   -0.080   +1.468
    +0.618   +0.342   +0.212   +0.231   -0.532   +1.658   -1.290   +0.164
    -0.070   -0.114   -0.029   +0.112   -0.103   +0.112   +0.006   +0.176
    +0.329   +0.186   -0.560   -0.457   -0.526   +0.555   -0.105   +0.975
    +0.198   +1.252   +0.926   +0.142   -1.080   -2.400   +0.246   -1.183
    -0.603   +1.420   +0.440   +0.767  -14.242   -0.024   -0.752   -0.831
token ' you' question (strength 15.3):
    -0.241   -0.170   -0.323   +0.189   +0.047   -0.254   +0.003   -0.172
    -0.084   +0.837   -0.129   -0.644   +1.164   -1.310   +0.285   +1.196
    -0.098   -1.331   +1.796   +2.267   +0.203   +1.112   -0.873   -0.638
    +1.388   +0.568   +0.439   +0.156   -0.863   +0.598   -1.174   -0.974
    +0.011   -0.177   +0.251   -0.013   -0.237   -0.088   -0.215   +0.336
    +0.056   +0.182   -1.256   +0.128   +0.150   +0.899   -0.610   +0.670
    -0.192   +2.058   +0.161   -0.205   -0.268   -1.959   -0.008   -0.505
    +0.494   +0.431   +0.490   +1.443  -13.865   -1.130   -1.221   -1.033

--- station 19 · head 5 ---
token 'how' question (strength 20.0):
    +0.255   +0.516   +1.399   +0.329   +0.408   +1.656   +0.182   -2.070
    -1.666   -0.332   +0.262   -1.320   +2.317   -1.431   -0.802   +1.596
    -0.374   +0.207   -0.250   +2.320   -0.051   +0.649   -0.121   -1.625
    +0.816   +2.024   -0.117   -0.419   +0.142   -1.323   +1.104   -0.809
    +0.150   -0.139   -0.539   +1.467   -1.927   +0.252   -1.032   -0.273
    +0.501   +2.421   +0.214   -0.232   -0.125   +1.092   +0.910   -1.747
    +0.541   +1.263   -1.051   -0.224   +0.636   +0.112   -0.761   -2.341
    -0.646   +1.374   +0.351   +2.352  -17.880   -1.313   -0.960   -1.033
token ' are' question (strength 18.5):
    -0.024   +0.371   +0.571   -0.427   +0.593   +0.352   +0.744   -0.804
    +0.464   -0.604   +0.547   -1.084   +0.779   -1.479   -1.219   +1.211
    -0.621   +0.312   +0.685   +0.514   -0.356   +0.540   +0.882   +3.169
    -1.279   +0.940   -0.132   +0.319   -0.801   +1.218   -1.997   +0.061
    +0.281   +0.174   -0.077   +0.665   -0.382   +0.605   -0.860   -0.102
    +0.109   +0.542   +0.097   -0.863   +0.390   +0.835   +0.938   +0.091
    -0.697   +0.277   -0.150   +1.501   +0.243   +0.602   -1.302   -1.167
    -1.573   +1.802   +0.683   -0.571  -17.098   -0.962   -0.749   +0.188
token ' you' question (strength 18.3):
    +0.257   +0.521   +0.511   -0.239   +0.339   +0.217   +0.161   -0.704
    -0.054   -0.115   +0.242   -0.343   +0.518   -1.236   -0.486   +0.354
    +0.204   +0.117   +0.887   +0.492   +1.256   -0.341   +1.349   +2.088
    -1.241   +0.595   -0.142   +0.968   +0.429   +0.228   -1.435   -0.906
    -0.087   -0.093   -0.053   +0.548   -0.129   +0.489   -0.105   -0.096
    -0.352   +0.711   +0.281   -0.242   +0.118   +0.800   +0.598   +0.132
    -0.723   +1.009   +0.321   +0.697   -1.214   +0.890   -1.826   -0.900
    -1.180   +0.850   +2.294   +0.009  -17.162   -1.152   -0.917   +0.026

--- station 19 · head 6 ---
token 'how' question (strength 19.1):
    +0.845   +0.873   +0.645   +1.068   -0.445   +1.601   -0.565   -2.313
    +0.302   +0.081   +1.028   -2.509   -0.298   +0.015   +0.076   +1.259
    +1.100   +0.995   +0.028   +3.244   -0.050   -0.330   -0.383   -3.608
    -0.155   +0.695   +0.489   +0.886   +1.497   -0.006   -0.235   -0.342
    -0.099   -0.955   -0.698   +1.479   -1.552   -0.825   -0.764   +0.100
    +0.700   +1.741   -1.107   -0.772   -0.898   +2.436   +0.076   -1.303
    +0.486   +1.447   -0.432   -1.225   +0.030   +0.815   +0.105   +0.304
    +0.402   +1.046   -0.251   -0.548  -16.930   -0.637   -0.637   +0.593
token ' are' question (strength 15.0):
    +0.063   +0.229   +0.191   -0.340   +0.256   +0.025   +0.178   -0.491
    +0.612   +0.004   +0.308   -1.226   +0.613   -0.789   -0.685   +0.912
    +0.012   -0.309   +0.444   +1.418   -0.666   -0.012   +0.420   -1.095
    +0.113   +0.686   -0.567   +1.004   +0.006   +1.086   -0.626   +0.500
    +0.215   +0.112   +0.287   +0.382   -0.047   +0.335   +0.007   -0.345
    +0.597   +0.586   -0.299   -0.306   -0.409   +0.827   +0.111   +0.475
    -0.678   +1.170   +0.531   +0.813   -0.598   -0.598   -0.620   -0.533
    -1.532   +1.190   -0.660   +1.093  -13.951   -0.998   -2.043   +0.336
token ' you' question (strength 16.1):
    +0.112   +0.322   +0.414   -0.096   +0.230   +0.282   +0.245   -1.037
    +0.921   -0.002   +1.290   -1.263   +0.648   -1.992   +0.742   +1.293
    +0.141   +0.420   +0.230   +1.117   +0.219   -0.636   -0.086   -1.026
    +0.320   +0.968   -0.339   +1.029   +0.820   +0.721   -0.886   -1.290
    -0.102   -0.110   +0.011   +0.597   -0.457   +0.217   -0.957   -0.459
    +0.528   +1.225   -0.111   -0.061   +0.415   +2.404   +0.233   -0.019
    -0.481   +1.944   +0.698   +0.521   -0.344   -0.862   -1.352   -0.488
    +0.029   +0.343   +0.435   +1.867  -14.669   -1.319   -1.198   +0.061

--- station 19 · head 7 ---
token 'how' question (strength 19.3):
    +0.733   -1.937   +1.251   -1.414   -0.468   -4.255   +1.292   -0.699
    +1.116   -1.239   +1.245   +1.844   +0.126   -0.798   -2.697   +0.072
    +0.119   +0.465   +2.286   -0.092   +0.306   +0.470   +1.284   -1.244
    +0.964   +7.974   -0.021   -0.889   +0.235   +0.626   -1.050   +0.466
    +1.543   -0.665   +0.284   +2.784   +1.055   +0.894   -0.458   -1.087
    -4.541   -0.726   +1.161   +0.449   -1.133   -0.348   -2.369   +0.317
    +1.067   -0.302   -1.835   +0.077   -0.797   -0.047   -0.041   -0.229
    -1.052   +1.088   -1.416   -0.128   -0.077   +0.332   +0.672  +14.103
token ' are' question (strength 15.1):
    +0.607   -1.092   +0.008   -1.131   -0.571   -1.803   -0.496   +0.341
    +0.873   -2.032   -0.551   +2.835   -0.080   -0.678   -1.864   +0.562
    +0.100   +0.380   +2.120   -0.351   +0.281   +0.403   +0.929   -0.745
    -0.080   +5.933   +0.360   +0.587   +0.506   -0.307   -0.343   +0.778
    +1.137   -1.070   +1.518   +0.644   +0.202   -1.136   +0.322   -1.081
    -1.263   -0.144   +0.890   +1.568   -1.329   +0.026   -2.286   +1.133
    -0.290   +0.758   -0.887   -0.381   -0.530   +0.201   -0.739   -0.424
    -0.665   -0.135   +0.329   -0.114   +0.120   +0.190   +0.819  +11.594
token ' you' question (strength 16.8):
    +0.418   -1.662   +0.105   -1.426   -0.802   -3.257   +0.220   -0.043
    +0.625   -2.613   +1.585   +1.165   +1.163   -0.099   -3.794   -1.370
    +0.412   +1.357   +2.128   +0.381   -0.730   +1.813   +0.153   -1.255
    +0.179   +5.804   +0.074   +0.122   -0.328   -0.066   -0.030   -0.271
    +1.314   -0.969   +1.070   +0.797   +0.286   -0.602   -1.369   -1.619
    -1.792   -0.472   +0.698   +2.448   -2.244   -0.556   -0.775   +0.654
    -1.709   -1.593   -1.943   +0.756   -0.807   -0.528   -1.155   -1.216
    +0.280   +0.084   -0.242   -0.351   +1.966   -0.320   +1.350  +12.093

--- station 19 · head 8 ---
token 'how' question (strength 18.3):
    -0.105   -0.772   +0.291   -1.006   -0.528   -2.586   +0.740   -0.691
    +0.079   -1.794   +0.126   +3.401   +1.202   -0.742   -1.785   +0.808
    +1.165   -1.257   +1.783   -1.077   -0.212   +0.707   +0.256   +0.315
    -0.626   +7.651   -0.474   -0.125   -0.916   +0.030   -0.292   +0.158
    +0.432   -0.640   +0.292   +2.282   +0.436   -0.121   +1.437   -0.426
    -3.359   -2.026   +0.690   +0.049   -0.421   -1.939   +0.455   -0.893
    +0.847   +0.684   -2.026   -0.980   +0.232   -0.264   +1.009   -0.985
    -0.864   +0.160   -0.592   +0.226   -0.148   -0.439   +2.072  +13.868
token ' are' question (strength 16.1):
    +0.126   -1.098   -0.204   -2.423   -0.502   -2.204   -0.497   -0.156
    +0.087   -1.916   +0.443   +3.234   +1.114   -0.752   -1.552   +0.680
    +1.555   -1.050   +1.009   -0.195   -0.030   +1.044   +0.348   -0.452
    +0.487   +4.624   -0.202   -0.247   +0.109   +0.075   -0.180   +1.149
    +1.629   -1.560   +1.599   +1.475   +0.110   -0.887   +1.141   +0.567
    -1.859   -1.758   -1.035   +0.612   -1.165   -0.792   -1.824   -0.156
    +2.075   +0.343   -0.790   -0.945   -0.354   +1.167   +0.212   +0.079
    -0.014   -0.326   +0.295   -0.320   +0.429   -0.906   -0.100  +12.800
token ' you' question (strength 16.7):
    +0.764   -1.131   +1.231   -1.482   -0.281   -2.938   -0.565   +0.143
    -0.965   -1.300   +0.105   +2.993   +0.036   -1.450   -1.788   +0.433
    +2.426   -0.703   +0.449   -0.660   -0.731   +2.466   +0.684   -0.058
    +1.225   +5.271   -0.545   +0.769   -0.314   +0.410   +0.418   +0.368
    +1.104   -1.417   +1.487   +2.282   -0.502   -0.832   +0.781   +1.145
    -2.274   -0.893   -0.640   +0.586   -2.048   -2.009   -1.187   -0.013
    +1.323   +0.132   -0.991   +0.254   -0.742   +0.860   -1.104   -0.588
    +0.268   +0.101   -0.318   +0.080   +1.209   -0.124   +1.432  +12.724

--- station 19 · head 9 ---
token 'how' question (strength 15.7):
    -1.004   +0.134   -0.115   -1.351   +1.139   -0.803   -0.999   -2.042
    -0.061   -2.022   +0.415   +1.782   -0.441   -0.571   -1.651   +1.404
    +1.855   -0.253   +3.083   +0.961   +0.053   -0.687   -0.109   +0.357
    -0.323   +8.534   -0.082   +0.389   -0.091   +0.004   -0.014   +0.621
    +0.615   -0.989   -0.129   -0.317   +0.727   -0.141   +1.381   +0.726
    -1.999   +0.065   +2.694   +0.838   -2.853   +0.516   -0.693   +0.665
    +2.241   +0.563   -1.369   +0.058   +0.081   -0.567   -0.061   -0.392
    -0.079   -0.302   -0.078   +0.457   +0.558   -0.130   +1.379  +10.069
token ' are' question (strength 15.1):
    -0.824   +0.099   -0.376   -1.550   -0.499   -1.442   -1.693   -0.553
    +0.354   -1.935   -0.065   +1.658   +0.374   -0.376   -1.707   -0.245
    -0.060   +0.491   +2.164   -0.979   -0.531   -0.478   +0.404   +1.014
    +0.458   +6.526   -0.517   +0.445   -0.805   +0.180   +0.009   +1.363
    +1.155   -0.674   +1.409   +0.250   +0.937   -0.646   -0.044   -0.257
    -1.621   -0.577   +1.727   +1.140   -2.077   +0.243   -1.340   +0.320
    +1.871   -0.320   +0.972   +0.670   +0.258   -0.571   +0.256   -0.912
    -1.293   -0.810   -0.085   -0.761   +0.297   -0.554   +0.460  +11.227
token ' you' question (strength 14.5):
    -0.663   +0.254   -0.419   -1.496   +0.053   -1.303   -1.225   -0.576
    +0.105   -1.134   +0.271   +1.208   +0.756   -1.332   -1.121   +0.172
    -0.358   +0.920   +1.308   -0.605   -0.761   -0.058   +0.023   +0.872
    +0.722   +6.335   +0.742   +1.010   -0.378   +0.729   +0.490   +0.414
    +0.874   -0.368   +1.143   +0.274   +1.384   -0.689   +0.787   +0.086
    -1.568   -0.497   +1.155   +0.827   -1.986   +0.723   -1.325   +0.891
    +1.536   -0.601   +0.113   +0.573   -0.379   -0.089   -0.874   -1.834
    -0.231   -0.699   +0.041   -0.191   +1.368   -0.338   +1.348  +10.997

--- station 19 · head 10 ---
token 'how' question (strength 16.2):
    +0.920   -1.118   +0.422   -2.145   +1.931   -3.069   -0.415   -2.178
    +0.332   -4.503   -0.935   +3.108   +0.686   -0.518   -2.047   +0.790
    -0.581   +1.787   +1.526   -0.699   -0.424   +1.103   -0.246   -0.559
    +1.145   +5.260   -0.139   +0.539   +0.143   -0.388   +0.010   +0.553
    +1.392   -0.080   +0.596   +2.154   +1.714   +1.093   -0.306   +0.385
    -3.055   -1.771   +0.106   +0.205   -0.408   -0.936   -1.195   -0.536
    +1.383   -1.128   -1.713   +0.444   -0.422   -0.405   -0.217   +0.241
    -1.930   +0.219   +0.972   +1.095   +0.886   -0.266   -0.644  +11.017
token ' are' question (strength 13.2):
    +0.014   -0.273   +0.924   -1.134   -0.648   -0.316   -0.350   -0.101
    +0.992   -1.722   -0.032   +1.011   +0.615   -1.578   -1.092   +0.839
    +0.635   +0.877   +1.612   -0.197   +0.694   +0.102   +0.206   +0.848
    +0.896   +1.796   -0.750   +0.669   -1.284   -0.023   -0.749   +1.488
    +0.912   -1.202   +0.302   -0.578   +0.920   -0.982   +0.490   -0.178
    -1.181   +0.714   +0.558   +1.750   -0.406   -0.061   -1.194   +1.491
    +0.808   +0.775   +0.503   +0.100   +0.249   -0.482   +1.632   -0.672
    -0.544   +0.210   +0.492   -0.868   +0.882   -1.183   -1.194  +11.163
token ' you' question (strength 14.2):
    +0.291   -0.761   +1.658   -1.211   +0.456   -0.449   -0.203   -0.079
    +0.960   -1.952   -0.023   +0.917   -0.262   -2.120   -2.220   +1.072
    -0.150   +0.333   +0.879   +0.028   +0.144   +0.084   -0.155   +1.123
    +1.085   +3.073   +0.528   +1.518   -0.689   -0.154   -0.736   +1.174
    -0.060   -0.593   +0.064   -0.078   +0.713   -0.406   +0.251   +0.067
    -1.137   +1.012   +0.880   +0.668   -0.384   +0.889   -1.288   +1.154
    +0.301   -0.019   -0.502   +0.895   -0.185   -0.700   +0.774   -1.295
    -0.141   +0.673   +0.054   -0.751   +2.014   -1.810   -0.017  +11.939

--- station 19 · head 11 ---
token 'how' question (strength 19.4):
    +0.873   -2.231   +0.691   -2.694   -0.214   -4.657   +0.091   -2.953
    +1.877   -3.940   -0.272   +2.122   +2.157   -1.288   -1.660   -0.442
    +0.856   -0.654   +1.713   -2.251   -1.071   -1.018   +0.815   +1.534
    -0.212   +4.441   -0.300   +0.482   -0.508   -0.186   -0.451   +0.246
    +1.504   -1.381   +1.175   +2.196   +1.183   +1.250   +0.914   -1.365
    -3.834   -0.468   +0.486   +1.116   -0.928   -0.018   -0.370   -0.231
    +2.262   -1.080   -1.492   +0.213   +0.387   -0.191   +0.575   -0.695
    -1.360   -0.111   +0.670   +0.002   +0.427   -0.563   +2.023  +14.583
token ' are' question (strength 14.3):
    +0.760   -0.659   -0.757   -1.012   -1.057   -0.543   -0.171   +0.640
    +0.498   -0.707   +0.047   +1.282   -0.388   -1.049   -0.977   +0.036
    +1.131   +1.343   -0.158   -0.121   -1.323   -0.406   +1.129   +1.403
    -1.527   +2.786   -0.349   +0.734   -0.230   -0.210   -1.143   +1.093
    +0.801   +0.205   +1.449   +0.081   +0.014   -0.754   +1.392   -0.303
    +0.588   -0.117   +1.145   +1.702   -0.785   +0.190   -0.143   +1.851
    +1.198   -0.729   +0.189   +2.052   -0.399   -1.365   +0.449   +0.455
    -1.231   -0.793   +0.131   -0.325   +1.502   +0.631   -0.161  +12.117
token ' you' question (strength 15.0):
    +1.219   -1.145   -0.181   -0.730   -0.217   -0.799   +0.360   +1.147
    +0.415   -0.983   +0.207   +0.826   +0.215   -2.128   -2.231   -0.786
    +1.223   -0.026   +0.105   -0.759   -0.564   -0.330   -0.658   +1.862
    -0.539   +3.391   +0.193   -0.351   +0.062   +0.794   -1.022   +1.142
    +0.513   +0.771   +1.111   +1.200   -0.055   -0.182   +0.022   -0.042
    -0.802   +0.370   +0.441   +0.587   -1.072   +0.978   -1.267   +0.528
    +0.993   +0.436   -1.370   -0.076   -1.379   -0.744   +0.353   -1.024
    +0.459   +0.202   +0.499   +0.561   +1.865   -0.508   +0.747  +12.857

--- station 19 · head 12 ---
token 'how' question (strength 19.2):
    +1.058   -2.588   -0.031   -3.007   +0.952   -4.178   -0.295   -1.574
    -0.868   -2.442   -0.308   +3.295   +0.508   -0.320   -1.795   +2.001
    +0.941   +0.221   +2.711   +0.712   -0.561   +0.887   -0.053   +0.480
    +1.118   +6.659   +0.626   +0.550   -0.017   +0.631   +0.394   +1.633
    +2.150   +0.053   +1.472   +3.044   +0.728   +1.386   +0.669   +0.047
    -3.255   -0.162   +0.752   +1.751   -0.123   -0.555   -1.229   -1.448
    +0.874   -0.459   -2.196   +0.380   +1.149   +0.707   +0.132   -0.511
    -0.678   +0.451   -0.750   -0.817   +0.329   +0.399   +0.777  +14.051
token ' are' question (strength 13.9):
    +1.185   -0.990   +0.994   -1.446   +0.520   -1.532   -0.797   +0.016
    +0.125   -2.055   +0.498   +1.423   +1.502   +0.781   -1.334   +0.380
    +0.846   -0.429   +1.295   -0.987   +0.077   +0.038   +1.000   +0.792
    -0.090   +2.624   +0.402   -0.273   -0.614   +0.557   +0.708   +0.442
    +1.461   -0.109   +1.411   +0.440   +1.255   -0.702   +1.015   -0.106
    -0.608   +0.418   +0.265   +0.359   +0.131   +0.692   -0.329   +0.279
    +1.185   -0.126   -0.883   +1.087   -0.036   -0.324   +0.651   +0.243
    -0.557   -0.580   -0.205   +0.412   +0.565   +0.253   -0.251  +12.101
token ' you' question (strength 16.6):
    +1.649   -0.981   +1.730   -1.916   +1.258   -3.190   -0.105   +0.220
    -0.568   -2.389   +0.278   +2.861   +1.280   +2.043   -0.628   +2.742
    +1.735   +0.674   +1.549   -1.042   +0.030   +0.675   +1.062   +0.758
    -0.752   +4.636   +0.074   +0.539   +0.059   +0.416   +0.212   +0.638
    +1.810   -0.074   +1.663   +2.011   -0.375   -0.553   +0.245   -0.727
    -1.713   +0.542   +0.976   +0.003   -0.518   +1.472   -1.026   +1.201
    +1.016   -0.835   -0.556   +0.437   +0.148   -0.895   -0.675   -0.559
    -0.001   -0.237   +0.140   +0.545   +1.039   -0.099   +0.193  +12.909

--- station 19 · head 13 ---
token 'how' question (strength 12.8):
    +0.873   -1.074   +0.902   -1.877   +0.034   -1.732   +0.077   -0.710
    +1.336   -1.249   -1.074   +0.339   +0.015   -0.517   -0.582   +1.146
    -0.938   -1.325   -0.761   -0.399   +0.045   -0.102   -1.056   +1.912
    +0.108   +0.625   -0.775   +0.590   +1.095   -0.957   -2.723   +0.952
    +0.907   -0.416   +1.130   +0.536   +1.449   -0.468   +0.494   -1.246
    -0.807   -0.676   -0.225   +0.044   -1.156   +0.101   +0.015   -1.454
    -1.057   -0.261   -1.044   -0.458   +0.661   -0.505   +1.639   +0.996
    -1.783   +0.509   +0.426   +2.603   +0.443   -0.825   +0.008   +9.892
token ' are' question (strength 12.7):
    +0.075   -0.059   +0.658   +0.005   -0.072   +0.093   -0.313   -0.016
    -0.095   -0.621   -0.155   +0.461   +0.614   -0.967   +0.824   -0.868
    +0.318   +1.248   +0.915   -0.458   -0.043   -1.533   +1.045   +2.112
    +1.271   -0.159   -1.279   -1.816   -1.368   +1.068   +0.025   -0.407
    -0.306   +0.003   +0.607   -0.140   +0.371   -0.173   +0.731   -0.219
    -0.061   +0.598   +0.561   +0.463   -0.323   -0.913   -1.673   +1.263
    +0.813   -0.931   +1.597   +0.651   -0.882   -1.681   +0.607   +0.775
    -0.665   -1.751   +0.419   +0.497   +0.181   +0.405   -0.540  +10.739
token ' you' question (strength 13.3):
    -0.081   -0.002   +0.107   +0.098   -0.238   -0.057   -0.125   -0.051
    -0.099   -0.712   -0.009   +0.872   +0.657   -0.333   -0.045   +0.342
    -0.026   +1.369   -0.781   -1.101   +1.016   -0.129   +0.289   +0.445
    +1.522   +0.121   +0.560   -1.234   +0.594   +1.777   +0.636   +0.074
    -0.272   +0.181   +0.027   -0.031   +0.178   -0.024   +0.609   -0.070
    -0.150   +0.538   +0.278   +0.527   -0.672   -0.009   -1.730   +0.883
    +0.795   -0.444   +1.069   -0.986   -0.617   -0.877   +0.307   +0.673
    -0.021   -1.355   +0.489   +2.638   +1.730   -0.287   +0.143  +11.800


############ STATION 20 ############

--- station 20 · head 0 ---
token 'how' question (strength 19.2):
    -0.940   +2.502   +1.571   +0.941   -1.427   -2.794   -1.803   +1.738
    -5.443   -1.277   +3.303   -1.234   -0.778   -0.335   -0.732   +0.530
    +0.057   -0.841   -1.213   -0.073   +1.594   +2.774   -0.716   +0.363
    +1.128   +0.578   -2.604  -14.899   -0.265   -0.786   +0.458   -1.080
    -0.609   +0.845   -1.029   +1.705   -2.530   +0.934   -0.349   -1.491
    +0.262   +1.088   -1.210   -0.597   +1.079   +2.697   -1.415   -3.196
    -2.098   +0.649   -1.935   +0.938   +0.351   +0.314   +0.351   +0.781
    +0.385   -0.182   -0.128   -1.825   +0.138   -0.683   +0.347   -0.346
token ' are' question (strength 17.5):
    -0.330   +0.959   +0.490   +0.009   +0.882   -0.471   -0.979   -0.639
    -0.121   -1.327   +2.501   +1.034   +1.166   -0.552   +1.665   -2.037
    +0.021   -1.948   -0.327   -0.894   +1.777   +0.450   -2.480   -0.997
    -0.520   -1.262   +0.536  -13.762   +0.112   -1.333   -1.504   -1.117
    -0.305   +0.546   +0.158   +0.437   -1.009   +0.029   -1.211   +1.576
    -0.076   -0.684   +0.235   +1.289   +1.300   +1.836   -0.003   -5.800
    -3.936   +0.128   -1.590   +0.575   +0.726   -0.782   +0.697   +0.341
    +0.148   +0.493   +0.509   -1.805   +0.494   +0.670   +1.287   -0.745
token ' you' question (strength 17.6):
    -0.354   +0.974   +0.293   +0.089   -0.282   -0.446   -1.340   +0.289
    -0.435   -0.155   +0.721   +1.878   +0.933   -0.654   +1.470   -0.122
    -0.212   -1.991   -1.098   -0.256   +1.563   +1.269   -3.543   -0.163
    -0.720   -0.186   +0.192  -13.921   -0.737   -1.769   -1.202   +0.026
    +0.055   -0.126   -0.434   +0.613   -0.419   +0.351   -0.598   +0.832
    +0.582   +0.279   +0.828   +1.787   -0.513   +1.636   -0.970   -6.025
    -3.898   -0.558   -1.540   -0.081   +0.604   -1.081   +0.966   +0.450
    +0.226   -0.222   -0.012   -1.995   -1.064   +0.861   +1.949   +0.045

--- station 20 · head 1 ---
token 'how' question (strength 22.1):
    -0.614   +2.484   +1.695   -0.987   +0.032   -3.379   -0.809   +1.327
    -5.270   -0.685   +3.661   +0.546   +0.059   -0.895   +1.255   -0.254
    +0.603   -0.628   -0.808   -1.830   +1.694   +0.107   -2.422   -0.443
    -0.253   -0.202   -0.973  -18.179   -0.786   -0.198   +0.534   -1.588
    -0.950   +1.497   -1.653   +1.128   -2.303   +2.579   -2.558   -0.793
    -0.604   +0.382   +1.648   -0.098   -1.746   +4.557   -1.038   -0.710
    -1.186   -1.278   -1.902   +0.523   +0.030   -0.362   -0.428   -0.555
    -0.104   +0.740   -0.385   -1.990   -0.285   -0.373   +1.943   +0.482
token ' are' question (strength 20.8):
    +0.471   +1.186   +1.923   -0.734   +1.335   -3.322   -0.399   +0.277
    -3.192   -0.816   +4.257   +0.989   -0.679   +0.898   +0.753   -0.289
    +0.337   -1.457   -1.137   +0.236   -0.185   +0.396   -2.980   -0.732
    -0.945   -0.625   -1.140  -17.656   -0.380   -0.487   +0.367   -1.231
    -0.628   +1.765   +0.734   +0.826   -1.950   +0.621   -0.165   -1.024
    -0.894   -0.433   -0.634   +0.033   -2.373   +3.895   +0.087   -1.774
    -1.806   -0.325   -2.929   -0.215   +0.357   -0.586   -0.180   -0.588
    -0.017   -0.057   -0.413   -1.831   -0.383   -0.237   +1.402   -0.144
token ' you' question (strength 20.0):
    +0.170   +1.538   +1.451   -0.584   +2.125   -2.865   -1.430   -0.600
    -4.754   +1.039   +0.702   +1.253   +0.499   +0.598   +0.572   -0.658
    +1.750   -1.003   -1.411   +0.612   -0.326   +1.223   -2.951   -0.401
    -1.150   -0.214   -1.349  -16.324   -0.502   -0.825   -0.288   -0.749
    -0.218   +1.780   +0.188   +1.238   -0.636   +1.163   -0.795   -1.515
    -1.123   -1.140   -1.275   -0.249   -2.265   +3.824   -0.425   -3.037
    -2.518   -0.481   -1.920   -0.563   +0.850   -1.579   -0.014   -0.474
    -0.583   -0.346   -0.959   -1.497   -0.765   +0.093   +1.688   -0.587

--- station 20 · head 2 ---
token 'how' question (strength 12.3):
    -0.212   +0.330   +0.175   +0.812   -0.295   -0.484   -0.180   -0.283
    -0.057   -0.165   +0.058   -0.239   -1.048   +0.371   -1.591   -0.251
    +0.633   +0.176   -0.901   -0.717   -0.194   +1.075   +0.672   -0.920
    +0.535   +0.112   -2.530  -10.003   +0.202   +1.142   -0.415   -2.298
    +0.189   -0.190   -0.185   +0.187   -0.314   +0.092   -0.230   -0.449
    -0.196   +0.383   -0.220   -0.017   -0.771   +1.232   -0.206   -1.560
    -0.976   +0.936   +0.418   -1.629   -0.496   -1.487   -0.226   +0.061
    -0.529   -0.209   -2.675   -1.942   -0.209   +1.255   +1.398   -0.191
token ' are' question (strength 13.9):
    +0.054   -0.060   -0.015   -0.124   -0.119   +0.086   -0.130   -0.194
    -0.004   +0.161   +0.301   -0.251   -0.571   -0.540   +0.762   +0.384
    +0.398   -3.376   +1.853   -2.062   +0.336   +0.749   +1.250   -2.305
    +0.867   -1.482   -1.073   -8.827   +1.667   -2.035   -3.395   -4.094
    -0.025   -0.125   -0.001   -0.525   +0.048   -0.022   +0.298   +0.734
    +0.319   +0.179   -0.273   +0.388   -0.466   -0.013   +1.182   -1.700
    +0.608   +2.382   -0.054   +2.138   +1.835   +0.527   +1.614   +1.471
    -0.009   +0.294   -0.674   -2.448   +1.662   +0.963   +1.798   -3.184
token ' you' question (strength 12.8):
    +0.081   -0.218   -0.103   -0.156   -0.113   +0.202   +0.002   -0.038
    +0.037   +0.093   +0.238   +0.347   -0.614   -0.255   -0.485   +0.682
    -0.283   -1.363   +1.715   +0.418   +0.323   +1.134   +0.369   +0.760
    -1.733   +0.713   +0.861  -10.232   +0.807   -1.946   -2.160   -0.174
    +0.065   -0.093   -0.030   -0.567   +0.209   -0.046   +0.532   +0.838
    +0.349   +0.315   -0.504   +0.487   -0.061   +0.032   +0.994   -1.929
    +0.563   +0.555   -0.177   -1.452   +1.402   -1.253   +0.749   -0.516
    -1.064   -0.733   -2.284   -2.036   -0.339   +0.893   +3.048   +1.110

--- station 20 · head 3 ---
token 'how' question (strength 23.4):
    -6.187   +2.782   +3.475   +1.775   -0.310   -3.900   +0.494   -0.351
    -5.048   -0.062   +3.881   -0.527   +0.241   -1.906   -0.274   +2.450
    +0.837   +0.040   -0.994   -0.045   +0.186   -0.190   -2.472   -0.890
    -0.226   -0.630   -2.410  -18.532   -0.702   +0.184   +0.835   -1.731
    -2.718   +0.773   -3.045   +2.501   +0.672   +1.265   -1.164   -0.652
    +0.301   -0.440   +0.437   +0.340   +1.246   +3.660   -0.213   -0.455
    -0.630   +0.098   -2.049   +0.429   -0.500   +0.837   +0.058   -0.504
    +0.393   -0.297   -0.039   -2.236   -0.065   -0.995   +0.181   -0.807
token ' are' question (strength 24.0):
    -4.321   +0.785   +3.837   +0.823   -0.070   -2.595   -0.508   +1.354
    -4.660   +0.621   +3.696   +0.506   +0.247   -0.458   -0.159   +0.028
    +1.220   -0.234   -1.573   -0.417   -0.120   +0.203   -3.897   -1.150
    -0.645   -0.252   -1.984  -19.086   -0.293   -0.759   -0.328   -0.863
    -4.184   +0.978   -3.010   +3.803   +0.434   +1.536   -2.969   -0.868
    +0.861   +0.908   +1.460   +1.542   +1.452   +3.786   -1.252   -1.385
    -2.458   -0.742   -3.039   +0.728   +0.776   +0.233   -1.453   -0.764
    +0.939   -0.027   -0.065   -2.230   -0.219   -0.361   +0.614   -1.164
token ' you' question (strength 24.6):
    -3.722   +0.139   +4.601   +1.583   -1.075   -2.783   -1.286   +1.426
    -4.820   -0.101   +3.844   -0.376   +0.449   -1.931   -0.180   +0.717
    +1.176   +0.622   -1.369   +0.459   +0.252   +1.198   -4.410   -0.967
    -0.591   -0.077   -1.253  -19.501   -0.362   -0.788   -0.350   -1.216
    -2.741   +0.754   -1.649   +4.496   -0.599   +1.089   -2.778   -1.175
    +1.679   +1.545   +1.175   +0.728   +1.238   +3.848   -1.406   -1.605
    -2.537   -1.113   -3.604   +0.417   +1.114   +0.191   -0.908   -0.869
    +1.270   -0.171   -0.253   -2.151   -0.529   -0.393   +0.262   -0.426

--- station 20 · head 4 ---
token 'how' question (strength 17.9):
    -1.139   +0.608   +0.567   +1.529   +0.802   -2.609   +0.736   -0.853
    -4.373   -0.999   +3.058   -0.277   -1.889   -1.255   +0.698   -0.629
    +0.058   -0.060   -0.780   +0.333   +1.161   -0.153   -0.883   +0.367
    -0.526   -0.606   -1.626  -14.675   +0.049   -0.576   -0.506   -0.447
    -0.022   +0.527   -1.260   +0.925   -0.030   +1.526   -1.818   -1.399
    -1.009   -0.032   -0.065   -0.432   -0.591   +4.217   +1.924   -1.135
    -1.858   +0.232   -1.894   +0.855   -0.099   -0.176   -0.635   -0.020
    -0.099   +0.139   +0.034   -1.271   +0.417   -1.090   +1.495   +0.069
token ' are' question (strength 14.8):
    -0.438   +0.702   +1.050   +1.263   +0.429   -1.283   -0.290   +0.511
    -1.065   -1.122   +1.009   -0.014   +1.614   -1.857   +0.416   -0.283
    +0.984   -0.143   -1.612   -0.454   +1.610   +0.600   -2.065   -0.895
    -1.430   -0.141   -0.130  -11.807   +0.043   -1.907   -1.140   -0.344
    -0.588   +0.303   -0.112   +1.174   -0.799   +0.153   +0.566   -0.236
    -0.439   -0.570   +0.043   +0.445   -0.890   +2.963   +1.728   -4.647
    -0.882   +0.928   -1.196   +0.772   +0.332   -0.791   -0.192   +0.319
    +0.410   +0.871   -1.145   -0.487   +0.130   +0.609   +0.857   -0.928
token ' you' question (strength 17.1):
    -0.360   +0.927   +1.405   +1.704   +0.706   -1.870   +0.785   +1.599
    -1.626   -1.291   +0.786   +0.316   +0.818   -0.560   +0.643   -1.657
    +0.263   -0.483   -0.950   -1.333   +1.706   +0.559   -3.742   -0.678
    -1.876   -0.595   -0.425  -13.210   -0.127   -1.853   -0.208   +0.643
    -0.748   +0.802   -0.192   +1.269   -1.228   +0.629   -0.200   -1.117
    +0.556   -1.208   +0.111   +0.973   -3.075   +4.076   +1.536   -4.726
    -0.447   +0.540   -0.946   +0.086   +0.431   -0.240   -0.597   -0.224
    +0.205   +0.489   +0.267   -1.356   +0.051   +0.230   +1.706   -0.560

--- station 20 · head 5 ---
token 'how' question (strength 18.6):
    -1.052   +1.137   +2.213   +0.803   +0.599   -2.785   -2.612   +0.041
    -2.719   -1.048   +3.204   -1.332   -1.217   -1.346   -0.424   +0.665
    +1.945   +0.631   -0.825   -0.548   +0.192   +0.494   -0.595   +0.221
    +0.218   -0.413   -1.430  -15.489   -0.841   -0.410   +0.464   -0.421
    -1.659   +0.960   -0.655   +2.232   -0.676   +0.506   -2.059   +0.320
    -0.980   +0.877   -0.072   -0.484   +0.926   +3.282   -1.325   -0.256
    -2.903   -0.749   -2.443   +0.018   +0.477   -0.198   -0.297   +0.009
    +1.064   +0.740   +0.114   -1.670   +0.588   -0.734   +0.181   -0.729
token ' are' question (strength 14.8):
    +0.026   -0.141   +0.516   -2.025   +0.542   -1.232   -1.998   +0.798
    -1.135   -1.217   +1.460   +0.339   -2.048   +1.355   +0.490   +0.049
    +0.432   -0.587   -1.667   -0.337   +0.685   +0.354   -2.099   -1.163
    -1.094   -0.155   +0.366  -12.257   +0.136   -0.518   -0.356   -0.671
    -0.225   +0.995   +0.207   +1.824   +0.397   -0.099   -1.524   -0.027
    +0.230   -0.542   +0.439   +0.928   -2.091   +3.105   -0.591   -1.713
    -1.876   -1.081   -0.441   -0.078   -0.172   -0.234   -0.592   -0.564
    +0.284   +0.403   -0.433   -1.220   -0.277   -0.195   +1.038   -0.154
token ' you' question (strength 15.6):
    -0.895   +1.138   +0.546   -1.988   -0.547   -0.921   -1.782   +0.864
    -1.077   -0.667   +1.019   +1.097   -1.757   +1.407   +0.031   -0.750
    -0.893   -0.660   -1.704   -1.149   +0.053   -0.637   -2.692   -0.470
    -0.963   -0.641   +0.388  -12.433   -0.124   -1.111   -0.194   -0.794
    -0.156   +0.358   -0.540   +1.935   +0.132   +0.530   -1.204   -0.731
    +0.646   -0.417   +1.483   +1.495   -1.810   +3.311   -1.370   -2.161
    -3.003   -1.335   -0.181   +0.141   -0.478   -0.634   -0.417   -0.855
    +0.245   -0.193   -0.047   -1.908   -0.721   -0.128   +1.413   -0.550

--- station 20 · head 6 ---
token 'how' question (strength 12.1):
    -0.124   +0.073   +0.339   +0.391   +0.374   -0.690   -0.291   -0.448
    -0.368   -0.810   +0.162   +0.089   -0.932   -0.544   -0.101   -0.658
    +1.341   +0.910   -1.040   +1.172   +0.471   -0.240   -1.075   +2.523
    -0.387   -1.736   +2.061   -9.750   -0.561   +0.076   +1.129   +0.780
    -0.101   +0.248   -0.188   +0.586   -0.450   +0.028   -0.632   -0.627
    -0.082   +0.645   +0.075   +0.735   -0.444   +0.287   -0.025   -1.917
    +1.621   +0.650   -0.238   -1.081   -2.134   +0.213   -0.656   -0.687
    +1.137   -1.143   +0.257   -2.371   +0.453   -0.207   +0.220   +0.523
token ' are' question (strength 11.5):
    +0.005   -0.067   -0.005   -0.156   +0.038   -0.060   -0.021   -0.084
    -0.106   -0.185   +0.500   -0.044   -0.311   -0.943   +0.460   +1.348
    -0.356   -0.336   +2.015   -0.110   +0.132   -0.272   +1.351   +0.040
    +1.549   -0.583   +1.197   -9.593   +1.844   -0.872   -1.883   -1.279
    -0.069   +0.062   -0.019   -0.066   -0.003   -0.097   +0.026   +0.111
    +0.051   +0.104   +0.092   +0.575   -0.918   -0.415   +0.170   -2.043
    +1.027   +0.509   -0.246   +0.099   +0.034   +0.404   +0.126   +0.322
    +0.249   -0.320   -0.587   -0.968   +1.974   +1.275   -1.378   -0.179
token ' you' question (strength 11.6):
    +0.005   -0.049   -0.075   -0.034   -0.061   +0.073   -0.038   -0.183
    -0.168   -0.042   +0.413   -0.077   -0.738   -0.634   +0.639   +0.547
    +0.637   -1.010   +1.628   +0.405   +0.784   +0.820   +0.583   +0.715
    -0.463   -0.985   +2.271   -9.212   +1.423   -0.658   -1.494   +1.153
    -0.071   -0.023   -0.005   -0.222   +0.173   +0.068   +0.059   +0.308
    +0.087   +0.366   -0.146   +0.791   -0.807   -0.074   -0.019   -2.581
    +2.077   -0.758   +0.201   -1.702   +0.318   -0.128   +0.636   +0.732
    +0.328   -0.194   -0.558   -2.310   +0.281   +0.591   +2.043   +1.033

--- station 20 · head 7 ---
token 'how' question (strength 14.8):
    -0.498   +0.872   +0.905   +0.550   +0.408   +1.284   +0.790   -0.014
    -0.124   +0.162   -0.117   +0.239   -1.200   -0.233   +1.021   -0.945
    +0.504   +0.518   +0.893   -0.023   +0.783   +0.535   +1.781   +2.423
    +0.206   +3.271   +0.266   -2.158   -0.709   -1.007   +1.055   +0.482
    -0.809   -0.572   +0.945   +0.163   +1.175   +0.144   +0.936   +1.580
    -0.552   +1.294   -0.160   -0.530   -0.949   +1.908   -1.421   -0.071
    +0.643   +0.613   +1.069   +0.472   +0.248   -0.196   +1.782   +0.500
    +1.532   +4.346   +1.277  +11.425   +1.487   +0.824   +1.583   -0.891
token ' are' question (strength 12.1):
    -0.132   +0.113   +0.322   +0.381   +0.490   +0.073   +0.141   +0.239
    -1.004   +0.185   +0.733   +1.063   -1.556   +0.189   +0.889   -0.283
    -0.078   -0.748   -0.312   +0.698   +0.731   -0.883   -0.903   -0.595
    +1.039   +2.282   +0.632   -1.344   +0.723   +0.795   +1.161   +1.447
    -0.219   -0.886   +0.209   +0.326   +0.231   -0.095   +0.700   +0.976
    +0.607   +0.855   -0.276   +0.686   -1.174   +1.185   -0.187   +0.046
    +0.403   +1.625   +0.525   -1.084   +0.308   +0.919   +1.831   +0.731
    -0.568   +2.896   +1.940   +9.512   -1.350   -0.995   +0.657   +0.860
token ' you' question (strength 13.5):
    -0.168   +0.184   +0.436   +0.047   +0.443   +0.155   -0.239   +0.085
    -0.692   -0.062   +1.401   +0.978   -1.409   +0.613   +0.957   -0.588
    +0.819   -1.724   +0.414   +0.907   +0.937   +0.299   -1.103   -0.760
    +1.278   +1.759   +1.286   -2.127   -0.983   +0.508   +0.877   +1.554
    -0.254   -0.755   +0.275   -0.326   +0.213   -0.372   +1.103   +1.073
    +0.933   +0.728   +0.488   +0.698   -0.956   +1.206   -0.518   +0.210
    +0.895   +0.645   +0.213   -1.477   -0.530   +0.309   +1.666   +2.728
    -0.813   +4.057   +3.231   +9.739   +1.414   -1.247   +1.569   -0.457

--- station 20 · head 8 ---
token 'how' question (strength 18.9):
    +4.095   +4.131   -0.455   -0.046   +0.314   +2.456   -0.346   -1.122
    -0.688   -0.950   -0.576   -0.205   -2.523   -1.232   +2.554   -0.277
    -0.656   -0.626   +1.685   +0.060   -0.860   -0.823   +0.912   +0.570
    -0.532   +1.045   -0.418   -2.310   +0.205   -0.518   -0.125   +0.083
    -3.863   +0.903   +3.474   -0.306   +3.611   +1.737   +0.351   +3.759
    +1.089   +3.111   +0.048   +0.248   -0.283   +0.444   -2.581   +1.769
    -0.289   -0.517   +1.559   +1.041   -0.082   +0.089   +0.488   -0.564
    -0.821   +0.387   +0.360  +14.145   +0.882   -0.969   +0.751   -0.303
token ' are' question (strength 19.5):
    +4.233   +2.451   -0.026   +0.432   -0.443   +2.091   +1.092   -1.208
    -0.861   -0.611   +0.170   +0.652   -3.095   -0.047   +1.727   -0.286
    -0.627   +0.036   +1.301   +0.428   +0.864   -0.029   +0.924   +0.098
    +0.745   +0.128   -0.511   -2.368   -0.469   +0.013   +0.262   +0.344
    -2.612   +0.940   +3.383   -0.900   +3.065   +0.312   +0.300   +3.723
    -0.197   +3.334   -0.056   -1.369   -0.555   +0.335   -2.489   +1.239
    +0.748   +0.187   +1.581   -0.781   -0.412   -0.185   +1.792   -0.160
    -0.552   -1.609   +0.625  +15.735   -0.580   -0.293   -0.220   +0.650
token ' you' question (strength 19.8):
    +3.849   +2.985   -0.150   +0.370   -0.193   +2.029   +1.671   -1.505
    -0.542   -0.059   +0.105   +1.284   -3.570   +0.017   +1.463   -0.536
    +0.695   +0.286   +1.782   -0.269   +0.868   +0.374   +1.853   +0.227
    +0.388   -0.242   +0.492   -2.617   -0.874   -0.054   -0.342   -0.064
    -1.666   -0.187   +2.945   -1.118   +3.183   -1.433   -0.312   +3.776
    +0.047   +3.192   +0.210   -0.403   -0.659   -0.432   -2.119   +0.884
    +0.936   +0.253   +2.785   -0.114   +0.417   +0.711   +1.715   -0.125
    -0.113   -2.046   +0.775  +15.754   +0.615   -1.018   -0.357   +1.251

--- station 20 · head 9 ---
token 'how' question (strength 18.6):
    -1.158   +0.229   +2.300   +0.516   +0.606   +1.714   +0.352   -0.585
    +0.134   -1.878   +0.591   +0.635   -2.804   +0.441   +1.277   -0.992
    -0.567   -0.847   +2.192   +0.059   -0.040   -1.783   +0.071   +0.714
    -0.323   +1.137   -0.858   -2.816   +0.486   -1.043   +1.421   -0.135
    -1.434   -0.679   +1.533   +0.141   +1.462   +0.544   -0.400   +3.464
    -1.139   +2.020   -0.758   -2.066   -1.130   +0.918   -2.707   +0.595
    -0.800   +0.497   +1.316   +0.097   -0.917   +0.226   +0.482   +1.120
    -0.461   -1.192   +0.247  +15.725   +1.939   -0.983   +0.247   +0.100
token ' are' question (strength 16.0):
    +0.333   +1.279   +0.447   +1.176   -0.558   +1.139   +1.274   -1.513
    +0.440   -0.690   +0.760   +1.241   -3.343   +0.361   +0.102   -0.496
    +0.612   -0.434   +1.236   -0.099   -0.656   +0.661   +0.590   +0.142
    +0.480   +1.125   +0.331   -2.665   -0.147   -0.592   +1.108   +0.434
    -1.294   -0.525   +2.305   +0.495   +1.842   +0.369   +1.587   +3.253
    +0.008   +1.073   -0.014   -1.693   -1.129   +0.735   -2.511   +0.249
    +0.501   -0.199   +0.204   -0.152   +0.610   +0.519   +0.548   +1.196
    +0.165   +0.157   +1.004  +13.270   +0.257   +0.076   +1.127   -0.351
token ' you' question (strength 16.8):
    -0.117   +0.869   +1.615   +1.352   -0.221   +0.928   +0.820   -0.783
    +1.141   -1.203   +0.257   +0.573   -2.763   -0.601   -0.289   -1.718
    +0.183   -0.510   +1.402   -1.900   -0.624   +0.549   +0.463   +0.438
    -0.439   +0.566   +0.585   -2.126   -0.434   -0.474   +0.937   +0.293
    -1.406   -1.209   +1.733   +0.112   +1.998   -0.396   +1.581   +3.842
    -0.029   +1.180   +0.598   -2.117   +0.424   +0.491   -2.587   -0.056
    +0.203   +0.753   +0.769   -0.285   +1.064   -0.402   +0.770   +0.441
    -0.096   -0.917   +1.471  +14.108   +0.972   -0.662   +0.689   +0.166

--- station 20 · head 10 ---
token 'how' question (strength 17.8):
    -1.091   +0.283   +1.893   +0.861   +1.675   +2.125   +1.558   -0.251
    +0.371   -0.260   +0.006   -1.230   -2.041   +0.307   -1.068   +0.640
    +0.278   -1.144   +1.064   -1.525   +3.659   -0.088   +0.798   -0.164
    +0.992   +1.382   +0.119   -0.732   -1.903   +0.186   -0.252   +0.955
    -0.444   -0.778   +0.705   +0.418   +1.392   -0.081   +0.550   +2.675
    +0.632   +1.778   +1.842   -0.937   +1.144   -0.330   -0.880   -0.222
    -1.094   +1.793   +0.408   +0.521   +0.414   +0.684   -0.003   -0.949
    +0.449   -2.415   +1.480  +14.631   +1.430   -2.087   +2.062   -2.606
token ' are' question (strength 12.7):
    -0.362   -0.895   -0.041   -0.775   +0.113   -0.358   -0.372   +0.686
    -0.453   +0.344   +0.920   +0.064   -0.390   -0.367   +1.707   +0.608
    -0.602   +0.194   -1.186   +0.733   +4.005   +1.278   -1.139   -0.795
    +1.458   +1.861   -0.262   -0.306   -0.497   +0.517   +1.414   +1.351
    +0.646   +0.007   -0.425   -0.461   -0.282   +0.511   +0.420   -0.178
    +0.242   +0.040   -0.005   +0.652   -1.377   +0.628   -0.722   -0.082
    +0.720   +1.070   -0.198   -0.330   +1.489   -0.897   +1.543   -0.914
    +0.587   -0.994   +1.707   +9.724   -2.530   -1.025   +1.476   +0.550
token ' you' question (strength 13.3):
    -0.249   -0.819   +0.193   -1.305   +0.157   -0.207   +0.548   +0.929
    -1.068   +0.656   +0.489   +0.543   -1.338   -0.247   +1.159   -0.715
    -0.330   -0.199   +0.637   -1.579   +3.795   +1.131   -1.403   +0.122
    +1.373   -0.654   +0.584   -0.593   -1.200   +1.209   +1.410   +1.218
    +0.570   -0.164   -0.141   -0.017   +0.044   +0.217   +1.406   +0.331
    +0.994   +0.356   -0.540   +0.464   -0.094   -0.518   -1.499   -1.177
    +0.397   +0.244   -0.330   -0.362   +1.578   -0.347   +2.488   +0.509
    +0.565   -2.078   +3.268  +10.024   +0.346   -1.668   +0.182   +1.331

--- station 20 · head 11 ---
token 'how' question (strength 21.6):
    -0.871   +1.601   +2.899   +0.521   +1.706   +1.740   +0.648   -1.475
    +0.850   -1.297   -0.460   +0.422   -2.567   -0.787   +2.283   +0.941
    +0.551   -0.264   +1.257   +0.815   -0.378   -0.589   -0.352   +0.856
    -0.123   +1.932   +0.463   -2.081   -0.641   -0.337   +0.100   -0.368
    -3.559   -2.821   +3.094   -0.438   +5.918   +0.313   +0.707   +5.540
    +0.298   +4.162   -0.067   +0.230   -0.882   -0.040   -2.451   +2.051
    +0.843   +1.489   +3.041   +0.518   -1.665   +0.721   +0.718   -0.680
    +0.270   -2.201   +0.243  +16.371   +1.340   +0.161   +0.212   -0.070
token ' are' question (strength 18.7):
    -0.096   +0.918   +1.566   +0.353   +0.100   +1.173   +1.389   +0.356
    -0.968   +0.165   +0.475   -0.331   -1.622   -0.072   +0.499   +0.428
    -1.541   +0.892   +2.657   +0.748   +0.480   +0.764   +0.449   +0.486
    +0.229   +0.527   +0.020   -2.166   +0.023   -0.424   +0.705   +0.226
    -2.312   -0.898   +1.983   +0.826   +3.371   -1.166   +1.866   +2.432
    +0.666   +3.001   -2.002   -0.993   -0.883   +0.763   -3.675   +0.918
    -0.129   +0.027   +0.786   -0.805   +0.477   -1.269   +1.499   -0.910
    -0.603   -3.283   -0.068  +15.455   -0.668   -0.327   -0.484   +0.732
token ' you' question (strength 21.1):
    -0.193   +1.343   +3.357   -0.973   +1.560   +1.599   +1.700   +0.224
    -0.942   -0.117   +0.829   -0.238   -1.474   +0.224   +1.529   -0.566
    -0.303   +0.972   +4.220   +0.481   +0.067   +0.143   +0.314   +0.782
    +0.016   +0.122   +0.519   -3.188   -0.427   -0.124   +0.455   +0.355
    -2.543   -2.519   +2.528   -0.787   +4.774   -0.586   +1.238   +4.127
    +1.158   +3.449   -1.129   -0.915   +0.180   -0.935   -3.498   +0.479
    +1.224   +0.711   +0.832   -0.915   +0.933   -0.520   +1.247   -0.024
    -0.486   -3.118   +0.869  +16.621   +0.138   -0.736   -0.888   +0.371

--- station 20 · head 12 ---
token 'how' question (strength 20.2):
    +0.503   +1.176   +0.184   +1.590   +0.425   +1.881   +0.761   -1.263
    -0.055   -1.007   -0.359   -0.307   -2.278   -1.722   +1.607   +1.352
    +0.062   +0.784   +1.969   +0.302   +1.182   +2.849   +0.380   +0.040
    +0.369   +0.668   +0.208   +0.054   -1.987   +0.258   -0.261   -1.336
    -1.269   -0.615   +1.097   +0.610   +1.783   +0.388   +0.318   +2.571
    +0.275   +2.666   +0.245   -1.831   -1.822   +1.249   -2.568   +0.993
    +1.171   +0.472   +0.187   +0.032   -0.621   +2.611   +0.879   +0.715
    +0.468   -2.200   -1.135  +17.527   +0.863   -1.082   +0.083   +0.761
token ' are' question (strength 18.4):
    -0.140   +0.492   +0.056   +0.834   -0.196   +0.716   +0.538   -0.478
    +0.285   -0.357   +0.104   +0.741   -1.510   +0.681   +1.836   -0.605
    +0.702   +0.492   +1.124   -0.793   +2.638   +1.650   +0.130   +0.434
    +1.774   +0.614   -0.435   +0.554   -1.542   -0.555   -0.876   +1.094
    -0.472   -0.401   +0.878   +0.799   +1.383   +0.587   +1.849   +1.713
    +0.094   +1.815   +0.184   -2.807   -1.933   +1.761   -2.146   -0.368
    +0.557   +2.180   -1.800   -1.350   +0.356   +1.927   +1.868   -0.089
    +0.593   -3.393   +0.795  +15.618   -0.932   -0.707   +0.088   +1.160
token ' you' question (strength 19.2):
    -0.231   -0.255   +0.707   +0.216   +0.154   +1.284   +0.250   -0.439
    +0.122   +0.279   +1.003   +0.738   -1.729   +0.397   +1.569   -0.749
    -0.621   -0.360   +2.298   -2.735   +1.724   +1.141   -0.271   +0.423
    +1.459   -0.154   -1.191   +0.188   -0.877   -1.387   -1.407   +0.977
    -0.040   -0.349   +0.314   +0.478   +1.373   -0.239   +1.760   +2.061
    -0.365   +2.399   +0.604   -2.044   -1.991   +1.214   -2.903   -0.177
    +0.722   +0.947   -0.825   -1.517   +1.034   +1.428   +1.595   +0.140
    +0.350   -4.187   +1.857  +16.246   +0.606   -0.074   -0.251   +1.782

--- station 20 · head 13 ---
token 'how' question (strength 21.0):
    -0.148   -0.201   +0.771   -0.710   +1.988   +1.990   -1.221   +0.028
    -0.143   +0.252   -1.071   +2.302   -2.671   +0.038   +1.579   -1.859
    -0.400   -1.252   +2.146   +0.657   -1.535   +0.001   +0.035   +0.166
    +0.436   +0.823   -1.140   -3.329   -0.906   -0.795   -0.167   -0.694
    -1.050   -0.971   +1.422   -0.541   +1.252   -0.324   -1.654   +2.776
    -0.742   +6.820   +0.425   +0.213   -0.270   +0.247   -2.880   +0.241
    +0.216   -1.202   +2.133   +0.277   -0.338   +1.359   +0.428   +0.236
    -0.422   -1.647   -0.843  +17.317   +0.902   +0.566   -1.123   +0.984
token ' are' question (strength 19.1):
    +0.405   +0.402   +0.376   -0.352   +0.648   +4.969   -1.156   -0.592
    -0.285   +1.125   +0.936   +0.350   -3.331   +0.944   +2.392   -2.059
    +0.293   +0.417   +1.716   +0.732   -1.800   -0.634   +1.765   +0.089
    -0.305   +0.653   -0.358   -3.413   +0.233   -0.365   -1.250   +0.014
    -1.236   -0.913   +1.296   -0.747   +1.175   -0.856   -1.082   +1.502
    -0.190   +4.388   +0.247   -0.102   -0.460   +0.212   -2.057   -0.846
    -0.716   +0.195   +2.962   -0.058   +0.707   +0.980   +1.039   -0.311
    +1.017   -1.122   +0.115  +15.464   +0.487   -0.051   -0.458   +1.295
token ' you' question (strength 22.7):
    +0.542   +0.402   +0.993   +0.059   +0.776   +5.671   -0.745   -0.355
    +0.283   -0.335   +0.819   +0.597   -4.778   +1.760   +2.195   -1.388
    -0.505   +0.338   +4.455   +0.994   -1.726   -0.913   +2.939   +0.093
    +0.733   +1.211   +0.238   -3.681   -1.247   -0.435   -1.542   +0.125
    -0.445   -0.477   +1.022   -2.020   +1.396   -0.325   -1.668   +2.663
    +0.250   +6.134   -0.899   -0.160   -1.278   +0.084   -3.200   -2.890
    +0.060   +2.810   +0.628   -0.861   +0.486   +1.414   +1.397   -0.002
    +0.586   -0.627   +0.277  +17.333   +0.275   +0.204   -1.009   +1.149


############ STATION 21 ############

--- station 21 · head 0 ---
token 'how' question (strength 14.6):
    +1.337   +0.205   +1.944   +0.599   -3.402   +0.909   +3.554   -2.358
    -1.650   +0.842   +2.647   -0.313   +0.280   -0.345   -0.690   +0.158
    +1.834   +3.486   -1.225   -2.083   -1.117   -1.906   -0.236   -0.964
    -0.972   -1.806   -7.935   -2.203   -0.939   +3.373   +2.251   +0.376
    -0.387   +1.402   -1.613   +0.635   -0.687   -0.086   +0.839   -1.179
    +1.969   -1.663   +2.107   +0.689   -0.935   -2.137   +2.821   -0.279
    +0.010   -0.644   +0.118   +0.582   +1.806   +0.025   +2.175   -0.521
    +0.194   +0.274   -1.399   +0.196   +0.174   +0.131   +0.074   -2.478
token ' are' question (strength 13.7):
    -0.023   -0.538   +0.118   +0.234   +0.229   +0.386   +1.152   -0.336
    +0.827   -0.107   +0.120   -0.738   +0.965   +0.098   +3.193   +0.204
    +0.551   +1.577   -0.446   +0.816   -0.799   +1.907   +1.434   -0.335
    -0.080   -0.998   -8.876   -0.982   -0.570   +5.855   +2.540   +0.179
    +0.664   +0.739   -0.368   +0.770   -0.870   -0.962   +0.411   -0.042
    +0.764   +0.750   -0.082   +2.193   -1.064   -1.909   -1.340   -1.533
    -1.442   -1.039   +2.115   -0.768   +0.008   +0.286   +2.216   -0.683
    -0.122   +0.154   +0.689   -1.053   -1.242   +1.851   -1.158   -0.011
token ' you' question (strength 16.2):
    +0.893   -0.131   +0.105   +0.095   -0.732   +0.801   +3.049   -2.279
    +0.589   -0.104   +1.699   -3.273   -0.024   -0.958   +2.649   +1.237
    +0.911   +2.550   -1.268   +1.086   -2.565   +2.287   +2.278   -0.224
    +0.899   +0.233   -9.284   -1.115   -0.048   +4.562   +4.274   -1.119
    +0.418   +1.110   -0.623   +1.018   -1.207   -1.505   +0.369   -2.022
    +1.951   -0.325   +1.088   +1.318   -2.175   -3.398   -2.138   -1.661
    +1.059   -0.973   +1.298   -3.016   -0.186   +0.428   +0.620   -0.945
    -0.972   +0.369   +1.109   -0.606   +0.483   +2.617   +1.033   +0.002

--- station 21 · head 1 ---
token 'how' question (strength 13.1):
    +1.459   +1.905   +0.929   +0.749   -1.484   +0.508   +2.457   -0.499
    -2.115   +0.688   +0.329   -0.261   +0.012   -0.598   -1.402   -1.099
    +0.850   +0.418   +0.742   -1.143   -2.496   -2.433   -3.257   +0.319
    -2.914   +0.255   -3.947   -3.377   +0.074   +4.903   +4.063   -2.710
    +0.480   +0.041   -0.785   +1.869   -0.363   +1.503   +0.387   +0.006
    +0.494   -1.346   +0.393   +0.010   -0.243   -0.358   -0.027   +0.604
    +0.725   -0.096   -0.483   +1.363   -2.108   -0.784   -0.182   -1.249
    +0.726   -0.127   -0.492   +1.000   +1.218   -1.589   +2.842   -2.177
token ' are' question (strength 10.5):
    +0.008   -0.278   -0.445   -0.079   +0.586   -0.276   -0.600   +0.471
    +0.255   -0.388   -0.015   -0.788   +0.685   +0.134   +1.351   -0.109
    +0.211   +2.242   -0.399   +0.680   -0.823   -0.365   -1.911   +0.500
    +0.672   +0.024   -5.654   -0.652   -0.156   +5.972   +1.886   +0.104
    +0.169   -0.316   -0.133   -0.376   -0.086   +0.118   +0.549   -0.365
    -0.569   +0.302   -0.278   +0.978   -0.655   -0.655   -0.148   -1.322
    +0.159   +0.542   +0.965   +0.417   -0.187   -0.630   +0.851   -0.098
    -0.379   +0.472   +0.371   +0.097   +0.280   -1.628   +1.696   -3.075
token ' you' question (strength 9.4):
    +0.564   +0.035   -0.243   +0.239   +0.055   -0.582   +0.094   +0.373
    -0.079   +0.037   -0.108   -1.542   +0.416   -0.133   +1.557   -0.168
    +0.563   +2.201   -0.670   +0.642   +0.101   +0.336   -1.726   +1.331
    -0.215   +1.434   -4.079   -0.419   -0.532   +4.556   +3.347   -1.976
    +0.136   -0.213   -0.114   +0.305   +0.171   +0.137   +0.530   -0.070
    -0.441   -0.137   -0.475   +0.483   -0.689   -1.021   -0.157   -1.444
    +0.615   +0.569   +0.902   -0.131   -0.405   -0.965   -0.367   -0.662
    -0.390   +0.465   +0.385   -0.280   +1.043   +0.129   +0.780   -2.529

--- station 21 · head 2 ---
token 'how' question (strength 14.4):
    -0.406   +2.004   +2.186   -1.731   -4.009   +1.598   +3.658   -0.520
    -3.192   +0.836   +1.336   -2.785   -1.467   +0.792   -1.606   +0.246
    +0.889   +4.312   -0.712   -1.414   +1.053   -0.396   -2.334   -0.352
    -2.400   +0.759   -4.808   +0.576   -0.111   +3.165   +1.231   -0.811
    +2.135   +1.737   -1.097   +1.204   -0.712   +4.354   +0.466   +0.273
    +2.510   -1.572   -2.270   -1.502   +1.822   -1.849   +0.967   +0.236
    +0.643   +0.639   +1.065   -0.708   +0.035   +0.829   -2.231   +1.052
    +0.468   +0.165   -0.029   +0.495   +0.297   +0.374   -1.468   -0.257
token ' are' question (strength 13.8):
    -0.798   +0.226   +1.466   +0.787   -1.883   +1.172   +1.804   +0.802
    -1.225   -0.973   +1.592   -0.707   +0.458   +0.368   +1.980   -0.203
    +0.024   +2.831   -1.029   -0.263   +0.292   +1.345   +1.126   +0.535
    -0.944   +1.054   -8.059   +2.254   +0.408   +5.323   +2.000   -0.302
    +0.532   +0.179   +0.030   +1.112   +0.228   +0.304   -0.725   -1.232
    +0.596   -0.214   -2.827   +1.920   -1.155   -3.569   -0.551   -1.909
    -2.242   +1.093   +1.258   -1.657   +0.534   +0.859   +0.137   +1.579
    -0.342   +0.764   +1.015   -0.604   -0.434   -0.443   +0.505   +0.279
token ' you' question (strength 13.0):
    -0.407   +0.334   +1.110   +0.401   -1.446   +0.296   +2.878   -0.604
    -0.940   -0.394   +1.389   -2.795   -0.115   -0.306   +1.556   -0.574
    +0.126   +1.767   -0.521   -0.557   -0.597   +1.952   +1.179   +0.222
    +0.068   +2.049   -7.322   +2.305   -0.335   +4.549   +1.648   -0.451
    +1.015   -0.426   +0.096   +2.485   +0.095   +0.492   -0.612   -1.156
    +1.013   -1.027   -2.300   +1.357   -1.058   -2.782   -0.173   -1.989
    -1.352   +0.813   +1.835   -1.702   +0.603   -0.630   -0.419   +1.334
    -0.521   +0.858   +0.403   -1.326   +0.053   +0.691   -0.189   +0.105

--- station 21 · head 3 ---
token 'how' question (strength 11.6):
    +0.174   +0.275   -0.330   +0.232   -0.667   +0.139   +1.528   -0.255
    +0.550   +0.379   +0.735   -1.580   +0.787   +0.498   +1.860   -0.914
    +0.203   +1.065   -1.670   +0.357   +1.140   +0.064   +0.559   +0.647
    +1.534   -0.555   -4.024   -0.691   +1.791   +0.196   +7.863   +2.309
    +0.744   -0.569   +0.577   +0.773   -0.187   -1.091   -0.200   -0.444
    +1.196   -0.886   +0.313   -0.400   +0.133   -1.143   -0.909   +0.899
    -0.424   +0.361   -0.115   -0.910   -1.261   +1.089   +1.922   +0.601
    +2.713   -0.950   +0.182   -0.289   +0.598   +1.106   -0.591   -0.710
token ' are' question (strength 12.2):
    +0.407   +0.248   +0.085   +0.118   +0.470   +0.444   +1.035   -0.201
    +0.293   +0.344   +1.005   -1.851   +0.674   +0.246   +2.800   -0.260
    +0.210   +2.154   +0.794   -1.337   -0.656   +0.340   -1.375   +1.252
    +0.579   +2.057   -3.970   +0.372   +0.336   +1.177   +9.064   +0.851
    +0.038   +0.188   -0.396   +0.489   +0.192   -0.153   +0.172   -0.685
    +1.115   -0.777   -0.333   +0.607   +0.053   -1.225   -0.716   -1.328
    -0.748   +0.197   -0.428   -1.085   +0.115   +0.258   +0.898   +1.044
    -0.670   -0.013   +0.585   +1.165   -0.395   -0.564   +1.747   -0.809
token ' you' question (strength 13.7):
    -0.076   +0.240   +0.049   +0.238   -0.008   +0.685   +1.098   -0.786
    +0.037   +0.442   +1.256   -1.719   +0.810   +0.298   +3.347   -0.057
    +0.188   +1.945   +0.849   -1.592   -1.083   -0.365   -0.785   +1.837
    +2.650   +2.282   -3.951   -0.347   +0.850   -0.053   +9.757   -0.759
    -0.014   +0.185   -0.662   +0.444   -0.115   -0.369   -0.046   -0.302
    +1.265   -0.906   +0.024   +0.553   -0.073   -1.047   -0.860   -0.690
    -0.784   -0.091   -0.089   -1.155   +0.757   -0.734   +0.170   -0.989
    -1.221   -0.206   +0.893   +0.100   -2.427   +1.671   +2.994   +1.752

--- station 21 · head 4 ---
token 'how' question (strength 16.4):
    -0.247   -0.145   -1.128   +0.343   -0.599   +3.281   +3.596   +3.466
    +0.160   +0.942   +2.054   -1.941   -1.079   +0.564   +1.659   +0.095
    -0.439   +0.723   -0.991   +1.322   -2.152   -0.367   -0.912   +1.463
    -0.088   +0.679   -9.436   +0.987   -0.644   +1.525   +5.524   +2.288
    +0.721   +1.104   -1.941   +1.372   -1.810   -2.444   +0.147   -2.033
    +3.207   -3.339   -0.370   +0.242   -0.331   -2.451   -1.296   +0.811
    -2.335   +0.465   -0.684   -2.800   +0.608   -0.525   +1.803   +0.085
    +1.149   +1.194   +0.221   +0.598   +1.220   +0.446   -0.838   -2.046
token ' are' question (strength 11.4):
    -0.167   -0.088   +0.046   -0.037   +0.345   +1.314   +0.923   +0.449
    -0.119   -0.568   +0.885   -1.837   -0.221   -0.095   +1.541   +0.918
    +0.557   +1.902   -0.148   +0.681   -1.214   +1.371   +0.087   +0.612
    -0.300   -0.096   -6.883   +1.748   -2.000   +2.470   +5.180   +0.085
    +0.947   +0.575   -0.503   +0.883   -0.183   +0.253   +0.415   +0.269
    +0.844   -0.157   -1.128   +1.219   -1.435   -1.399   -0.718   -1.345
    -0.104   -0.342   +0.735   -0.067   +0.115   +0.158   +1.525   +1.444
    +1.045   +1.299   +0.213   -0.635   +0.618   -1.211   -0.671   -1.233
token ' you' question (strength 14.0):
    -0.252   +0.245   +0.249   +0.048   +1.564   +1.749   +2.574   +0.208
    -0.703   +0.382   +2.279   -2.358   -1.274   -0.256   +2.066   -0.063
    +1.097   +1.042   -1.637   +0.679   -2.499   +2.626   -1.222   +0.232
    -1.093   +0.431   -6.468   +0.645   -0.341   +3.272   +7.724   -0.559
    +0.133   +0.047   -0.982   +1.283   -1.580   -0.752   +0.300   +0.375
    +1.760   -1.379   +0.434   +1.333   -1.162   -1.255   -0.841   -0.890
    -0.064   -0.823   +1.401   +0.155   +0.932   -1.424   +0.091   -0.358
    +0.992   +1.851   +1.314   -0.308   +1.062   +0.045   +0.212   +0.110

--- station 21 · head 5 ---
token 'how' question (strength 12.3):
    +0.037   +1.610   +0.948   +1.296   -3.037   +1.753   +2.967   -0.220
    -1.824   +1.373   +0.699   -1.009   -0.886   +0.541   +0.569   +0.748
    +0.923   +2.260   -0.312   -2.213   -2.657   +0.327   -1.958   -0.470
    -1.246   +0.214   -5.100   -2.638   +0.875   +4.670   +2.227   -0.651
    +0.622   +0.960   -1.113   +0.729   +0.126   -1.244   +0.374   -1.343
    +2.923   -0.283   -0.875   -0.306   -0.368   -1.591   +0.432   +0.843
    -1.221   -0.661   -1.074   -0.723   -0.754   +0.493   -1.045   -1.486
    -0.510   -0.015   -1.511   -0.156   +0.645   -1.040   -0.348   -0.254
token ' are' question (strength 11.4):
    -0.130   +0.119   -0.119   +0.289   -0.503   +0.529   +0.540   +0.778
    +0.286   -0.039   +0.099   -2.018   +0.684   -0.809   +1.299   +0.280
    +0.690   +1.558   +0.035   -0.235   +0.003   +0.854   -1.609   -0.297
    +0.492   +0.429   -5.674   +0.519   +0.970   +5.851   +3.136   -0.360
    -0.056   +0.049   +0.123   +0.959   -0.398   +0.392   +0.394   -0.010
    +0.329   +1.036   -0.982   +0.558   -0.677   -2.105   +0.109   -3.605
    -0.631   +0.071   +0.613   -1.027   -0.149   +0.023   +0.815   -0.198
    +0.489   +0.866   +0.297   -0.057   +2.657   -0.437   +0.222   +2.203
token ' you' question (strength 11.1):
    +0.125   +0.234   -0.507   +0.849   -0.687   +0.217   +1.289   -0.254
    -0.900   +0.266   +0.619   -2.359   +0.250   -1.095   +0.439   +0.189
    +1.249   +1.269   -0.681   -0.079   -0.220   +1.388   -1.340   -0.966
    +0.589   +1.311   -4.744   +0.582   +0.236   +5.302   +3.395   -1.641
    +0.123   +0.028   +0.370   +0.971   -0.964   -0.627   +0.111   -1.427
    +0.770   +0.373   -0.548   +0.825   -1.708   -0.857   +0.062   -3.408
    +0.108   +0.873   +0.617   -0.771   -0.729   -0.150   +0.021   -0.799
    +0.809   +0.772   +0.316   -0.291   +2.858   +0.704   +0.228   +0.912

--- station 21 · head 6 ---
token 'how' question (strength 10.8):
    +0.026   +0.085   -0.857   +0.836   -0.112   +0.797   +0.771   -1.212
    -0.814   +0.549   -0.348   -0.460   -1.371   -0.336   -0.038   -0.797
    +0.545   -1.106   -0.875   -0.854   -0.754   -0.042   -3.311   -0.156
    -2.233   -0.454   -3.599   -2.850   -1.076   +2.572   +2.359   -3.822
    -0.232   -0.537   -0.505   -0.211   +0.482   -0.757   +0.925   -0.208
    -0.703   +0.646   +0.969   -2.148   -0.610   +1.136   -0.376   +0.754
    +1.031   +1.373   -0.805   +0.594   -1.519   +0.965   +0.595   -1.718
    +0.351   +0.659   -0.229   -0.556   -0.795   -3.009   +2.659   +1.093
token ' are' question (strength 9.6):
    +0.358   +0.084   -0.051   -0.254   +0.672   -0.089   -1.173   +1.482
    +0.317   +0.326   -0.187   -0.359   +0.344   -0.383   +1.029   +0.262
    +0.307   +1.002   +0.374   +1.586   +0.070   +1.211   -2.306   -0.590
    +1.414   -0.209   -4.880   +0.471   +0.382   +4.563   +0.707   +0.625
    +0.045   -0.296   +0.280   +0.034   -0.137   -0.602   +0.485   -0.640
    -1.093   +0.722   -0.285   +1.006   -0.677   -0.219   +0.412   -1.393
    +0.902   +0.614   +0.933   +1.347   +1.658   -0.402   +1.830   +1.136
    +1.150   +0.243   +1.233   +0.176   -0.621   +0.459   +2.308   +0.896
token ' you' question (strength 9.9):
    +0.141   +0.177   +0.078   -0.004   -0.035   -0.083   -0.289   +0.502
    +0.155   +0.411   -0.230   -0.746   +0.762   -0.650   +1.545   -0.503
    +0.575   +0.205   +0.310   +0.473   -0.680   +0.343   -2.400   -0.128
    -0.381   +0.950   -5.695   +0.693   -0.810   +4.373   -0.065   -1.818
    -0.141   -0.517   -0.097   +0.722   +0.106   -0.328   +0.169   -0.602
    -0.030   +0.223   -0.359   +1.168   -1.309   -0.931   +0.317   -2.094
    +0.654   +1.077   +0.849   +1.134   -0.257   -0.295   +1.086   +1.215
    -0.137   -0.486   +0.794   +0.017   -1.366   +1.713   +1.498   +2.048

--- station 21 · head 7 ---
token 'how' question (strength 12.9):
    -0.009   -1.582   -0.389   -1.295   -2.049   -0.898   +1.692   -2.321
    +1.116   +0.631   -0.312   +1.511   -0.602   -0.964   +0.948   +2.252
    +0.751   +2.603   +0.382   -0.809   +1.413   +3.158   -2.413   -1.947
    +0.426   +0.353   -0.505   +0.291   +0.595   -0.056   -1.226   +6.200
    -1.434   -2.045   -1.339   +2.347   -0.131   -3.555   -1.120   -0.324
    -2.339   -1.452   +1.417   -0.696   -1.812   +0.290   -1.166   +1.069
    +2.247   +1.024   -0.081   -1.114   -1.419   -1.449   +0.650   +0.908
    +2.112   -0.724   -0.242   -1.078   -0.903   +0.733   -1.076   +1.388
token ' are' question (strength 11.1):
    -0.069   -0.337   +0.224   -0.537   -0.416   +0.129   +0.689   +0.450
    -0.242   -0.352   +0.662   -1.450   -0.271   -0.644   -1.410   +3.153
    +0.502   -0.951   +0.956   -0.807   +0.721   +1.229   -0.288   +0.447
    +0.959   -1.049   +1.197   +0.366   +1.055   -0.230   -0.388   +8.101
    -0.201   -0.285   -0.133   +0.338   +0.084   -0.564   +0.125   +0.102
    -0.213   +0.195   +0.789   +0.309   -1.531   +0.615   +3.179   -0.276
    -0.570   +1.044   +1.914   -0.396   +1.224   +1.533   -0.312   +1.793
    +1.153   -0.156   -0.674   +0.923   +0.088   +1.118   +0.257   -0.340
token ' you' question (strength 12.2):
    -0.098   -0.318   -0.284   -0.154   -0.170   -0.674   +0.913   +0.039
    -0.149   -0.605   +1.242   -0.380   +0.105   -0.913   +0.530   +0.810
    +3.065   -1.537   +0.284   -0.001   +1.909   +2.770   -1.278   +0.357
    +0.250   -0.242   +0.401   +1.276   +0.468   +0.333   -1.715   +8.697
    -0.203   -0.318   -0.080   +0.795   +0.173   -1.019   -0.301   +0.211
    -1.332   -0.310   +1.169   +0.110   -1.096   +1.385   +1.506   +1.326
    -1.824   -0.719   +1.466   -2.602   +1.472   +2.029   +1.307   +1.202
    +1.131   -0.542   -0.237   +0.086   +0.837   +0.216   +0.192   -0.538

--- station 21 · head 8 ---
token 'how' question (strength 12.0):
    +0.158   -0.063   -0.367   +0.220   -0.482   -1.481   +0.146   -0.946
    -0.491   -0.412   +0.392   -0.073   +0.059   +0.103   +0.667   +0.800
    +0.854   +0.445   +0.090   +1.084   -1.804   +0.943   -0.963   +0.715
    +0.541   -0.734   -0.057   -1.696   +0.173   +2.893   -2.030   +8.968
    -0.035   +0.565   +0.475   +0.695   +0.081   -1.331   -0.936   +0.377
    -1.402   -0.602   +1.178   +0.560   -1.552   +0.466   +1.499   +0.573
    +0.225   +0.421   -1.011   -0.433   -1.049   -0.486   -1.146   +0.262
    +0.646   -2.926   -0.449   -1.128   -1.545   -0.557   +1.453   -1.717
token ' are' question (strength 10.8):
    +0.018   -0.168   +0.062   +0.124   +0.205   -0.116   -0.126   +0.219
    -0.603   -0.537   +0.593   -0.499   -0.543   +0.443   -0.224   +0.065
    +0.177   +0.413   +0.519   +0.677   +1.775   -0.110   -0.601   +0.082
    -0.007   -0.023   +0.919   -1.501   +1.532   -0.008   +1.554   +9.147
    -0.011   +0.119   +0.076   -0.050   +0.166   +0.101   -0.277   +0.241
    -0.023   +0.594   +0.202   +0.479   -1.111   +0.183   +1.133   +0.376
    -0.055   +0.223   +1.594   +0.337   +0.174   -0.513   -0.687   +0.739
    +1.766   -1.079   +1.500   -0.097   -0.625   -0.315   +1.056   -1.795
token ' you' question (strength 12.2):
    +0.242   +0.117   +0.045   +0.330   +0.885   -0.306   -0.522   +0.817
    -0.469   -0.914   +0.706   -0.554   -0.493   +0.222   -0.592   +0.035
    +1.506   -0.128   -0.314   -0.143   +1.397   +0.341   +0.710   +1.040
    -1.347   -0.336   +0.872   -1.079   +0.357   +1.717   +1.103  +10.075
    +0.272   +0.158   +0.189   -0.267   +0.143   +0.594   -0.221   +0.453
    +0.215   +0.474   -0.217   +1.306   -0.811   +0.346   +1.097   +0.444
    -0.047   +0.175   +0.592   -0.421   +0.557   -0.994   +0.713   +0.854
    +1.505   -2.335   +1.178   -0.044   +0.915   -2.095   +1.098   -2.315

--- station 21 · head 9 ---
token 'how' question (strength 15.4):
    -0.774   -1.353   +0.446   +0.285   -2.368   -0.748   +0.669   -4.518
    +0.095   -2.088   +0.043   -1.625   -0.201   +0.852   +0.056   +2.248
    -0.767   +1.379   +1.236   +0.466   +0.191   +1.799   -0.823   +1.052
    -1.260   -2.037   +0.773   -0.682   +0.349   +1.210   -3.763   +9.131
    -0.737   +1.175   -1.959   +3.007   +2.514   -1.780   -1.925   +1.071
    -2.362   -1.600   +2.295   -1.029   -2.481   +2.091   +0.627   +1.350
    -0.426   -0.235   -1.332   +1.383   +0.008   +0.585   -0.321   +0.191
    +3.447   -0.765   -0.248   +1.773   +0.495   +1.276   +0.607   -0.927
token ' are' question (strength 12.8):
    +0.107   +0.006   +0.959   -1.377   -1.721   +0.729   +1.834   -0.904
    +0.100   -0.820   -0.679   -1.549   +0.598   -0.786   -1.024   +2.330
    -0.278   -0.018   +1.104   -0.693   +1.535   +3.341   -1.245   -0.225
    +1.156   -1.073   +0.487   -0.234   -0.085   -0.719   -1.479   +9.602
    -0.563   -0.369   -1.567   +0.554   +0.131   -0.229   +0.740   +0.301
    -0.209   +0.245   -0.075   -1.322   -2.540   +1.053   +0.832   -0.282
    -0.299   +0.727   +0.460   +1.135   +1.928   -0.175   -0.521   -0.396
    +2.244   -0.523   -0.431   +1.370   -0.123   +0.731   -0.169   -0.236
token ' you' question (strength 13.9):
    -0.101   -0.358   +0.128   -0.840   -1.722   +0.704   +1.748   -1.343
    +0.597   -0.219   -0.339   +0.102   +0.111   -2.182   -0.276   +0.156
    +0.468   -0.565   +1.484   +1.683   +1.539   +4.266   -1.810   -0.694
    +0.278   -0.228   +0.014   +0.224   -0.953   +0.312   -2.299  +10.066
    -0.355   -0.432   -1.277   +0.941   +1.070   -0.148   -0.084   +0.651
    +0.334   -1.859   +0.296   +0.091   -2.386   +1.360   -0.098   +1.019
    -1.080   -0.370   +1.118   -0.179   +3.350   +0.176   +0.432   -0.014
    +1.869   -1.223   -0.052   +1.232   +0.742   -0.864   +0.672   -0.842

--- station 21 · head 10 ---
token 'how' question (strength 11.7):
    -0.054   -0.342   -0.837   -0.338   -0.996   -1.432   +0.553   -1.308
    -0.575   -0.244   +0.853   +0.811   -0.408   +0.139   +0.857   +1.758
    -0.617   -0.567   +0.862   +2.058   -1.749   +0.650   -2.284   +0.568
    +0.545   -0.642   +0.575   -0.804   -1.253   +1.627   -3.599   +7.391
    +0.264   +0.242   -0.263   +1.711   +0.870   -1.512   -1.112   -0.071
    -2.233   -0.349   +0.870   +0.000   -1.721   +0.793   +2.087   +0.872
    +0.606   -0.388   -0.298   -1.961   -0.236   +0.540   +0.113   -0.019
    +1.229   -1.979   -0.931   +0.559   -0.128   +1.406   +1.629   +0.150
token ' are' question (strength 10.8):
    +0.184   +0.143   -0.393   +0.231   +0.031   +0.062   -0.306   +0.575
    -0.494   -0.344   +0.811   -0.449   -0.096   -0.455   -0.052   -0.087
    +0.576   +0.942   +1.100   +2.301   +0.935   +0.005   -1.085   +0.373
    +1.540   +0.231   +0.345   -0.793   -1.769   -1.844   -2.783   +7.863
    +0.398   +0.157   -0.140   +0.085   +0.193   +0.376   -0.208   +0.134
    +0.081   +0.367   -0.161   +0.180   -0.883   +0.059   +1.361   +0.770
    -0.467   -0.481   +2.293   -0.158   +0.808   -0.708   -1.236   +0.039
    +2.322   -1.236   +0.832   +2.301   -0.018   +1.000   +0.134   -0.245
token ' you' question (strength 12.1):
    +0.436   +0.445   -0.288   +0.494   +0.963   -0.174   -0.675   +0.914
    -0.487   -0.666   +0.849   -0.804   -0.010   -0.140   -0.587   -0.626
    +1.013   -0.171   +0.520   +1.073   +0.563   +1.030   +0.495   +0.848
    +0.806   -0.194   +0.594   -1.413   -2.475   +0.071   -3.187   +9.418
    +0.512   +0.587   +0.365   -0.118   +0.281   +0.742   -0.388   +0.505
    +0.451   +0.265   -0.397   +0.864   -0.577   +0.417   +1.829   +0.706
    -0.313   -0.575   +1.075   -0.617   +0.326   -0.732   +0.567   +0.920
    +1.189   -3.137   -0.321   +0.916   +1.366   -0.955   -0.035   -1.195

--- station 21 · head 11 ---
token 'how' question (strength 13.4):
    +0.239   +0.826   +0.629   +0.039   +0.304   +0.827   -0.160   +0.248
    -0.302   -0.650   +0.124   -0.612   -0.014   -0.629   +0.515   +0.479
    +0.385   +1.104   -1.261   -0.906   +0.226   +1.084   +0.274   +2.687
    +0.118   -3.766   +0.359   +2.444   +1.439   +0.120   -2.833   +9.490
    -0.214   +0.149   +0.346   -0.914   -0.182   +0.811   +0.558   +0.189
    +0.588   +0.130   +0.040   +0.208   -0.768   +0.244   +1.086   +0.968
    -1.930   +0.839   -2.266   +0.605   -1.914   -2.263   +0.588   -0.862
    +1.676   -0.032   -0.910   -0.562   +1.172   +2.154   -1.143   -2.602
token ' are' question (strength 10.5):
    +0.049   +0.382   +0.316   -0.315   +0.026   +0.475   +0.023   +0.198
    +0.247   -0.037   -0.275   -0.036   +0.270   -0.377   -0.562   -1.075
    +0.261   +0.123   -0.029   -0.865   +1.860   -0.208   -0.002   +1.934
    +1.902   -0.678   +0.405   -0.661   +1.441   -0.843   -0.781   +8.201
    +0.260   +0.200   +0.142   -0.466   -0.382   +0.314   +0.559   -0.138
    +0.607   +0.100   -0.558   -0.180   -0.055   -0.292   +0.405   +0.529
    +0.109   -0.580   +1.131   +2.647   -0.221   -1.488   -0.073   +1.166
    -0.060   +0.316   -1.518   +0.802   +1.214   +2.123   +0.164   +1.286
token ' you' question (strength 11.1):
    +0.193   +0.169   +0.496   -0.487   -0.220   +0.883   +0.153   +0.173
    +0.425   +0.229   -0.326   -0.174   -0.017   -0.339   -0.313   -1.133
    +0.315   -0.587   -1.016   -0.894   +2.361   +0.882   -0.384   +2.076
    -0.177   +0.886   -0.678   +0.672   +0.057   +0.377   -2.273   +8.909
    -0.029   -0.119   -0.187   -0.479   -0.578   +0.206   +0.895   -0.278
    +0.952   +0.309   -0.801   +0.146   -0.323   -0.415   +0.535   +0.634
    -0.285   -1.014   +0.559   +1.094   -0.220   -1.249   +1.829   +0.916
    -0.142   -1.344   -0.722   -0.107   +2.007   +0.210   +0.955   +0.200

--- station 21 · head 12 ---
token 'how' question (strength 10.9):
    -0.356   -1.051   -0.657   +0.645   -0.079   -1.374   +0.289   -1.432
    -0.305   -0.177   +0.821   -0.288   -0.779   +0.439   +2.053   +0.766
    +0.621   +0.515   +1.923   -1.233   -1.674   +3.704   -1.236   +0.145
    +2.603   -0.517   +1.102   +0.936   +2.373   +1.110   -2.156   +4.433
    +0.352   +0.794   -0.407   +1.285   +0.827   -0.770   -0.882   +0.411
    -1.488   -0.961   +0.816   -0.819   -1.737   +1.547   +0.913   +0.638
    +1.907   -0.265   -2.117   -1.403   -0.717   -1.993   +1.542   +0.331
    -0.627   -1.483   -1.199   -0.885   +0.678   +1.773   -0.113   -0.264
token ' are' question (strength 9.9):
    +0.057   -0.139   +0.053   -0.164   -0.037   +0.162   +0.038   +0.320
    -0.126   -0.727   +0.290   -0.214   -0.309   -0.604   -1.249   -0.445
    -0.107   -0.037   +0.590   +0.112   +1.998   +0.260   -0.161   -0.244
    +1.979   -0.103   +0.344   -1.221   -0.365   -2.321   +0.265   +7.009
    -0.093   -0.165   -0.226   -0.014   +0.167   +0.122   +0.066   +0.086
    +0.544   +0.583   +0.095   +0.276   -1.429   +0.088   +2.477   +1.520
    -0.499   +0.008   +2.545   +0.539   -1.083   +0.888   -1.482   +2.193
    +1.372   -0.276   -0.009   -0.312   +0.189   +0.814   -0.777   +0.080
token ' you' question (strength 10.7):
    -0.059   -0.008   -0.084   +0.119   -0.154   -0.048   +0.191   +0.012
    +0.330   -0.594   +0.399   +0.070   -0.100   -0.590   -0.667   -0.182
    +0.659   +0.315   +0.596   -0.818   +1.952   +1.408   +0.349   -0.540
    +0.808   +0.247   +0.212   -0.228   -1.150   -0.935   +0.652   +7.256
    +0.141   +0.185   +0.062   +0.138   +0.370   +0.002   -0.067   +0.071
    +0.395   -0.024   -0.025   +0.199   -1.564   +0.336   +3.105   +2.101
    -0.785   -0.445   +1.856   -0.487   -0.842   -0.625   +0.971   +1.718
    +1.563   -1.022   -0.896   +0.418   +1.953   -3.506   -0.272   +1.581

--- station 21 · head 13 ---
token 'how' question (strength 20.0):
    -4.786   +0.619   -4.842   -5.985   -3.100   -1.675   +2.215   -3.920
    +2.730   -0.838   -1.582   -1.055   +0.641   +1.410   -0.320   +2.292
    -2.192   +0.532   -0.164   +4.100   -1.480   +3.202   -0.980   -0.775
    +0.104   -0.552   -0.781   -0.614   +0.015   +0.262   -1.515   +9.622
    -3.882   -1.947   +1.056   +0.391   -1.977   -5.352   +2.729   -1.682
    -3.912   -3.766   +1.599   -1.333   -2.807   -1.888   +0.963   -0.243
    +1.122   +0.347   +0.889   -1.249   -0.680   +2.421   -1.572   +1.255
    +2.689   -0.114   +0.414   -0.528   +0.838   +0.423   +1.377   +0.560
token ' are' question (strength 17.1):
    +0.659   +2.766   -1.366   -3.036   -1.292   +0.758   +0.397   -3.339
    +1.087   -1.146   +3.455   +0.111   +0.099   -2.734   -1.753   +4.972
    +3.343   +2.052   +0.039   +1.621   -0.051   +2.509   -0.493   -0.183
    +0.466   -2.028   -0.459   -0.523   -0.709   +0.075   -2.012   +8.877
    -3.030   -2.387   +0.785   -1.112   -0.705   -3.678   +0.709   +0.918
    -0.532   +0.527   +4.645   +0.682   -3.191   -0.652   -0.108   -0.720
    -2.028   -1.630   +1.732   -2.344   +0.538   +0.467   +0.404   +1.009
    +2.596   -0.821   +0.836   +2.087   -0.106   +0.036   +0.143   -1.791
token ' you' question (strength 17.5):
    -1.266   +2.823   -4.882   -4.303   -1.329   +0.406   -0.651   -3.205
    +2.142   +1.185   +2.457   -0.042   +1.996   -2.105   -2.033   +4.523
    +2.266   +2.384   +0.141   +3.189   +0.759   +2.719   -0.721   +0.160
    +0.839   -1.318   +0.247   -0.762   -0.319   +0.400   -2.076   +8.458
    -4.963   -0.813   -0.145   +0.049   -1.350   -4.367   +1.134   +0.575
    -1.032   -1.791   +1.998   +2.233   -1.911   -1.123   +1.859   -0.700
    -0.777   +0.167   +1.793   -1.641   +1.393   -0.396   +0.599   +1.206
    +1.500   -1.473   -0.062   +1.706   +0.036   -0.275   +0.025   -1.059


############ STATION 22 ############

--- station 22 · head 0 ---
token 'how' question (strength 24.6):
    -1.775   +1.817   +0.225   -0.628   -1.069   +4.342   -4.644   -0.008
    -0.808   -4.398   +0.612   +1.649   +1.630   +7.780   -0.509   +1.137
    -3.881   +1.794   +1.078   +3.652   -6.908   +0.686   +3.265   +0.863
    -0.945   +0.007   +2.142   +0.153   +2.127   -8.473   +5.948   -0.538
    -0.294   +0.913   +1.522   +4.557   -0.507   -2.516   +3.405   +2.607
    -7.921   +3.582   -3.664   -4.922   +0.006   +0.524   -2.746   -3.926
    +3.517   +3.405   +1.174   +2.207   -1.524   +0.572   -1.328   +1.870
    -0.747   -0.926   +2.436   +0.912   -0.209   +3.374   -1.508   +3.446
token ' are' question (strength 11.6):
    +0.592   +0.204   +1.024   -1.055   +0.507   +0.538   -2.346   -0.031
    -0.349   +0.246   +0.630   +1.840   -0.525   +1.033   -1.820   +1.068
    -1.529   +1.864   +0.295   +2.458   +1.273   +0.840   -0.353   +0.060
    -0.938   -0.532   +0.241   +0.473   +0.336   -7.393   +2.101   -1.005
    +0.068   +0.781   -0.253   -0.078   +0.324   +1.131   -0.868   +1.267
    -1.572   +0.660   -1.184   -1.466   +1.859   +1.899   -1.079   -0.141
    +0.650   +1.852   -0.324   +2.931   +0.844   +0.450   -0.465   +1.733
    +0.135   +0.168   +1.034   -0.934   +0.381   +1.052   -0.519   +1.317
token ' you' question (strength 14.2):
    +0.930   +0.528   +1.388   -2.060   +0.613   +1.675   -4.162   +0.333
    -0.276   -0.147   -0.083   +1.708   +0.565   +1.460   -1.516   +1.547
    -1.447   +2.489   +0.175   +2.141   +0.941   +0.526   +0.457   -0.600
    -1.446   +0.023   +0.728   -0.560   +1.621   -8.266   +3.011   -0.108
    -0.011   +1.315   -0.530   +0.355   +1.509   +0.966   -0.489   +0.938
    -3.496   +1.963   -1.339   -1.298   +1.470   +2.244   -1.771   -0.121
    +1.126   +1.922   -0.722   +2.991   +1.060   +1.248   -1.210   +2.296
    -0.501   -1.042   +0.542   -1.286   +0.279   +1.833   +0.057   -0.164

--- station 22 · head 1 ---
token 'how' question (strength 15.4):
    +0.215   +0.184   -0.618   -2.014   +0.429   +2.816   -0.350   -0.832
    +0.320   -2.346   -0.828   +1.137   +0.182   +0.406   -1.496   -0.823
    +2.206   -0.633   -0.325   +2.344   +0.676   +2.160   +6.492   +2.405
    -2.286   +0.114   +1.235   +2.230   +3.535   -4.889   -0.861   -4.751
    +0.567   +1.728   -1.188   +0.201   -1.379   +0.080   -0.342   +2.250
    -0.287   +0.119   +1.680   +1.212   +2.461   -1.148   -0.630   -0.435
    -0.092   -0.639   +0.751   -0.453   -0.339   -3.163   -1.691   +3.438
    -0.637   -3.316   -0.120   -0.611   +0.999   +1.069   -3.728   +1.047
token ' are' question (strength 12.1):
    -0.207   -0.266   +0.506   +0.007   +0.756   +0.029   +0.334   -0.104
    -0.572   -1.337   -0.249   +0.834   +0.243   -0.161   -1.396   +1.747
    -2.189   +0.431   -1.775   +1.448   +1.278   +0.472   -0.625   +0.775
    -0.411   -0.126   -1.055   +0.394   -0.221   -8.766   -1.487   -1.390
    +0.042   +0.321   -0.363   -0.698   +0.005   +0.391   +0.327   +0.539
    -0.230   -0.342   -1.166   -0.503   +2.600   +0.387   -1.203   +0.756
    -0.027   -0.816   +0.687   +0.894   -0.343   -0.064   +0.294   +0.640
    -0.534   +1.472   +0.758   -1.600   +0.280   +0.191   +2.183   +4.167
token ' you' question (strength 12.0):
    -0.158   -0.107   -0.164   -0.434   +0.684   +0.740   -0.001   -0.015
    -0.458   -1.391   -0.529   +1.004   +0.440   +0.145   -1.795   +2.058
    -2.896   +0.881   -0.822   +1.018   +0.791   +1.691   -1.733   -0.288
    -0.422   +0.212   +0.375   -0.236   +0.601   -8.701   -0.964   -0.901
    +0.178   +0.678   +0.053   -0.403   -0.549   +0.289   +0.447   +0.902
    -0.318   -0.015   -0.602   -0.775   +2.369   +0.855   -1.509   +0.734
    -0.656   +0.011   +0.403   +0.866   +0.506   -0.416   -0.429   +2.264
    -1.055   +0.757   -0.255   -1.316   +0.151   +1.538   +2.256   +2.505

--- station 22 · head 2 ---
token 'how' question (strength 11.8):
    +0.147   +1.271   -0.904   -1.030   +1.152   -0.381   -0.450   +0.381
    -0.251   -1.650   -0.299   -0.163   +0.112   +0.324   -0.647   -1.423
    +0.292   +1.099   -0.157   +1.051   +2.118   -0.962   +4.671   -0.488
    -1.777   +1.513   -0.711   +0.559   +3.137   -6.445   +1.933   +3.127
    +0.351   +1.635   -1.167   +0.523   -1.224   -0.366   -0.334   +1.371
    +0.863   +0.662   +0.061   +0.059   +1.434   -1.666   +0.202   -0.303
    +0.889   -0.840   -0.700   -0.370   -0.455   -0.186   -0.498   -0.231
    -0.638   -1.487   -0.361   -1.898   +0.566   +1.443   -0.502   -1.031
token ' are' question (strength 11.6):
    -0.054   +0.006   -0.280   +0.253   -0.098   -0.525   +0.306   +0.650
    -0.642   -0.764   -0.166   +0.527   +0.154   -0.053   -0.998   +1.316
    -2.017   +0.311   -1.809   +1.069   +1.373   +0.194   -0.188   +1.484
    -0.228   -1.010   -0.630   +0.747   -2.650   -8.669   +1.831   +2.864
    -0.056   -0.203   +0.234   -0.003   -0.862   -0.197   +0.511   +0.367
    +0.114   +0.279   -0.586   -0.768   +1.556   +0.593   -0.972   +0.606
    -0.110   -0.225   +0.376   +0.742   -0.558   -0.657   +0.716   +0.394
    -0.203   +2.130   +1.817   +0.162   +0.405   -0.359   +1.968   +0.901
token ' you' question (strength 12.3):
    -0.102   -0.230   -0.954   +0.784   -0.016   -0.758   +0.120   +0.596
    -0.692   -1.122   -0.559   +0.625   +0.268   +0.054   -1.205   +2.036
    -2.849   +0.589   -1.172   +0.823   +1.138   +1.341   -1.450   +0.284
    -0.178   -0.163   +0.558   -0.720   -0.205   -9.103   +1.809   +3.398
    +0.378   -0.324   +0.314   +0.356   -1.364   -0.808   +0.803   +0.579
    +0.180   +0.204   -0.742   -0.900   +1.906   +0.734   -1.245   +0.507
    -0.932   +0.133   -0.205   +0.570   +0.456   -0.927   +0.186   +2.127
    -0.230   +0.639   -0.060   -0.177   +0.839   +1.189   +2.364   +0.486

--- station 22 · head 3 ---
token 'how' question (strength 11.4):
    +0.863   -0.112   +0.081   +0.065   +0.259   +0.355   -0.028   +0.268
    +0.168   -0.296   +0.007   -0.802   -0.980   +0.162   -0.586   +0.018
    +2.660   +0.994   -0.259   -0.167   +2.871   -1.144   +4.847   -0.650
    -1.271   +1.710   -0.812   -0.402   +2.809   -5.379   +1.911   -2.601
    -0.013   -0.594   -0.240   +0.245   -0.411   -0.662   +0.443   +0.198
    -0.269   +0.622   +0.683   -0.377   +0.125   -0.532   -1.495   -0.589
    +0.244   -0.792   -0.567   -1.156   -0.146   -0.591   +0.555   -0.235
    -2.029   +0.767   -0.179   -2.183   +2.275   +0.611   -1.625   +2.600
token ' are' question (strength 10.9):
    -0.033   -0.399   -0.467   +0.189   +0.198   -0.591   +0.138   +0.300
    -0.521   -0.874   -0.009   +0.629   -0.266   +0.238   -1.400   +1.176
    -1.756   +0.955   -1.881   +0.880   +1.053   +0.007   -0.789   +1.283
    -0.128   -0.242   -0.385   +0.148   -1.136   -6.517   +3.937   -3.359
    -0.035   -0.396   -0.088   -0.211   -0.739   -0.257   +0.388   +0.636
    -0.045   +0.029   -0.465   -0.542   +1.712   +1.066   -0.817   +0.719
    -0.208   +0.460   +0.808   +0.584   +0.014   -0.027   +0.577   +1.347
    +0.143   +1.313   +0.765   -0.724   -0.690   +1.156   +3.251   +2.416
token ' you' question (strength 11.5):
    -0.131   -0.461   -0.383   +0.211   +0.498   -0.454   -0.075   +0.216
    -0.508   -0.800   -0.100   +0.778   -0.213   +0.283   -1.992   +1.632
    -1.988   +1.963   -1.077   -0.080   +1.281   +0.570   -1.900   +0.306
    -0.363   +0.958   +0.381   -1.152   +0.792   -7.228   +3.599   -2.326
    +0.460   -0.176   -0.102   -0.303   -0.795   -0.496   +0.568   +1.067
    -0.179   +0.034   -0.604   -0.965   +1.860   +1.065   -1.324   +0.240
    -0.600   +0.228   -0.370   +0.795   +0.624   +0.626   -0.216   +2.129
    +0.049   -0.324   -0.446   -0.996   -0.442   +1.769   +3.274   +1.250

--- station 22 · head 4 ---
token 'how' question (strength 12.3):
    +1.342   -0.529   +0.776   -0.303   +0.173   +0.136   +0.205   -0.130
    +0.241   -0.859   -0.259   -0.741   -0.862   -0.259   -0.717   -0.121
    +1.840   +0.394   -0.445   +0.606   +2.480   -0.494   +4.061   -1.201
    -2.336   +1.641   -1.175   -0.404   +0.302   -6.257   +5.213   +2.146
    -0.255   +0.086   +0.265   -0.253   -0.009   -0.398   -0.058   +0.981
    +0.116   +0.733   +0.311   -0.047   +0.826   -1.508   +0.282   -0.811
    -0.706   -1.309   -1.009   +0.152   -0.525   +0.280   +0.361   -0.751
    -2.903   -0.589   -0.687   -1.256   +2.525   +0.798   -2.762   -1.136
token ' are' question (strength 10.7):
    -0.525   -0.461   -0.684   +0.533   -0.237   -0.566   +0.130   +0.714
    -0.608   -0.956   -0.051   +0.213   +0.237   -0.175   -1.182   +1.154
    -1.961   +0.255   -1.824   +0.543   +0.814   +0.839   -0.378   +1.201
    -0.436   -0.709   -0.172   +0.319   -2.592   -6.272   +5.908   +0.347
    +0.084   -0.197   +0.221   +0.133   -0.878   -0.344   +0.489   +0.364
    +0.215   +0.465   -0.379   -0.713   +1.528   +0.548   -0.888   +0.622
    +0.047   +0.138   +0.482   -0.172   -0.267   -0.668   +0.336   +1.060
    +0.258   +1.780   +1.470   +0.792   -0.120   +0.228   +0.873   +0.055
token ' you' question (strength 12.5):
    -0.082   -0.467   -0.811   +0.666   -0.178   -0.737   +0.102   +1.054
    -0.714   -0.986   -0.323   +0.317   +0.332   -0.101   -1.417   +1.924
    -2.683   +0.727   -1.170   +0.678   +0.971   +1.286   -1.994   -0.372
    -0.391   +0.344   +0.526   -0.829   -0.150   -7.088   +7.113   +1.283
    +0.450   -0.150   +0.608   -0.023   -1.203   -0.645   +0.829   +0.496
    +0.213   +0.755   -0.421   -0.980   +2.031   +0.577   -1.543   +0.282
    -0.640   +0.311   -0.230   +0.297   +0.849   -0.344   -0.483   +2.388
    +0.244   +0.752   -0.007   +0.202   +0.541   +1.351   +1.078   -1.355

--- station 22 · head 5 ---
token 'how' question (strength 14.4):
    -0.441   +1.103   -0.395   -0.894   +1.437   +1.656   -1.890   +0.275
    +0.147   -2.551   -0.315   +0.354   +0.003   +0.293   -1.102   +0.155
    +3.027   +0.201   -0.004   +0.288   +3.080   -1.301   +3.812   -0.904
    -1.079   +1.294   -0.260   -0.828   -0.446   -4.014   +4.597   -5.650
    -0.853   -0.646   +0.012   +1.595   -0.207   -0.866   -0.352   +2.175
    -0.869   +0.687   -0.598   -0.600   +1.256   -1.149   +0.271   -1.725
    -1.826   +1.373   -0.198   -0.079   +0.721   +0.182   +1.414   -1.667
    -1.948   +0.450   -0.800   +0.206   +2.303   +1.893   -6.280   -0.030
token ' are' question (strength 10.8):
    +0.068   -0.173   -0.506   +0.404   -0.247   -0.707   +0.249   +0.718
    -0.697   -1.047   -0.041   +0.466   +0.014   +0.261   -0.993   +1.060
    -1.697   +0.731   -1.686   +0.810   +1.056   +0.717   -0.661   +1.110
    -0.275   -0.484   -0.032   +0.220   -1.859   -6.384   +5.202   -3.765
    +0.204   -0.227   +0.315   +0.085   -0.845   -0.511   +0.626   +0.524
    +0.360   +0.175   -0.291   -0.794   +1.963   +0.443   -1.002   +0.646
    -0.023   -0.087   +0.503   -0.208   -0.344   -0.232   +0.042   +0.793
    +0.027   +1.520   +1.181   +0.466   +0.330   +0.002   -1.461   -0.380
token ' you' question (strength 13.1):
    -0.224   -0.477   -0.698   +0.737   -0.092   -0.921   +0.097   +1.014
    -0.558   -1.300   -0.335   +0.684   +0.339   -0.015   -1.297   +1.560
    -2.277   +1.199   -1.051   +0.361   +1.372   +1.602   -2.326   -0.000
    -0.247   +0.020   +0.713   -0.456   +0.452   -7.616   +6.219   -3.986
    +0.419   -0.479   +0.542   +0.240   -1.057   -0.965   +0.853   +0.858
    +0.343   +0.467   -0.305   -1.210   +2.447   +0.625   -1.166   +0.373
    -0.624   -0.078   -0.174   -0.020   +0.682   +0.051   -1.200   +1.542
    -0.053   +0.477   -0.957   -0.122   +1.000   +1.153   -2.300   -1.772

--- station 22 · head 6 ---
token 'how' question (strength 22.1):
    -0.260   +0.269   +1.650   -3.072   +2.850   +2.447   -3.138   -1.997
    +0.547   -3.076   -1.165   +0.355   -1.186   +2.723   -1.061   -0.454
    +0.343   -0.652   +1.105   +0.574   +2.842   -0.447   +4.835   +2.293
    -4.423   -1.340   -0.123   +1.329   +0.351   -7.767   -5.272   -9.525
    -0.421   +1.274   -1.143   +0.342   +0.345   +0.302   -0.262   +2.574
    -2.206   -0.651   -2.008   -0.683   +3.105   -0.665   +0.634   -2.762
    -0.059   +1.358   +1.698   +1.290   +0.106   -3.318   -3.227   +1.879
    -2.459   -1.300   -1.703   +2.224   +3.012   +0.015   -9.203   -2.304
token ' are' question (strength 12.2):
    +0.024   -0.437   +0.169   +0.604   +0.101   -0.356   +0.201   +0.440
    -0.618   -1.294   +0.047   +0.143   +0.163   +0.310   -1.668   +1.384
    -2.197   +1.507   -1.268   +1.333   +1.211   +0.319   -0.714   +1.035
    +0.366   -0.165   -0.186   +1.306   -0.579   -8.983   -0.712   -3.606
    +0.175   -0.179   -0.005   -0.106   -0.130   -0.197   +0.430   +0.290
    +0.085   +0.109   -0.904   -0.556   +2.254   +0.686   -1.072   +0.450
    +0.097   -0.073   +0.286   +0.630   -0.179   -0.721   +0.385   +0.878
    +0.092   +2.117   +0.940   +0.203   +1.966   -1.197   -3.177   -0.173
token ' you' question (strength 11.9):
    -0.290   -0.464   -0.238   +0.361   +0.555   -0.342   +0.154   -0.046
    -0.771   -1.510   -0.744   +0.059   -0.394   +0.589   -2.245   +1.293
    -2.193   +1.887   -0.710   +1.159   +1.480   +0.510   -1.490   +0.584
    +0.333   +0.213   +0.383   -0.250   +0.211   -8.900   -0.085   -2.987
    +0.093   -0.286   -0.171   -0.223   -0.685   -0.264   +0.568   +0.910
    +0.243   +0.111   -0.566   -0.627   +2.771   +0.622   -1.178   +0.623
    -0.419   +0.189   -1.077   +1.064   +0.023   -0.636   +0.526   +1.903
    +0.702   -0.234   +0.457   +0.115   +1.103   -0.034   -1.702   -1.750

--- station 22 · head 7 ---
token 'how' question (strength 23.1):
    +0.455   -0.687   -0.272   -1.759   -1.237   +0.630   -5.186   -6.394
    +0.893   -0.374   -1.870   +7.114   -0.472   -0.510   +4.440   +2.700
    -0.331   -0.746   -3.030   +1.351   +0.471   +0.579   -2.950   -2.188
    -1.025   -1.563   -4.183   -0.930   -0.903   +0.075  +11.749   -3.814
    +1.001   +0.449   +2.175   +0.188   +3.729   -1.843   +2.246   +0.618
    +0.357   -4.597   -4.441   +1.900   -1.000   -0.002   -1.604   +2.943
    -4.164   +3.014   -0.905   +2.775   -0.769   +1.578   -3.994   +2.002
    -0.971   -1.610   -1.366   +0.914   +5.021   -0.942   -0.074   -0.367
token ' are' question (strength 18.3):
    +0.031   -0.320   -0.454   +0.161   -1.893   +0.998   -1.982   -3.480
    +1.367   -1.458   -0.696   +3.052   -1.428   -2.747   +2.407   +0.276
    -1.053   +3.580   -0.724   -1.774   +1.606   -1.768   +0.008   -0.937
    -0.734   -1.176   -1.840   -3.028   +0.543   +0.229  +11.047   -4.391
    +0.174   +0.075   +0.732   -0.443   +0.596   -0.777   -1.186   +1.626
    +0.553   -2.045   -2.813   -0.831   -1.230   -1.592   +0.518   -2.142
    -1.868   +5.224   -2.581   -0.936   -3.325   +1.973   -1.925   +1.315
    -1.347   +0.652   -0.744   +2.056   +1.760   +0.125   -0.554   +2.513
token ' you' question (strength 21.3):
    +0.067   -0.328   -0.442   -0.279   -1.808   +1.303   -2.774   -4.095
    +1.252   -2.435   -0.216   +2.232   -2.035   -3.192   -0.048   -0.587
    -3.684   +2.297   +0.233   -2.866   -0.229   -1.715   +0.036   -1.120
    +0.012   -0.988   -3.234   -4.287   +0.525   +0.750  +11.822   -4.811
    +0.304   +0.403   +0.841   -0.965   +0.616   +0.024   -3.424   +0.625
    +3.313   -4.800   -3.290   -0.236   -0.729   -1.973   +1.349   -2.048
    -1.427   +4.951   -2.760   -1.898   -5.676   +1.381   -1.961   +1.629
    -1.622   +0.042   -0.406   +2.479   +1.489   -0.434   -1.655   +3.193

--- station 22 · head 8 ---
token 'how' question (strength 14.4):
    -0.074   +0.517   +0.423   -0.256   -0.143   -1.025   -0.969   -1.121
    +0.517   -0.096   +0.494   -0.179   -0.679   -0.418   +1.337   -1.535
    -0.233   -1.108   -1.702   -0.282   -1.854   +0.864   +1.414   -0.447
    -0.722   -0.044   -0.667   -5.272   +1.844   -2.252   +3.764   -6.147
    -0.383   +0.268   +0.531   +0.200   +0.512   +0.199   -0.876   +0.048
    -1.222   -0.461   -1.785   -0.446   -0.515   +0.750   -0.144   -0.223
    +0.440   +0.391   -0.003   +2.442   -2.985   -0.032   +5.836   +3.217
    -1.413   -2.909   +2.317   +2.698   -2.386   +0.173   +0.956   -0.702
token ' are' question (strength 10.8):
    -0.054   +0.040   +0.022   +0.058   +0.152   +0.205   -0.466   +0.090
    -0.155   -0.239   -0.016   +0.310   -0.352   +0.288   -0.435   +0.638
    -0.442   +1.207   +1.330   +1.048   -1.163   -0.097   -1.179   +1.441
    -0.462   +2.035   -2.379   -1.547   +1.604   -2.349   +7.565   +0.186
    +0.076   +0.035   -0.086   +0.113   +0.066   +0.224   -0.070   +0.317
    -0.759   -0.329   -1.032   -0.396   -0.626   -0.431   +0.849   -1.741
    -0.520   -0.480   -1.079   +1.142   +0.088   +0.110   -0.071   +0.949
    -0.317   +0.660   +1.781   -0.189   -0.545   +1.190   +3.277   -1.446
token ' you' question (strength 10.8):
    -0.075   +0.043   -0.011   +0.141   +0.363   +0.201   -0.467   -0.003
    -0.124   -0.338   -0.156   +0.352   -0.619   +0.343   -0.241   +1.368
    -0.856   +1.577   +1.283   +0.438   -0.503   -0.430   -2.115   +1.390
    -0.348   +0.894   -0.154   -2.410   +1.609   +0.029   +7.361   -0.558
    +0.097   -0.141   -0.186   +0.314   +0.121   +0.343   +0.213   +0.488
    -0.819   -0.349   -1.154   -0.322   -1.083   -0.483   +1.146   -2.324
    -0.793   -0.431   -0.507   +0.168   -0.533   -2.008   -2.315   +1.506
    +0.093   -1.140   +2.222   -0.653   -0.298   +0.462   +2.131   +1.459

--- station 22 · head 9 ---
token 'how' question (strength 32.3):
    -2.565  -10.504   -8.286   +2.166   -4.617   -5.266   -2.622   -5.848
    +0.197   -0.786   -0.918   -1.435   -0.510   -3.246   -0.711   -1.022
    -2.589   +1.447   -2.261   +0.553   +1.466   -1.657   -0.177   -0.111
    -0.610   -0.850   -3.495   -1.736   +0.965   -0.515  +12.596   -6.243
   +12.494   +0.171   +2.461   -9.833   -7.214   -4.689   +0.567   -2.614
    +5.097   -4.232   -6.444   -2.961   -0.709   -1.398   +1.727   -4.731
    -1.793   +0.803   -1.924   +0.126   -1.575   +0.710   -5.037   +1.404
    -2.134   +0.211   +0.318   +1.124   +1.515   +1.017   -0.850   +1.862
token ' are' question (strength 30.7):
    -3.381  -10.988   -7.590   +1.268   -4.681   -2.049   -3.384   -6.562
    +0.646   +1.128   -1.690   +0.551   -1.822   -5.470   -0.139   -0.564
    -3.949   +1.438   -1.826   -0.963   -0.354   +0.152   -0.644   +0.176
    -0.584   -0.486   -1.790   -2.671   +0.226   +0.318  +11.883   -4.813
   +12.992   +0.094   +2.808  -10.975   -1.764   -1.964   -1.451   -0.879
    +0.883   -5.105   -4.111   -3.036   -0.627   -2.456   +2.285   -3.990
    -1.091   +0.873   -1.620   -0.884   -2.722   -1.622   -3.233   +2.224
    -1.000   +1.444   +0.846   +1.156   +1.111   +0.969   -0.047   +2.583
token ' you' question (strength 27.1):
    -3.636   -9.409   -6.417   +0.458   -4.476   -0.842   -1.256   -7.524
    +0.195   +0.335   -0.850   -0.029   -2.908   -4.978   +0.877   -0.020
    -3.871   +1.116   -1.685   -0.814   +0.275   +0.175   -0.357   -0.438
    -0.199   -0.294   -1.637   -2.787   +0.608   +0.532  +11.880   -4.860
   +10.215   -0.210   +2.693   -8.258   +0.440   -2.496   -2.100   -0.147
    +1.300   -3.994   -3.221   -2.195   -0.560   -0.961   +1.546   -3.056
    -1.041   +0.444   -1.103   -0.711   -2.701   -1.512   -3.924   +2.223
    -0.962   +1.059   +0.375   +0.742   +1.496   +0.343   -0.480   +2.242

--- station 22 · head 10 ---
token 'how' question (strength 17.2):
    +0.518   +0.019   +0.206   -0.773   -0.852   -1.273   -0.866   -1.151
    +0.591   +0.128   -0.015   -0.712   -1.778   -1.054   +1.502   -2.722
    -0.625   -1.057   -2.026   +0.876   -1.982   +1.725   +1.062   +0.535
    -1.734   -0.687   -0.216   +0.005   +2.472   -3.010   +3.585  -11.449
    -0.040   +0.535   +0.660   -0.353   +0.845   +0.429   -0.753   +0.190
    -1.951   -0.975   -2.218   -0.934   -0.538   +0.866   -0.887   -0.925
    +0.033   +2.901   +0.507   +1.281   -3.418   -0.175   +2.544   +0.476
    -1.917   +0.076   +0.884   +2.073   -3.268   -5.319   -2.533   -0.349
token ' are' question (strength 11.2):
    -0.015   -0.032   -0.013   -0.042   +0.054   -0.018   -0.495   -0.129
    -0.195   -0.141   -0.374   -0.033   -0.598   +0.288   -0.235   +0.930
    -0.724   +1.192   +1.564   +0.721   -0.429   -0.474   -1.202   +0.989
    -0.082   +1.398   -1.381   +1.123   +0.551   -2.402   +8.785   -3.277
    +0.095   +0.002   -0.013   +0.060   +0.145   +0.295   +0.062   +0.341
    -0.713   -0.354   -1.381   -0.265   -0.629   -0.302   +0.993   -1.480
    -0.531   -0.372   -0.673   +0.758   -0.422   +0.254   +0.267   +1.511
    +0.046   +1.019   +0.033   +0.271   +0.412   -1.857   -0.238   -1.166
token ' you' question (strength 12.4):
    +0.037   -0.151   -0.020   -0.070   +0.081   +0.079   -0.518   -0.040
    -0.183   -0.201   -0.373   -0.056   -0.962   +0.351   -0.213   +1.266
    -0.862   +1.392   +1.184   +0.054   -0.430   -0.369   -2.050   +0.896
    -0.199   -0.316   +0.560   -0.351   +0.945   +0.052   +9.070   -4.715
    -0.022   -0.003   -0.046   +0.110   +0.173   +0.356   +0.023   +0.313
    -0.970   -0.363   -1.562   -0.350   -0.671   -0.281   +1.342   -2.002
    -0.622   -0.390   -0.245   +0.491   -0.546   -0.894   -1.709   +2.196
    +0.223   -0.455   +1.308   +0.077   +0.741   -3.039   -1.172   +1.196

--- station 22 · head 11 ---
token 'how' question (strength 15.1):
    +0.178   -0.226   +0.475   -0.615   -0.559   -0.841   -1.248   -1.186
    -0.624   -0.314   +0.215   -0.203   -1.355   -0.150   +1.267   -0.675
    -0.641   -2.176   -0.601   -1.629   -0.934   +0.053   -0.315   -2.407
    +0.647   -2.477   -2.140   -4.248   +0.407   +1.928   +7.102   -5.508
    +0.150   +0.394   +0.594   +0.061   +0.320   +0.374   -0.342   +0.545
    -0.717   -0.398   -2.530   -0.218   +0.797   +0.545   -0.766   -1.682
    +1.426   +0.432   +0.397   +4.290   -2.251   +0.443   +5.077   +2.040
    -2.381   -0.974   -0.847   +1.245   -0.884   -1.632   -3.001   -1.193
token ' are' question (strength 12.5):
    -0.046   -0.061   +0.037   -0.162   +0.148   -0.046   -0.287   -0.151
    -0.212   -0.069   +0.052   +0.217   -0.536   +0.176   -0.176   +0.861
    -0.443   +0.938   +1.527   +1.597   -0.864   -0.376   -1.070   +1.424
    +0.441   +1.596   -1.336   +0.683   -0.284   -1.149  +11.002   +1.676
    -0.000   -0.008   -0.065   +0.130   -0.064   +0.248   -0.183   +0.376
    -0.424   -0.418   -1.074   -0.277   -0.799   -0.539   +0.870   -1.670
    -0.440   -0.048   -0.964   +1.914   -0.189   +0.413   +0.052   +0.695
    +0.208   +1.142   -0.101   +0.172   +0.309   -0.105   -0.089   -0.813
token ' you' question (strength 12.7):
    -0.088   +0.011   +0.080   +0.004   +0.357   +0.259   -0.760   -0.097
    -0.631   -0.138   -0.056   +0.001   -0.962   +0.250   -0.149   +1.356
    -0.728   +1.304   +1.428   +0.602   -0.387   -0.413   -1.961   +1.326
    +0.139   +0.694   +0.655   -0.688   -0.039   +1.273  +10.553   +0.345
    -0.002   -0.090   -0.102   +0.493   +0.041   +0.525   +0.053   +0.533
    -0.840   -0.466   -1.559   -0.399   -0.915   -0.690   +1.082   -2.013
    -0.330   +0.050   -0.251   +0.996   -0.721   -1.465   -2.411   +1.053
    +0.715   -1.497   +1.254   +0.070   +0.777   -0.557   -0.312   +2.289

--- station 22 · head 12 ---
token 'how' question (strength 20.3):
    +0.160   +0.466   +0.684   -0.591   -0.030   -1.741   +1.148   -6.881
    -2.420   +0.031   -1.237   +1.352   -1.964   -4.008   +4.298   -0.235
    -1.004   +0.024   -2.156   +4.140   +0.025   +0.118   +0.719   -0.011
    -0.565   +0.422   -2.388   -1.956   -0.040   -0.210  +11.669   -4.737
    +0.060   +0.808   -1.407   -1.176   +1.748   +1.605   +1.210   +1.557
    -0.818   -5.513   -0.354   -0.373   -2.187   -3.848   +3.524   -0.531
    +2.455   -1.837   +2.093   -1.328   -3.428   +1.293   +1.752   +0.398
    -0.590   -0.032   -0.731   +0.992   -0.136   +1.079   -2.292   +1.636
token ' are' question (strength 13.9):
    +0.402   +0.118   -0.270   -0.561   -0.339   -2.375   -0.207   -1.384
    +2.250   +0.253   -0.366   +0.876   -0.581   -1.186   -0.445   -0.309
    -0.411   +1.372   +0.232   +2.358   -0.124   -1.541   -0.991   -0.732
    -1.067   +0.249   -2.324   -1.829   +0.384   -0.048   +9.434   -2.870
    +0.151   +0.431   +0.756   -0.505   -0.245   -0.830   -0.905   -0.485
    -2.054   -2.363   +0.204   -1.482   -1.140   -0.713   +1.393   -2.044
    -0.321   -0.775   -1.284   +0.065   -4.559   +1.395   -1.941   +1.737
    -0.850   +0.384   +0.699   +0.887   -0.157   +0.259   -0.599   +1.368
token ' you' question (strength 16.3):
    +0.463   -0.052   -0.272   -0.739   -1.243   -3.125   -0.035   -3.000
    +2.286   +0.147   -1.047   +0.527   -0.596   -2.257   -0.139   -0.122
    -0.826   +1.432   +0.261   +1.866   -0.401   -1.751   -1.351   -1.315
    -0.917   -0.710   -1.704   -2.857   +0.115   +1.057  +10.377   -3.889
    +0.356   +0.657   +1.644   -0.997   +0.321   -0.178   -0.541   -0.857
    -2.290   -3.292   -0.008   -0.965   -2.173   -0.833   +1.263   -1.539
    -0.041   -0.455   -0.153   -0.434   -4.639   +0.282   -2.922   +1.268
    -0.686   -1.141   +0.625   -0.224   +0.244   +0.359   -1.623   +3.587

--- station 22 · head 13 ---
token 'how' question (strength 14.4):
    +0.186   -0.211   +0.350   -0.039   -0.459   -0.676   -0.511   -0.717
    +0.301   +0.027   -0.249   -0.376   -0.417   -0.747   +1.545   -0.617
    +0.027   -1.899   -0.548   -0.734   -0.272   -0.020   +0.621   -1.468
    -1.377   -1.096   -0.476   -3.284   +0.619   -1.011   +6.954   -8.041
    -0.003   +0.184   +0.616   -0.530   +0.430   +0.346   -0.344   +0.394
    -1.166   -0.387   -1.411   -0.355   +0.197   -0.011   -0.678   -0.393
    -0.349   +2.242   +0.429   +1.217   -1.140   -0.737   +3.761   +1.386
    -3.056   -2.195   -0.173   -0.395   +0.601   -0.155   -3.563   +2.696
token ' are' question (strength 11.0):
    -0.006   -0.044   +0.132   -0.122   +0.097   +0.075   -0.381   -0.114
    -0.126   -0.197   -0.149   +0.246   -0.401   +0.017   -0.476   +0.578
    -0.339   +0.831   +1.654   +0.911   -0.903   -0.623   -1.000   +1.288
    -0.329   +0.964   -2.112   +0.889   -0.034   -3.689   +8.604   -1.199
    +0.052   -0.068   -0.120   +0.216   +0.044   +0.278   +0.003   +0.360
    -0.716   -0.385   -1.252   -0.501   -0.582   -0.326   +0.844   -2.098
    -0.463   -0.273   -0.985   +0.829   -0.284   +0.435   -0.534   +0.228
    -0.613   +0.967   -0.366   +0.231   +0.724   +1.409   +0.388   +1.544
token ' you' question (strength 12.5):
    +0.039   -0.004   +0.060   -0.092   +0.100   +0.155   -0.362   -0.223
    -0.131   -0.170   -0.200   +0.168   -0.722   +0.186   -0.226   +1.059
    -0.697   +1.254   +1.477   +0.371   -0.760   -0.524   -1.708   +1.445
    -0.270   +0.358   -0.082   -0.303   -0.145   -1.253   +8.940   -3.441
    +0.038   +0.013   -0.117   +0.217   +0.132   +0.399   -0.063   +0.312
    -0.731   -0.391   -1.672   -0.437   -0.843   -0.536   +1.115   -2.410
    -0.541   -0.194   -0.247   +0.561   -1.097   -1.973   -2.542   +1.070
    -0.339   -1.544   +0.744   -0.519   +0.753   +1.100   -0.587   +4.302


############ STATION 23 ############

--- station 23 · head 0 ---
token 'how' question (strength 13.3):
    -1.304   -1.853   -0.600   +0.524   -0.878   -0.745   -0.612   -1.723
    +0.697   -1.526   -2.017   -0.434   -0.785   -2.399   -3.268   +4.165
    +0.185   +2.053   -1.032   +1.459   -0.412   -1.656   -0.586   +1.629
    -0.232   +1.604   -0.798   -0.424   +0.620   -4.383   -0.291   +1.021
    -1.506   -0.164   -0.748   -1.676   -1.010   +1.394   -1.630   -0.962
    +2.256   -2.332   -0.903   +2.026   -2.456   -0.715   -4.556   +0.994
    -1.505   +1.422   -0.909   +0.182   +0.189   +0.703   +2.334   +1.523
    +1.260   +0.984   +0.190   -3.017   -0.894   +2.000   -0.685   +0.738
token ' are' question (strength 11.0):
    +0.620   -0.362   +1.266   -1.629   -0.239   +0.089   +1.750   -0.025
    -0.332   -2.222   +0.530   +0.338   -2.044   -2.287   +0.582   +1.415
    -1.248   +0.126   -0.427   +1.195   -0.589   +0.688   +0.409   +3.771
    +0.522   +2.731   -1.342   +0.611   +0.098   -4.309   -0.690   +1.323
    -0.862   +0.668   -0.094   -0.442   -1.184   -1.572   +0.389   +2.357
    +0.282   -1.484   -1.107   +2.329   -0.911   +0.310   -2.173   +0.124
    -0.251   +1.093   -0.931   -0.557   -0.282   -0.453   -0.916   +1.793
    +0.005   +0.062   -0.887   -2.680   -0.957   +2.489   -0.267   -0.247
token ' you' question (strength 12.5):
    +0.431   -0.536   +1.141   -2.772   -0.776   -0.408   +2.976   +1.321
    -1.240   -2.269   +0.099   +0.341   -2.920   -2.346   -0.100   +1.734
    -0.951   +0.328   -0.542   +0.903   -0.383   +0.391   +1.322   +3.013
    +0.326   +2.337   -1.260   +0.401   -0.150   -3.187   -0.407   +1.411
    -0.725   +1.219   -0.223   +0.519   -1.292   -2.133   +0.672   +3.220
    +1.092   -1.331   -1.940   +2.852   -0.404   +0.119   -1.833   -0.096
    -0.300   +1.374   -0.853   -0.778   -0.280   -0.644   -0.818   +1.508
    -0.334   +0.631   -0.034   -3.978   -1.829   +3.677   -0.048   -0.542

--- station 23 · head 1 ---
token 'how' question (strength 12.1):
    +0.503   -0.532   +1.018   -0.293   -0.524   -0.809   +0.219   +0.379
    -1.290   -0.593   -0.687   +1.159   -1.101   -2.056   +1.283   +2.393
    +1.426   -0.972   -0.089   +0.059   -0.630   -1.982   -0.222   +0.542
    +0.303   +2.549   +1.301   -0.978   +1.867   -2.541   +0.284   +0.439
    -0.516   +0.175   -0.067   +0.072   -0.644   -0.689   -0.378   -0.040
    +0.508   +0.436   -0.466   +1.623   -0.264   -0.792   -1.278   +1.173
    -0.869   +1.578   -3.165   +1.464   -0.254   +1.984   +4.127   -0.564
    +2.062   +1.169   -1.240   -5.661   -0.323   +3.580   +1.253   -0.190
token ' are' question (strength 7.8):
    +0.577   -0.009   -0.102   +0.302   +0.009   -0.333   -0.242   +0.459
    -0.697   -0.078   -0.079   +0.526   -0.130   -1.245   +0.182   +1.239
    +0.829   +0.030   +0.297   +0.701   -0.526   -0.134   +0.169   +2.092
    +0.799   +2.126   -0.982   +0.238   +0.314   -4.195   +0.995   +2.036
    +0.313   -0.344   +0.107   -0.117   +0.283   +0.594   -0.276   -0.297
    +0.531   +0.048   -0.182   +0.906   -0.182   -0.486   +0.159   +0.475
    -0.365   +1.585   -1.893   +0.372   -0.514   -0.030   -0.872   +1.239
    +0.529   -0.416   -0.984   -2.319   +0.920   +1.573   -0.112   -0.362
token ' you' question (strength 8.8):
    +0.417   +0.143   -0.400   +0.424   -0.194   -0.569   -0.364   +0.695
    -1.048   -0.139   -0.275   +0.708   -0.269   -1.567   +0.420   +1.564
    +0.602   -0.200   +0.813   +0.415   -0.550   -0.007   +0.423   +2.233
    +0.873   +0.803   -0.593   -0.262   -0.897   -3.164   +2.033   +2.732
    +0.154   -0.375   +0.277   -0.102   +0.476   +0.747   -0.393   -0.402
    +0.648   +0.158   -0.269   +1.305   -0.203   -0.910   -0.039   +0.423
    -0.022   +1.536   -1.444   +0.254   -0.228   -0.512   -1.321   +1.069
    +0.598   +0.231   +0.598   -3.615   -0.723   +3.341   +0.215   -0.335

--- station 23 · head 2 ---
token 'how' question (strength 11.8):
    -0.193   +0.033   -0.149   -0.173   -0.469   -0.378   +0.105   +0.213
    -0.709   -0.531   -0.611   +1.059   -0.777   -2.626   +1.405   +2.202
    +1.120   -0.656   +0.436   +0.871   -2.146   -1.288   -1.457   +1.266
    +0.853   +2.110   +2.162   -1.282   +1.806   -3.876   -0.039   +0.739
    -0.405   +0.447   -0.504   -0.099   -0.543   -0.316   -0.202   -0.051
    +0.464   +0.516   -0.182   +1.170   -0.079   -1.079   -0.570   +0.358
    -0.911   +1.294   -3.463   +2.648   +0.310   +1.629   +4.103   -0.312
    +2.866   +0.845   -0.100   -4.668   -0.715   +1.455   +0.269   +0.812
token ' are' question (strength 8.0):
    +0.162   -0.234   -0.183   +0.233   -0.051   -0.073   -0.161   +0.292
    -0.318   -0.222   +0.174   +0.234   -0.308   -1.212   +0.491   +1.096
    +0.483   -0.423   -0.023   +0.158   -0.188   -0.185   +0.404   +2.083
    +0.834   +2.139   -0.686   +0.051   +0.861   -3.994   -0.957   +1.020
    -0.063   -0.055   -0.095   -0.163   +0.181   +0.289   -0.077   -0.145
    +0.443   +0.133   -0.071   +1.001   -0.206   -0.456   -0.235   +0.353
    -0.441   +1.132   -1.999   +0.486   -0.275   -0.177   -0.932   +1.729
    +0.552   -0.911   -1.391   -2.464   +1.768   +2.313   -0.608   +1.101
token ' you' question (strength 8.1):
    +0.053   -0.179   -0.303   +0.301   -0.218   -0.602   -0.100   +0.767
    -0.887   -0.214   +0.020   +0.828   -0.399   -1.501   +0.391   +1.522
    +0.442   -0.798   +0.427   -0.300   -0.512   +0.083   +0.347   +1.827
    +0.844   +1.045   -0.740   -0.249   -0.061   -2.640   -0.475   +1.460
    -0.131   -0.276   +0.023   +0.126   +0.443   +0.470   -0.299   -0.199
    +0.949   +0.216   -0.174   +1.471   -0.190   -0.681   -0.423   +0.273
    +0.022   +1.165   -1.513   +0.421   -0.398   -0.801   -1.314   +1.093
    +0.390   +0.005   +0.355   -3.729   -0.426   +3.488   -0.762   +1.496

--- station 23 · head 3 ---
token 'how' question (strength 12.5):
    -0.455   -0.648   -0.377   -0.306   -1.794   -0.469   +0.595   +0.515
    -0.933   -0.399   -1.206   +1.253   -1.479   -2.439   +1.320   +2.422
    +1.034   -1.114   +0.277   +0.004   -0.667   -0.666   -0.639   +0.870
    -0.377   +2.902   +1.488   -0.962   +1.403   -2.766   -0.124   -1.094
    -1.097   +0.267   -0.483   -0.559   -0.830   -0.375   -0.857   +0.461
    +0.394   +0.500   -0.500   +1.589   -0.134   -0.972   -1.059   +1.092
    -0.847   +1.847   -2.589   +1.903   +0.513   +1.764   +3.813   -0.643
    +1.553   +0.867   -2.212   -5.840   +1.002   +4.275   +0.734   -0.790
token ' are' question (strength 7.9):
    +0.255   -0.001   -0.123   -0.071   -0.351   -0.306   -0.022   +0.286
    -0.654   -0.418   -0.258   +0.376   -0.297   -1.252   +0.257   +1.275
    +0.664   +0.023   +0.095   +0.310   -0.470   -0.258   -0.167   +1.675
    +0.709   +1.863   -0.954   +0.268   -0.673   -4.842   +0.077   -0.824
    -0.135   -0.262   -0.465   -0.026   +0.097   +0.169   -0.274   -0.016
    +0.374   -0.070   -0.162   +1.054   -0.247   -0.504   -0.109   +0.404
    -0.388   +1.842   -1.551   +0.203   -0.363   +0.317   -1.410   +0.896
    +0.782   -0.140   -0.994   -2.704   +0.811   +1.966   +0.050   -0.173
token ' you' question (strength 8.9):
    -0.532   +0.053   -0.417   +0.227   -0.308   -0.413   -0.097   +0.536
    -0.794   -0.615   -0.457   +0.464   -0.607   -1.404   +0.377   +1.714
    +0.466   -0.134   +0.640   +0.131   -0.300   -0.138   -0.291   +1.618
    +0.679   +1.138   -0.756   +0.058   -1.891   -4.104   +0.756   -1.087
    +0.130   -0.084   +0.001   -0.097   +0.298   +0.637   -0.427   -0.204
    +0.474   +0.064   -0.243   +1.290   -0.279   -0.668   -0.482   +0.524
    -0.130   +1.726   -1.168   +0.098   -0.572   -0.261   -1.583   +1.144
    +0.847   +0.552   +0.768   -3.665   -1.266   +3.639   +0.307   -0.364

--- station 23 · head 4 ---
token 'how' question (strength 12.2):
    -1.189   +0.185   -1.819   +1.389   -0.584   -0.433   +0.240   -0.096
    +0.715   -0.988   +2.824   +3.463   -0.879   -1.085   +2.258   +3.833
    -1.652   -1.018   -1.266   +0.791   -2.150   +0.409   -0.331   +1.273
    -1.265   +0.313   -0.151   -1.216   -0.028   -5.121   +0.483   +0.274
    -0.698   -0.469   +1.045   -1.514   -0.353   +2.209   +1.691   -0.738
    +1.455   -0.558   -1.026   +1.637   +0.625   +0.668   +0.531   -1.420
    +2.618   -1.441   -2.317   -0.140   -0.513   +0.997   +1.819   +1.417
    +0.187   +0.664   +1.199   -2.362   +0.111   +0.812   -1.549   +1.358
token ' are' question (strength 12.3):
    +0.928   -0.851   +1.306   -1.973   -0.083   +0.167   +3.058   -0.789
    -1.075   -3.087   -1.103   +0.999   -1.744   -2.120   +0.110   +1.022
    -1.428   +0.292   +0.378   +1.291   -0.387   +0.309   +1.523   +3.292
    +0.107   +3.287   -1.359   +0.008   -0.227   -4.023   -0.538   +0.904
    -0.589   +1.191   -0.760   -1.108   -2.148   -1.653   -0.588   +2.140
    -1.250   -0.939   -0.739   +1.510   -1.007   -0.510   -0.762   -0.571
    -1.310   +0.881   -0.720   -0.196   -0.262   +0.271   -1.721   +2.302
    -0.186   -0.496   -0.647   -3.500   -0.663   +3.820   -0.284   -1.140
token ' you' question (strength 13.5):
    +0.549   +0.032   +1.259   -2.344   -0.532   -0.017   +3.786   -0.138
    -2.005   -2.784   -2.547   +0.595   -2.430   -1.802   -1.526   +1.708
    -1.049   +0.375   +0.009   +0.108   -0.350   +0.315   +1.842   +2.642
    +0.281   +2.521   -1.550   -0.112   -0.234   -3.307   -0.142   +1.006
    +0.167   +1.272   -1.045   -0.584   -3.134   -1.906   -1.456   +2.677
    -0.193   -2.163   -1.551   +2.663   -0.568   -0.817   -1.140   -1.152
    -0.769   +1.315   -0.380   +0.204   +0.157   +0.071   -1.068   +1.995
    -0.529   +0.483   +0.154   -4.014   -1.873   +4.563   -0.122   -1.132

--- station 23 · head 5 ---
token 'how' question (strength 12.6):
    -0.238   -0.129   -0.708   -0.075   -0.247   -0.878   -0.261   +0.206
    -0.798   -0.348   -0.803   +1.103   -0.847   -1.999   +1.487   +2.987
    +2.187   -0.494   -0.021   +0.211   -0.382   -0.381   +0.203   +2.115
    +0.555   +2.776   +1.724   -1.189   +1.186   -2.535   -0.487   +0.029
    +0.053   +0.086   -0.543   -0.319   +0.166   +0.223   -0.591   +0.004
    +0.870   +0.361   -0.025   +1.533   -0.239   -1.259   -0.540   +1.051
    -0.644   +1.223   -3.210   +2.911   +0.837   +2.321   +4.791   +0.074
    +2.500   +1.510   -1.631   -5.240   -0.338   +3.566   +0.952   +0.209
token ' are' question (strength 7.8):
    +0.042   +0.053   -0.326   +0.345   -0.080   -0.275   -0.243   +0.386
    -0.562   -0.036   +0.022   +0.459   +0.048   -1.315   +0.265   +1.540
    +0.989   -0.044   -0.142   +0.086   -0.408   -0.169   +0.176   +2.019
    +0.824   +2.149   -1.001   +0.199   +0.617   -4.231   -0.317   +0.947
    -0.042   -0.210   +0.048   -0.158   +0.304   +0.477   -0.255   -0.244
    +0.580   +0.048   -0.115   +0.862   -0.241   -0.717   +0.050   +0.436
    -0.057   +1.373   -1.847   +0.304   -0.558   +0.113   -0.835   +1.103
    +0.719   -0.435   -1.011   -2.267   +0.932   +1.620   -1.826   -1.212
token ' you' question (strength 9.1):
    -0.187   +0.039   -0.432   +0.344   -0.107   -0.466   -0.301   +0.545
    -0.811   -0.198   -0.131   +0.702   -0.182   -1.693   +0.267   +1.630
    +0.686   -0.129   +0.812   +0.102   -0.659   -0.015   +0.317   +1.838
    +0.891   +0.799   -0.674   -0.371   -0.033   -3.282   +0.393   +0.984
    +0.043   -0.164   +0.018   -0.250   +0.615   +0.643   -0.377   -0.351
    +0.585   +0.271   -0.123   +1.131   -0.292   -0.927   -0.098   +0.493
    +0.411   +1.322   -1.565   +0.409   -0.317   -0.799   -1.053   +1.207
    +0.644   +0.262   +0.509   -3.921   -1.064   +3.987   -2.677   -2.125

--- station 23 · head 6 ---
token 'how' question (strength 11.6):
    -0.486   -0.322   -0.436   -0.392   -0.689   +0.040   +0.847   +0.131
    -0.658   -1.118   -0.709   +1.183   -1.475   -2.360   +1.255   +2.486
    +0.804   -0.966   +0.125   +0.290   -0.262   +0.773   -0.814   +2.965
    +0.317   +2.651   +1.272   -0.652   +2.083   -3.208   +0.675   +2.429
    -0.847   +1.147   -0.380   +0.293   -0.278   -0.365   -0.525   +0.881
    +0.773   -0.047   -0.716   +2.187   -0.469   -0.844   -2.037   +0.364
    -1.024   +0.702   -3.085   +1.704   +0.707   +1.592   +2.353   +0.659
    +1.807   +0.873   -0.896   -4.801   +0.949   +2.295   -0.592   +0.031
token ' are' question (strength 8.7):
    +0.301   -0.167   +0.461   -0.235   -0.308   -0.057   +0.522   +0.085
    -0.958   -1.049   -0.515   +0.483   -0.880   -1.607   +0.216   +1.536
    -0.114   +0.274   +0.252   +0.766   -0.658   +0.162   +0.314   +2.815
    +0.932   +2.602   -1.319   +0.497   +0.678   -4.679   -0.650   +1.464
    -0.392   +0.226   -0.422   -0.010   -0.582   -0.544   -0.256   +0.942
    -0.009   -0.086   -0.454   +1.627   -0.557   -0.595   -0.917   -0.073
    -0.763   +1.044   -1.485   +0.004   -0.489   -0.232   -0.870   +1.852
    +0.363   -0.164   -0.647   -2.021   +0.077   +1.511   -0.844   +0.290
token ' you' question (strength 9.0):
    +0.198   -0.271   +0.414   -0.237   -0.335   -0.302   +0.562   +0.445
    -1.184   -0.952   -0.532   +0.696   -1.054   -1.959   +0.454   +2.016
    -0.010   -0.357   +0.622   +0.879   -0.894   +0.637   +0.543   +2.541
    +0.795   +1.188   -1.347   +0.086   -0.027   -3.527   +0.186   +1.866
    -0.337   +0.516   -0.958   -0.013   -0.592   -0.592   -0.339   +0.934
    +0.262   +0.070   -0.556   +1.764   -0.640   -0.754   -1.107   +0.148
    -0.405   +1.080   -0.465   +0.219   -0.152   -0.875   -0.626   +1.681
    +0.249   +0.229   +0.685   -3.334   -1.454   +3.214   -0.431   +0.481

--- station 23 · head 7 ---
token 'how' question (strength 13.4):
    +0.665   -0.118   -0.553   +0.694   +0.589   +0.884   -1.076   +0.313
    -0.120   +0.599   +0.654   -1.035   +0.937   -0.722   +2.971   +3.017
    +1.167   +1.446   -3.014   +0.126   -0.939   +1.857   -3.000   -0.622
    -0.104   +2.788   +1.159   +3.162   -3.825   +0.326   -0.923   +1.254
    -0.154   -0.637   -0.928   +0.159   +1.368   +0.204   -0.252   +0.862
    -0.622   +0.874   -0.660   -1.719   +1.559   +2.196   +2.044   +2.312
    -1.528   +0.708   +0.068   +0.444   +4.647   -2.569   -1.541   +2.560
    -0.283   -1.117   -0.910   +2.957   -3.308   -0.427   -0.533   +2.198
token ' are' question (strength 8.2):
    +0.375   +0.087   -0.738   +1.069   +0.620   +0.887   -1.050   +0.215
    +0.125   +0.613   +0.346   -0.215   +0.128   -0.182   +0.047   +1.370
    +0.349   +0.569   -0.874   +0.752   -2.113   +0.182   +0.092   -0.905
    -0.402   +1.467   -0.057   -0.770   -0.734   -0.232   -1.812   +0.472
    +0.132   -0.506   -0.386   +0.334   +0.830   -0.049   -0.300   +0.734
    -0.521   +1.007   -0.273   -1.170   +1.136   +1.602   +0.523   +1.380
    -1.057   -0.853   +0.674   +0.630   +0.557   -0.055   -0.049   -1.236
    -0.832   -1.523   +0.029   +0.745   -5.050   -0.435   +1.285   +0.488
token ' you' question (strength 9.5):
    +0.226   -0.092   -0.949   +1.375   +1.078   +1.387   -1.510   +0.198
    +0.254   +0.560   +0.815   -0.240   +0.240   -0.450   +0.233   +1.859
    +0.414   +0.923   -0.634   +0.889   -1.110   +0.789   +1.257   -0.648
    -0.746   +0.379   +0.936   +0.136   -1.741   +1.611   -3.185   -0.199
    +0.342   -0.276   -0.271   +0.405   +1.063   +0.212   -0.345   +1.135
    -0.788   +1.445   -0.444   -1.405   +1.152   +1.912   +0.760   +1.575
    -0.205   -0.645   +0.263   +0.916   -0.606   +0.781   -0.888   -1.826
    -0.400   -0.365   +0.782   +0.924   -4.324   -1.205   +2.956   +0.091

--- station 23 · head 8 ---
token 'how' question (strength 17.4):
    +0.792   -0.951   -1.414   +0.995   +2.790   +3.659   -2.952   +3.606
    -1.068   +1.057   -0.939   -3.349   -2.469   -0.945   +1.964   +4.117
    +0.177   +0.404   -1.134   +4.384   -1.515   -0.054   -1.824   -1.284
    +1.121   +0.508   +0.717   +1.280   -3.077   +0.974   +0.599   +3.453
    +0.027   -0.909   -0.406   +0.993   +0.125   -1.727   +0.255   -3.723
    -0.559   +1.150   +2.547   -3.000   +0.803   +4.474   +2.776   +0.503
    -0.981   -2.844   -2.672   +0.582   +2.839   -2.956   -1.783   +1.315
    +0.276   -0.683   +3.063   -0.275   -6.031   +0.747   +1.405   +2.777
token ' are' question (strength 11.8):
    -0.180   +0.669   +0.594   -0.860   -0.334   -0.970   -1.472   +0.035
    +3.248   +0.327   +1.967   -0.556   -0.247   +0.225   -0.094   +2.148
    -0.272   -0.100   -0.379   +1.582   -0.385   +0.177   +0.078   -0.572
    -0.686   +1.623   +0.064   -0.316   -2.440   +0.307   -0.961   +1.388
    +0.093   +0.372   -0.589   -0.309   +1.148   +1.024   -0.546   -1.846
    +2.304   +1.731   +2.637   -2.109   +2.543   +2.864   +1.587   +1.309
    -1.435   -1.165   +0.175   +2.530   -0.582   +0.197   -0.211   -2.652
    +0.281   -2.029   +1.302   +0.582   -4.752   -0.079   +1.494   +2.597
token ' you' question (strength 14.9):
    +0.247   +0.725   +1.296   -1.350   -0.735   -2.182   -1.473   +0.322
    +4.740   +0.161   +3.487   -0.256   -0.139   -0.296   +0.782   +2.903
    -0.100   -0.003   -0.105   +1.142   -0.068   -0.144   +0.195   -0.543
    -0.947   +0.998   +0.364   +0.965   -4.101   +1.956   -1.454   +1.836
    +0.136   +0.289   -0.507   +0.255   +0.816   +1.579   -1.166   -2.012
    +3.265   +2.626   +3.041   -3.110   +1.884   +2.706   +0.545   +2.105
    -0.525   -2.229   -0.492   +1.424   -1.489   +0.063   -0.036   -3.651
    +0.315   -1.145   +2.473   +1.623   -4.406   +0.566   +3.031   +3.633

--- station 23 · head 9 ---
token 'how' question (strength 14.6):
    -0.810   +0.621   +0.835   -0.599   -0.415   +0.122   -0.530   -0.655
    +0.709   +0.819   +0.683   -1.039   +0.767   -0.426   +2.611   +3.182
    +0.792   +0.793   -2.962   +0.450   -2.041   -0.260   -2.826   +0.005
    +0.738   +4.358   +0.440   +4.290   -5.365   +0.027   -1.628   +2.303
    +0.626   -0.808   -0.894   +0.447   +1.163   +0.435   -0.744   +0.009
    -0.849   +1.638   -0.165   -2.367   +1.498   +3.309   +2.083   +2.483
    -1.517   +0.720   +0.289   +1.318   +3.653   -2.936   -1.744   +2.380
    +0.320   -0.872   +0.982   +2.167   -2.930   -0.104   +0.522   +2.473
token ' are' question (strength 8.5):
    +0.028   -0.141   -0.379   +0.692   +0.550   +0.617   -0.798   -0.077
    +0.358   +0.911   +0.136   -0.226   +0.109   +0.201   +0.263   +1.159
    +0.361   +0.770   -1.186   +1.420   -1.821   +0.220   +0.017   -0.467
    -0.753   +1.819   -0.122   -0.093   -2.042   -0.018   -0.097   +2.185
    -0.019   -0.562   -0.043   +0.054   +0.430   +0.020   -0.238   +0.410
    -0.284   +1.201   +0.128   -1.395   +0.732   +1.645   +0.563   +1.426
    -0.573   -0.290   +0.816   +0.997   +0.095   -0.773   -0.051   -1.411
    -0.529   -1.680   +0.536   +0.965   -4.824   -0.096   +0.037   +2.153
token ' you' question (strength 10.4):
    +0.281   -0.413   -0.574   +0.841   +0.488   +0.644   -1.108   -0.365
    +0.638   +1.208   +0.526   -0.154   +0.342   -0.094   +0.574   +1.610
    +0.681   +1.301   -0.743   +1.202   -0.793   +0.993   +0.949   -0.129
    -0.503   +0.273   +0.813   +0.296   -3.636   +2.265   -0.441   +3.902
    -0.097   -0.420   -0.096   -0.053   +0.447   +0.071   -0.222   +0.821
    -0.375   +1.899   +0.058   -2.114   +0.941   +2.426   +0.339   +1.562
    -0.130   -0.325   -0.067   +1.806   -1.457   -0.145   -0.217   -1.589
    -0.560   -0.870   +2.343   +1.169   -3.891   +0.354   +1.048   +2.709

--- station 23 · head 10 ---
token 'how' question (strength 13.7):
    +0.027   +1.485   +0.035   +0.625   +0.464   +0.743   -1.465   +0.004
    +0.072   +1.028   +0.493   -0.817   +0.998   -0.993   +2.011   +3.187
    +1.405   +0.889   -2.997   +1.159   -1.443   -0.042   -2.689   -0.239
    +0.573   +3.758   +0.290   +3.338   -3.813   -0.446   -3.256   +2.260
    +0.292   -0.251   -1.080   +0.543   +0.273   +0.204   +0.074   -0.155
    -0.700   +1.076   +0.083   -1.690   +0.872   +2.613   +1.985   +1.485
    -1.664   +1.423   +0.068   +1.998   +3.308   -3.051   -1.820   +2.396
    +0.088   -0.593   +0.311   +2.624   -4.363   -0.516   +0.291   +0.410
token ' are' question (strength 8.5):
    -0.121   +0.123   -0.669   +0.994   +0.610   +0.692   -1.524   +0.195
    +0.358   +0.836   +0.145   -0.188   +0.204   -0.021   +0.177   +1.466
    +0.229   +0.879   -1.324   +1.780   -1.326   +0.749   +0.268   -0.581
    -0.552   +1.565   -0.547   -0.342   -1.878   -0.466   -0.328   +0.746
    -0.029   -0.359   -0.324   -0.001   +0.478   +0.032   -0.153   +0.150
    -0.390   +1.225   +0.051   -1.165   +0.944   +1.607   +0.480   +1.579
    -0.662   -0.223   +0.882   +0.979   +0.126   -0.109   +0.158   -1.514
    -0.659   -1.962   +0.331   +0.692   -4.973   +0.012   +1.456   +1.673
token ' you' question (strength 10.3):
    +0.204   +0.391   -0.595   +1.142   +0.639   +0.697   -1.858   -0.010
    +0.381   +0.833   +0.437   -0.200   +0.424   -0.381   +0.452   +1.915
    +0.825   +0.959   -0.936   +2.035   -0.699   +0.694   +1.029   -0.412
    -0.433   +0.566   -0.002   +0.537   -3.572   +1.584   -0.309   +0.477
    +0.203   -0.676   -0.311   -0.048   +0.499   -0.076   -0.089   +0.162
    -0.605   +1.790   +0.279   -1.893   +0.854   +2.006   +0.497   +1.427
    +0.002   -0.302   -0.119   +1.452   -1.123   +1.253   -0.271   -1.729
    -0.550   -0.733   +1.805   +1.440   -4.538   -0.043   +3.277   +3.111

--- station 23 · head 11 ---
token 'how' question (strength 13.6):
    -1.284   +0.417   +0.565   -0.376   -0.400   +0.056   -0.625   -0.463
    +0.119   +0.386   +0.820   -0.847   +1.341   -0.639   +2.270   +3.413
    +1.014   +1.634   -3.033   +1.566   -2.727   +1.522   -2.369   -0.416
    -0.392   +3.815   +1.195   +3.070   -3.520   +1.228   -0.887   -0.232
    +0.351   +0.117   -1.456   +0.835   +0.848   +0.598   -0.803   +0.862
    -0.801   +1.369   -0.160   -2.227   +1.122   +3.118   +1.906   +2.004
    -2.428   +1.184   -0.327   +0.903   +3.705   -1.962   -2.190   +2.503
    -0.498   -1.240   +0.753   +1.798   -3.313   +0.923   +1.887   +0.535
token ' are' question (strength 7.9):
    -0.017   +0.182   -0.175   +0.433   +0.413   +0.276   -0.683   -0.341
    +0.297   +0.482   +0.086   -0.093   +0.376   +0.020   +0.150   +1.342
    +0.348   +0.380   -1.649   +2.100   -2.011   +0.685   +0.076   -0.405
    -0.907   +1.933   -0.267   -0.034   -1.364   +0.827   -0.200   -0.053
    +0.119   -0.130   -0.425   +0.316   +0.604   +0.213   -0.301   +0.679
    -0.359   +0.944   +0.172   -1.124   +0.637   +1.451   +0.621   +1.454
    -0.887   +0.108   +0.420   +1.208   +0.083   -0.654   +0.093   -1.515
    -0.577   -1.603   +0.880   +0.962   -4.575   +0.671   +0.860   +0.149
token ' you' question (strength 8.8):
    +0.364   -0.145   -0.639   +0.864   +0.800   +0.741   -1.253   -0.335
    +0.377   +0.751   +0.352   -0.370   +0.525   -0.174   +0.378   +1.491
    +0.484   +0.573   -1.287   +2.079   -1.451   +1.082   +0.871   -0.564
    -0.735   +0.031   +0.490   +0.709   -2.025   +2.970   -0.544   +0.631
    -0.015   -0.621   -0.126   +0.283   +0.744   +0.198   -0.267   +1.065
    -0.629   +1.428   +0.212   -1.732   +0.739   +1.881   +0.616   +1.638
    -0.719   -0.170   -0.391   +1.323   -0.782   +0.522   +0.024   -1.762
    -0.678   -0.762   +1.239   +1.070   -3.904   -0.158   +1.810   +0.472

--- station 23 · head 12 ---
token 'how' question (strength 17.4):
    -1.064   -0.221   -0.164   -0.885   -0.206   +0.589   -2.120   -1.746
    +2.941   +1.124   +1.800   -0.816   +0.267   -0.595   +2.847   +2.677
    +1.274   +1.457   -2.188   +0.148   -0.724   -1.141   -2.469   +0.156
    +3.347   +3.580   -0.639   +4.568   -5.645   -0.650   -2.451   +0.740
    +0.824   -0.418   +0.203   +0.364   +2.126   +1.087   -1.733   -0.110
    +0.591   +2.915   +0.114   -4.003   +3.414   +3.759   +0.729   +3.344
    -1.607   -1.480   +0.946   +0.642   +3.279   -2.163   -3.039   +0.312
    +0.326   -0.245   -0.136   +2.829   -6.304   -2.832   -1.208   +1.428
token ' are' question (strength 10.8):
    +0.410   +0.020   -0.474   +0.752   +0.413   +0.515   -2.062   -0.208
    +1.045   +0.729   +0.614   -0.380   +0.133   +0.304   +0.291   +1.917
    +0.535   +0.427   -0.776   +1.789   -0.860   +1.094   +0.286   -0.530
    +0.507   +1.443   -0.028   -0.453   -2.315   -1.493   -3.025   +2.823
    +0.107   -0.305   -0.183   -0.053   +1.413   -0.308   -0.785   +0.243
    +0.365   +2.076   -0.038   -2.892   +1.760   +2.500   +0.442   +1.596
    -0.566   -1.221   +0.752   +0.622   -0.087   +0.082   -0.256   -1.748
    +0.570   -1.523   +0.452   +0.950   -5.196   -0.915   +1.205   +2.087
token ' you' question (strength 12.6):
    +0.141   -0.059   -0.411   +0.639   +0.445   +0.532   -2.521   +0.017
    +1.277   +0.864   +0.851   -0.393   +0.039   +0.060   +0.422   +2.337
    +0.781   +1.047   -0.464   +1.639   -0.554   +1.958   +1.322   -0.012
    -0.696   +0.780   +1.897   -0.340   -3.003   +0.701   -4.471   +3.273
    -0.101   -0.063   -0.309   +0.080   +1.419   -0.195   -0.899   +0.315
    +0.374   +2.534   -0.068   -3.458   +1.839   +2.830   +0.644   +1.401
    -0.280   -1.003   +0.064   +0.945   -0.753   +0.580   -0.340   -2.150
    +0.953   -1.247   +2.274   +0.650   -4.003   +0.493   +3.151   +3.126

--- station 23 · head 13 ---
token 'how' question (strength 14.2):
    -0.479   -0.506   +0.444   -0.568   -0.851   -0.158   +0.083   -0.672
    +0.875   +0.494   +1.075   -1.161   +1.218   -0.948   +1.820   +4.017
    +0.867   +0.292   -2.843   +1.530   -2.782   +0.775   -1.716   -0.186
    +0.754   +3.372   +0.928   +3.817   -3.856   +0.330   -3.793   +1.386
    -0.163   +0.113   -1.514   +1.824   +1.243   +0.442   -1.051   +0.763
    -0.723   +1.435   +0.118   -2.591   +1.722   +3.303   +2.251   +2.297
    -1.101   +0.469   +0.228   +1.069   +3.584   -2.146   -1.974   +2.584
    -0.690   -1.147   +0.180   +2.110   -3.100   +0.219   +1.378   -1.392
token ' are' question (strength 8.1):
    +0.226   -0.218   -0.408   +0.484   +0.309   +0.603   -0.529   -0.134
    +0.231   +0.442   +0.091   -0.415   +0.026   -0.091   -0.094   +1.222
    +0.228   +0.558   -1.357   +1.606   -2.186   +0.143   +0.038   -0.488
    -0.910   +1.834   -0.174   -0.046   -1.248   -0.126   -1.991   +1.641
    -0.081   -0.498   +0.126   +0.130   +0.832   -0.109   -0.273   +0.994
    -0.201   +0.969   -0.039   -0.935   +0.793   +1.380   +0.606   +1.376
    -0.795   -0.070   +0.529   +1.122   +0.229   -0.448   -0.297   -1.380
    -0.875   -1.608   +0.740   +0.916   -4.629   -0.008   +0.267   -0.963
token ' you' question (strength 9.3):
    +0.227   -0.391   -0.731   +1.011   +0.728   +0.995   -0.838   -0.183
    +0.132   +0.706   +0.491   -0.583   +0.183   -0.205   -0.041   +1.506
    +0.455   +0.667   -1.153   +1.436   -1.473   +0.585   +1.184   -0.596
    -0.666   +0.222   +0.773   +0.692   -1.959   +2.223   -3.049   +2.639
    +0.102   -0.666   +0.108   +0.096   +0.952   -0.167   -0.234   +1.580
    -0.475   +1.416   -0.034   -1.522   +1.018   +1.963   +0.511   +1.737
    -0.506   -0.540   -0.232   +0.982   -0.677   +0.483   -0.352   -1.800
    -0.699   -0.382   +1.191   +1.184   -3.929   -0.712   +1.179   -1.196


############ STATION 24 ############

--- station 24 · head 0 ---
token 'how' question (strength 11.7):
    -0.098   -0.246   +0.701   -0.261   -0.680   -0.836   -0.075   +0.111
    -0.298   +1.645   -0.370   -1.886   -3.162   -0.603   +0.905   +2.802
    -1.337   +2.656   -1.019   -0.502   -0.005   -0.894   -0.529   +0.059
    +0.301   -1.216   -0.535   +5.605   +0.358   -1.445   +1.296   +0.318
    +0.298   -0.207   +0.095   +0.254   +0.256   -0.185   +0.118   +1.284
    -1.628   -0.317   -0.734   +1.980   -0.540   +2.774   +3.139   +0.915
    +0.026   +0.593   -0.888   +0.129   +0.497   -0.163   +0.439   +0.305
    -0.418   -1.979   -1.815   +2.228   +2.243   -2.840   +2.445   -1.051
token ' are' question (strength 8.3):
    -0.029   -0.124   +0.339   -0.046   -0.323   -0.267   +0.092   -0.434
    -0.310   +0.944   +0.126   -0.762   -2.383   -0.299   +0.360   +1.403
    -0.971   +1.065   -0.376   -0.373   -0.199   +0.009   -0.220   -0.642
    +0.546   -1.494   +0.274   +4.883   +0.020   -0.806   +0.125   +0.456
    +0.113   +0.006   +0.031   -0.112   +0.036   -0.135   +0.331   +0.497
    -0.664   -0.947   -0.451   +0.802   +0.072   +1.331   +1.504   +0.334
    -0.207   +0.500   -0.227   +0.543   +0.376   -0.060   -1.226   -0.071
    -0.258   -0.773   -0.599   +1.771   -0.093   -2.369   +2.373   -2.000
token ' you' question (strength 8.7):
    -0.040   -0.173   +0.401   -0.061   -0.213   -0.597   +0.115   -0.304
    -0.520   +1.132   +0.321   -0.533   -2.673   -0.036   +0.627   +1.682
    -0.505   +0.760   -0.181   +0.042   -0.370   -0.051   -0.591   -0.629
    +0.819   -0.801   -1.673   +5.396   -0.853   -0.853   -0.463   +0.826
    +0.080   +0.136   -0.154   -0.180   +0.060   +0.038   +0.502   +0.590
    -0.688   -1.039   -1.208   +1.062   -0.377   +1.341   +2.127   -0.406
    +0.088   +0.421   -0.287   +0.233   +0.367   +0.150   -1.063   -0.105
    -0.746   -0.055   -0.782   +1.787   +0.141   -2.301   +0.566   -1.665

--- station 24 · head 1 ---
token 'how' question (strength 33.2):
    -8.986   +1.702   +4.032   -0.560  -11.685   -1.617   -2.092   -0.069
    +3.171   -1.366   +0.599   -4.005   -3.412   +6.592   +2.730   +2.384
    -2.633   +2.951   -3.140   +0.360   -1.907   +1.227   +1.314   -4.385
    +1.160   +0.908   -0.556  +12.597   +2.386   -3.365   +1.938   +2.788
    +2.044   -8.587   +2.448   -5.538   +1.993   -1.447   +6.637   +1.592
    -8.891   -8.010   -4.691   +7.810   -3.573   +1.458   +3.327   +0.300
    +1.543   -0.134   +0.568   +1.537   +0.738   -0.638   -3.535   +1.102
    -0.198   +1.604   -1.675   +0.417   +2.208   -8.249   +1.646   -1.475
token ' are' question (strength 44.7):
   -17.127   -0.570   +7.181   -1.866  -14.354   -1.057   -4.299   -4.196
    +0.878   +2.433   -0.615   -3.872   -4.423   +8.175   +1.130   +4.055
    -3.119   +2.705   -2.464   +1.031   -1.503   +1.946   -0.138   -2.658
    +0.640   -1.842   +0.397  +16.878   +0.988   -3.005   +3.780   +3.369
    +0.213  -12.984   +8.530   -5.100   -1.820   -0.211  +11.392   -2.731
   -10.304   -8.255   -5.148  +10.871   -0.587   +2.741   +0.521   +2.569
    +2.382   -1.867   +2.794   +2.547   +1.280   +0.295   -5.197   +0.253
    -2.208   -0.655   -3.228   +3.248   +2.784   -8.907   +2.856   -1.702
token ' you' question (strength 40.0):
   -16.076   -2.501   +5.192   -1.618  -12.296   -1.580   -1.935   -3.907
    +0.436   +4.031   -0.927   -0.682   -2.004   +7.338   -1.340   +4.288
    -2.329   +1.602   -2.140   +1.919   -2.053   +2.202   -0.591   -2.596
    +1.423   -1.563   +0.266  +15.591   +0.581   -3.856   +2.839   +1.863
    +1.475  -12.328   +5.003   -6.058   +0.167   +0.182   +8.725   -3.420
    -9.654   -7.752   -5.359   +9.268   +0.751   +1.202   +2.739   +1.570
    +1.898   -1.533   +2.831   +3.808   +1.296   -0.313   -4.547   -0.542
    -1.796   +0.810   -3.077   +2.838   +1.965   -7.916   +2.278   -0.865

--- station 24 · head 2 ---
token 'how' question (strength 11.8):
    -0.232   -0.106   +0.076   +0.265   +0.099   -0.207   +0.502   +0.788
    +0.075   -0.617   -1.721   -0.486   -3.686   -2.568   +0.845   +2.033
    -0.900   +1.230   +0.013   -0.545   -0.382   -0.960   +0.566   +0.239
    +1.443   -0.419   -1.269   +6.231   -0.440   -2.426   +1.541   +1.107
    +0.053   -0.217   -0.147   -0.109   -0.224   -0.443   -0.462   +1.430
    -0.658   -0.810   -0.191   -0.442   +1.473   +1.867   +2.770   +0.809
    -0.173   +1.471   -1.953   -0.435   +1.202   -0.222   -0.508   +0.029
    -1.142   -0.858   -0.496   +1.037   +2.071   -4.255   +0.837   -1.380
token ' are' question (strength 10.2):
    -0.026   -0.165   +0.187   +0.078   -0.392   -0.438   +0.148   -0.095
    +0.197   -0.132   +0.148   -1.147   -1.858   -0.818   +0.760   +1.965
    -1.503   +1.276   -1.396   +0.057   -0.189   +0.214   -0.181   -0.503
    +0.358   -1.126   +0.165   +6.953   +0.516   -2.085   +0.296   +0.482
    +0.081   -0.125   -0.181   -0.203   +0.079   -0.149   +0.142   +0.328
    -0.882   -0.669   -0.192   -0.154   +0.322   +2.025   +2.061   +0.561
    +0.199   +0.866   -0.148   +1.374   +0.580   +0.406   -1.781   +0.012
    -0.088   -0.691   -0.179   +0.056   -0.827   -2.881   +2.262   -1.491
token ' you' question (strength 11.0):
    +0.045   -0.250   +0.424   +0.044   -0.601   -0.812   +0.357   -0.196
    +0.225   -0.350   +0.876   -1.264   -2.043   -0.207   +0.909   +1.993
    -1.230   +0.013   -1.131   -0.013   -0.434   +0.319   +0.298   -0.824
    -0.778   -0.632   -1.355   +7.585   -0.636   -1.941   -0.089   +0.368
    +0.199   -0.064   -0.479   -0.374   +0.158   +0.022   +0.511   -0.015
    -1.461   -0.993   -0.778   +0.476   +0.071   +1.977   +2.403   +0.629
    +0.602   +1.156   -0.147   +1.687   +0.898   +0.008   -2.073   -0.052
    -1.495   +0.173   +0.267   -0.523   -0.269   -3.273   +0.348   -0.999

--- station 24 · head 3 ---
token 'how' question (strength 10.6):
    -0.084   -0.449   +0.583   -0.222   -0.796   -0.804   +0.205   -0.286
    -0.300   +0.617   +0.660   -1.297   -2.895   -0.500   +1.087   +2.377
    -1.546   +2.086   -0.288   -0.259   +1.298   -0.478   -0.032   +0.136
    +0.029   -0.316   -0.237   +3.872   +0.320   -0.878   +1.292   -0.667
    +0.205   +0.012   -0.366   -0.185   +0.446   +0.095   +1.119   -0.158
    -1.815   -1.220   -1.465   +1.359   +0.085   +2.215   +2.756   +0.014
    -0.183   +0.953   -1.851   +0.319   -0.010   -0.725   +1.377   -0.322
    -1.515   -2.212   -1.824   +1.545   +2.441   -3.360   +1.846   -1.428
token ' are' question (strength 7.0):
    -0.091   -0.171   +0.249   +0.102   -0.164   -0.040   +0.237   -0.337
    -0.188   +0.269   -0.176   -0.538   -1.925   -0.514   +0.130   +1.844
    -0.312   +1.002   +0.083   -0.217   -0.184   +0.028   -0.137   -0.410
    +0.634   -1.327   +0.331   +2.814   -0.019   -0.426   -0.182   -0.082
    +0.036   +0.016   -0.110   -0.022   +0.066   -0.121   +0.367   +0.389
    -0.406   -0.562   -0.755   +0.238   +0.103   +0.725   +1.324   +0.518
    -0.370   +0.657   -0.744   +0.331   +0.149   -0.300   -0.598   -0.318
    -0.233   -0.865   -0.633   +0.937   +0.032   -3.448   +1.783   -2.553
token ' you' question (strength 8.1):
    -0.121   -0.064   +0.142   -0.019   -0.097   +0.064   +0.422   -0.579
    -0.482   +0.225   +0.043   -0.504   -2.293   -0.217   +0.498   +1.826
    -0.152   +0.736   +0.273   +0.118   -0.283   +0.134   -0.313   -0.212
    +0.247   -0.427   -1.556   +3.438   -1.183   -0.698   -0.399   -0.877
    +0.009   -0.039   -0.124   +0.118   +0.054   +0.088   +0.396   +0.368
    -0.574   -0.772   -1.219   +0.515   -0.445   +1.006   +1.478   +0.251
    -0.253   +0.656   -0.417   +0.290   +0.340   -0.199   -0.773   -0.485
    -1.022   +0.345   -0.867   +0.535   +0.080   -4.358   -0.528   -2.669

--- station 24 · head 4 ---
token 'how' question (strength 15.9):
    +2.352   -2.082   -1.374   -1.062   -3.218   -1.259   -1.415   +0.504
    +0.619   -2.060   +0.330   +0.552   -2.436   +2.486   +1.656   +2.697
    -2.482   +1.240   -0.810   +0.251   -1.635   +0.696   +1.766   -0.719
    +1.610   +0.467   -0.420   +7.452   -0.892   +0.912   +2.729   -0.327
    +3.167   -2.290   -4.253   -0.167   -1.823   -2.019   +1.291   -1.675
    -1.940   -1.537   -0.848   +3.149   +0.271   +1.918   +1.552   +0.197
    +1.273   -0.376   -0.511   -1.157   +0.827   +0.339   -1.687   -1.113
    -1.328   -0.030   +0.624   +1.404   +0.710   -5.667   +1.131   -1.154
token ' are' question (strength 18.3):
    -4.275   -0.731   +0.328   -1.563   -5.281   -2.013   -0.700   -1.149
    +0.110   -0.603   +0.864   -2.087   -2.471   +3.477   +1.525   +2.427
    -1.615   +1.777   -1.153   +0.403   -0.781   +0.865   +0.410   -1.241
    +0.468   -0.271   -0.320   +7.803   -0.209   -1.028   +1.999   +0.631
    +0.195   -7.345   -0.065   -2.511   -2.923   -1.361   +2.989   -1.770
    -3.812   -1.958   -0.582   +3.389   -0.858   +2.696   +1.358   +1.466
    +1.376   -0.919   +0.517   +0.566   +0.734   -0.019   -2.080   -0.218
    -1.276   +0.410   -0.191   +1.823   +0.867   -5.210   +1.262   -1.132
token ' you' question (strength 16.6):
    -2.056   -1.821   -0.384   -0.424   -4.752   -1.470   -0.252   -1.663
    -0.012   +0.662   +0.516   -1.620   -1.439   +3.885   +1.777   +3.040
    -1.973   +1.724   -1.047   +0.270   -0.728   +0.664   +0.193   -0.796
    +1.025   -0.692   -0.461   +7.948   +0.213   -0.718   +1.327   +0.499
    -0.039   -5.244   -0.504   -2.124   -1.525   -0.744   +2.148   -3.030
    -3.411   -2.446   -1.727   +3.119   -1.079   +1.951   +1.436   +1.307
    +0.912   -1.193   +1.152   +0.919   +0.524   -0.201   -2.070   -0.093
    -1.530   +0.313   +0.163   +1.897   +0.592   -4.782   +1.210   -0.859

--- station 24 · head 5 ---
token 'how' question (strength 12.0):
    -0.556   -0.627   +1.105   -0.172   -0.638   -1.042   -0.164   -1.040
    +0.109   +0.699   +0.146   -1.003   -3.204   -0.652   +1.084   +2.456
    -1.569   +1.215   -1.658   -1.008   -0.105   +0.427   -0.032   -0.867
    +0.888   +0.811   -2.150   +5.120   +0.362   +2.102   +0.300   -0.960
    +0.154   -0.603   -0.340   -0.850   -0.299   -0.258   +1.314   +0.437
    -1.458   -1.690   -1.606   +0.431   -0.017   +1.143   +2.562   +0.943
    -0.143   +1.395   -0.871   +0.468   -0.126   -1.046   +1.063   -0.821
    -1.841   -1.873   -0.791   +1.785   +2.491   -4.866   +2.656   -0.399
token ' are' question (strength 9.3):
    -0.335   -0.323   +0.430   -0.099   -0.109   -0.490   +0.247   -0.765
    -0.111   +0.608   -0.437   -0.581   -2.537   -0.507   +0.554   +2.734
    -0.693   +0.809   -0.574   +0.320   +0.114   -0.020   -0.252   -1.011
    +0.332   +0.695   -0.650   +3.307   -0.295   +0.059   -1.133   +2.176
    +0.083   -0.241   +0.005   -0.458   -0.151   -0.139   +0.778   +0.622
    -0.843   -1.172   -1.318   +0.297   -0.001   +0.551   +1.624   +0.595
    +0.272   +0.508   +0.414   +0.481   -0.289   +0.555   -1.105   -0.237
    -1.213   -0.932   +0.142   +0.565   +0.227   -5.498   +2.323   -0.525
token ' you' question (strength 11.8):
    -0.202   -0.366   +0.400   -0.263   -0.075   -0.613   +0.411   -0.983
    -0.280   +0.585   +0.047   -1.111   -3.520   -0.402   +0.785   +2.861
    -0.705   +0.448   -0.484   +0.405   +0.345   +0.110   -0.717   -1.150
    +0.885   -0.330   -0.709   +3.964   -0.869   -2.618   -1.048   +4.238
    +0.172   -0.227   +0.201   -0.394   +0.023   -0.010   +0.692   +0.677
    -1.031   -1.332   -1.593   +0.686   -0.302   +0.604   +2.182   +0.808
    +0.690   +0.259   +0.384   +0.832   -0.037   -0.004   -1.904   -0.493
    -1.347   +1.954   +0.356   +0.804   -0.473   -6.318   +0.481   +1.661

--- station 24 · head 6 ---
token 'how' question (strength 17.3):
    -2.600   -0.679   +0.646   -1.860   -3.874   -2.203   -2.303   -0.642
    +1.403   +1.521   +2.089   +3.113   -1.173   +2.220   +1.304   +3.587
    -2.067   +2.301   -1.309   -0.284   -0.962   +0.850   +0.646   -0.732
    +0.189   +0.517   -1.486   +6.850   -0.525   -0.797   +2.922   +0.235
    -0.560   +1.297   +3.343   -1.767   +0.540   -2.815   +2.443   +0.593
    -2.333   -3.902   -2.276   +1.095   -2.061   +4.934   +2.950   -0.708
    +1.812   -0.185   -0.564   +1.693   +0.968   +0.045   -0.831   +0.159
    -1.000   -1.945   +1.028   +1.802   +2.657   -4.703   +2.124   -2.326
token ' are' question (strength 15.7):
    -1.320   -0.923   +1.751   -0.953   -3.354   -1.052   -0.645   -1.606
    +1.178   +1.668   +0.495   +2.060   -1.983   +2.133   -0.758   +2.871
    -1.370   +1.984   -1.434   +0.071   -1.218   +0.793   +0.082   -1.512
    -0.305   -0.311   -0.707   +8.039   +0.025   -1.093   +1.566   -0.084
    +0.306   +0.241   +1.789   +0.164   +0.813   +1.441   +2.576   -0.102
    -2.958   -2.638   -1.597   +5.543   +0.240   +2.843   +0.862   +0.797
    +1.772   -0.478   +0.651   +1.169   +0.572   +0.367   -2.869   +0.058
    -1.018   -0.419   -0.200   +0.793   +1.057   -4.768   +1.971   -1.215
token ' you' question (strength 15.4):
    -1.089   -1.192   +2.390   -0.551   -1.980   -1.770   -0.497   -3.035
    +0.174   +1.099   -0.764   -0.505   +0.083   +3.641   +0.169   +2.904
    -1.740   +0.947   -1.207   -0.013   -0.796   +0.967   -0.079   -1.028
    +0.101   -0.520   -0.580   +7.779   -0.018   -1.433   +1.056   +1.051
    +0.414   -0.079   +0.631   +0.768   +1.017   +0.493   +3.168   -0.270
    -3.159   -4.092   -3.056   +3.574   -0.286   +0.798   +2.286   +0.844
    +2.074   -0.536   +0.392   +1.724   +0.729   +0.254   -2.678   +0.342
    -1.894   +0.478   -0.463   +1.578   +1.343   -4.487   +0.845   -1.068

--- station 24 · head 7 ---
token 'how' question (strength 13.6):
    +0.523   -0.398   -0.361   +0.788   +0.175   +1.281   +1.025   +1.766
    +0.257   +0.111   +2.888   +0.328   +1.790   -0.943   -1.221   +1.984
    -1.640   +1.184   +0.376   -1.493   +0.038   +2.989   -1.144   +1.147
    -1.489   -2.035   +1.284   -2.817   +0.013   -1.186   -2.190   +0.974
    -0.566   -0.835   -0.664   -0.359   -1.083   +0.089   -1.192   -1.171
    +2.624   +1.371   -0.904   +3.179   -1.053   +4.201   -3.525   -3.914
    +0.953   +2.890   +3.418   -0.062   -0.099   +0.100   -0.639   -2.116
    +0.378   +1.867   +0.585   +3.336   -0.631   +1.951   -0.971   +0.695
token ' are' question (strength 8.1):
    -0.175   -0.444   -0.640   +0.322   -0.578   +0.345   -0.547   -0.183
    +0.458   +0.655   +0.761   +0.141   +0.225   -0.181   -0.055   +2.156
    -0.429   +0.199   -1.290   -0.357   +0.363   +0.952   +0.303   +0.606
    -0.392   -1.558   -0.176   -2.068   +0.360   -1.669   -2.093   +0.940
    +0.078   -0.227   -0.005   -0.962   -0.201   -0.804   -1.050   -1.233
    +0.559   -0.280   -0.853   +0.821   -0.436   +1.854   -0.839   -1.356
    +0.659   +1.885   +1.493   -0.980   +0.085   +0.089   +0.118   +0.120
    +0.930   +1.975   +0.201   +0.709   -1.482   +1.611   -2.893   +1.205
token ' you' question (strength 9.6):
    -0.032   -0.523   -0.712   +0.466   -0.884   +0.622   -0.500   +0.061
    +0.614   +0.975   +1.392   +0.434   +0.849   -0.562   -0.316   +2.749
    -0.447   -0.149   -1.858   -0.144   +0.503   +0.428   +1.339   +0.467
    -0.359   +0.040   -0.579   -2.333   -0.724   -0.475   -1.738   +3.085
    +0.244   -0.465   -0.205   -1.013   -0.286   -1.091   -1.355   -1.434
    +0.773   +0.331   -1.037   +1.267   -0.700   +2.516   -1.282   -1.319
    +0.645   +2.125   +0.895   -0.477   +0.549   +0.792   +0.496   +0.115
    +0.944   +1.195   -0.212   +1.998   -1.322   +2.253   -2.971   +1.693

--- station 24 · head 8 ---
token 'how' question (strength 13.3):
    +0.011   -0.710   -0.002   +0.964   +0.562   +1.772   +1.243   +1.917
    +0.369   +0.311   +2.920   +0.164   +2.254   -0.830   -1.266   +2.287
    -1.136   +0.279   +1.077   -1.926   +0.843   +2.763   -0.876   +1.386
    -1.384   -2.220   +1.232   -2.973   +0.036   -1.637   -1.624   +1.060
    -0.796   -0.516   -1.192   -0.842   -1.560   +0.113   -1.655   -1.084
    +2.104   +1.386   -0.946   +3.136   -1.036   +4.176   -3.300   -2.948
    +0.858   +2.940   +3.275   -0.380   -0.156   +0.489   -0.891   -1.610
    +0.568   +1.587   +0.126   +3.014   -0.008   +1.172   +0.408   +1.446
token ' are' question (strength 8.0):
    -0.062   -0.560   -0.712   +0.416   -0.678   +0.519   -0.557   -0.011
    +0.545   +0.676   +0.889   -0.078   +0.282   -0.147   -0.003   +1.999
    -0.498   -0.038   -1.284   -0.336   +0.627   +0.937   +0.249   +0.491
    -0.339   -1.386   -0.106   -2.073   +0.220   -3.684   -0.344   +1.610
    +0.334   -0.124   -0.399   -0.897   -0.368   -0.980   -1.275   -1.334
    +0.319   -0.295   -0.796   +0.850   -0.497   +1.810   -0.880   -1.273
    +0.653   +1.892   +1.527   -0.947   -0.174   +0.009   +0.014   -0.019
    +0.877   +2.037   +0.256   +0.680   -0.660   +1.218   -0.248   +1.467
token ' you' question (strength 9.6):
    -0.436   -0.642   -0.656   +0.382   -1.022   +0.711   -0.666   +0.121
    +0.806   +1.082   +1.460   +0.333   +0.764   -0.347   -0.158   +2.550
    -0.365   -0.403   -1.881   -0.292   +1.057   +0.274   +1.455   +0.323
    -0.270   +0.114   -0.425   -2.275   -0.620   -2.770   +0.333   +3.921
    +0.267   -0.571   -0.245   -1.212   -0.489   -1.373   -1.578   -1.673
    +0.319   +0.062   -1.037   +1.208   -0.681   +2.446   -1.569   -1.339
    +0.572   +2.128   +0.955   -0.418   +0.245   +0.862   +0.352   -0.202
    +0.626   +1.079   -0.324   +1.709   -0.427   +1.586   +0.483   +2.213

--- station 24 · head 9 ---
token 'how' question (strength 13.6):
    -0.013   -0.081   +0.607   +1.166   +0.816   +1.854   +1.093   +1.756
    -0.108   +0.285   +2.888   +0.340   +1.856   -0.490   -0.687   +2.196
    -1.710   +0.804   +1.067   -1.355   +1.070   +3.254   -0.891   +1.196
    -1.616   -2.180   +1.444   -3.386   +0.444   -0.988   -1.413   +1.184
    -0.459   -0.375   -1.152   -0.065   -1.508   +0.543   -1.143   -0.910
    +2.688   +1.226   -0.940   +3.189   -0.972   +4.340   -3.045   -2.986
    +0.278   +3.060   +3.513   -0.048   -0.676   -0.472   -1.287   -2.308
    +0.319   +1.712   +0.766   +3.101   -0.753   +1.856   +0.289   +0.685
token ' are' question (strength 7.9):
    -0.187   -0.420   -0.445   +0.281   -0.543   +0.580   -0.372   -0.124
    +0.497   +0.617   +0.794   +0.085   +0.201   -0.021   +0.176   +2.041
    -0.613   +0.169   -1.370   -0.469   +0.767   +0.959   +0.371   +0.635
    -0.406   -1.529   -0.199   -1.998   +2.795   -1.816   -1.750   +1.566
    +0.430   +0.207   -0.203   -0.766   -0.486   -0.806   -0.929   -1.167
    +0.696   -0.198   -0.879   +0.969   -0.507   +2.172   -0.752   -1.121
    +0.523   +1.855   +1.582   -0.678   -0.134   -0.054   -0.190   -0.093
    +0.933   +1.952   +0.259   +0.631   -0.716   +1.483   -0.232   +0.887
token ' you' question (strength 9.7):
    -0.433   -0.710   -0.851   +0.590   -0.894   +0.767   -0.492   +0.017
    +0.874   +0.992   +1.497   +0.352   +0.708   -0.335   -0.171   +2.658
    -0.806   -0.387   -1.791   +0.237   +1.086   +0.759   +1.169   +0.434
    -0.428   -0.174   -0.694   -2.350   +2.712   -0.359   -1.402   +3.917
    +0.138   +0.161   -0.160   -1.251   -0.788   -0.868   -1.383   -1.425
    +0.848   +0.174   -1.327   +1.153   -0.655   +2.723   -0.952   -0.835
    +0.393   +2.302   +1.021   -0.579   +0.365   +0.791   +0.088   -0.182
    +0.756   +1.050   -0.360   +1.799   -0.799   +2.042   +0.274   +1.597

--- station 24 · head 10 ---
token 'how' question (strength 14.0):
    +0.367   -0.753   +0.049   +1.488   +0.191   +2.018   +1.632   +2.214
    +0.725   +0.096   +2.738   +0.253   +2.390   -0.560   -1.336   +2.183
    -1.563   +0.943   +0.813   -1.690   +1.001   +3.028   -1.045   +1.694
    -1.828   -2.112   +1.344   -2.619   -0.050   -2.063   -1.734   +1.018
    -0.259   -0.632   -2.206   -0.258   -1.631   +0.411   -1.336   -0.793
    +2.675   +1.739   -0.878   +2.895   -1.009   +4.485   -3.150   -3.637
    +1.549   +2.856   +3.470   -0.306   -0.106   +0.020   -0.593   -1.901
    +0.501   +1.673   +0.412   +2.841   +0.550   +1.599   -0.059   +0.862
token ' are' question (strength 8.0):
    -0.225   -0.496   -0.592   +0.259   -0.608   +0.458   -0.404   +0.087
    +0.660   +0.575   +0.728   +0.028   +0.434   -0.119   -0.042   +2.074
    -0.634   +0.163   -1.286   -0.439   +0.658   +0.918   +0.305   +0.698
    -0.437   -1.476   -0.142   -1.738   +0.522   -2.597   -2.775   +1.125
    +0.299   -0.047   -0.408   -1.010   -0.345   -0.844   -0.854   -1.207
    +0.566   +0.004   -0.890   +0.760   -0.521   +1.933   -0.931   -1.148
    +0.534   +2.170   +1.595   -0.838   -0.153   +0.126   +0.042   +0.015
    +0.844   +1.846   +0.190   +0.830   +1.449   +1.224   -0.753   +1.333
token ' you' question (strength 9.9):
    -0.254   -0.657   -0.314   +0.239   -0.826   +0.544   -0.413   +0.275
    +0.927   +0.874   +1.368   +0.373   +0.784   -0.305   -0.188   +2.583
    -0.753   -0.367   -1.581   -0.133   +0.708   +0.242   +1.435   +0.588
    -0.407   +0.034   -0.517   -1.879   -0.238   -1.362   -2.986   +3.354
    +0.427   -0.204   -0.302   -1.144   -0.622   -1.029   -1.178   -1.587
    +0.748   +0.330   -1.295   +1.210   -0.903   +2.760   -1.380   -1.270
    +0.448   +2.694   +0.968   -0.646   +0.470   +0.999   +0.352   -0.199
    +0.763   +1.034   -0.254   +1.977   +2.685   +1.856   -0.297   +1.977

--- station 24 · head 11 ---
token 'how' question (strength 14.0):
    -0.520   -0.886   +0.132   +1.060   +0.593   +1.716   +1.340   +2.044
    +0.370   +0.038   +2.817   +0.291   +2.279   -0.483   -1.040   +1.954
    -1.336   +1.152   +0.463   -1.847   +0.656   +3.247   -1.140   +1.276
    -1.565   -2.619   +1.385   -3.439   -0.097   -1.575   -2.336   +1.632
    +0.521   -0.883   -1.730   -0.111   -1.388   +0.362   -1.081   -0.796
    +2.571   +1.741   -0.743   +3.003   -1.166   +4.425   -3.097   -3.448
    +1.625   +2.336   +3.622   +0.044   -0.331   +0.067   -0.682   -2.339
    +0.535   +1.854   +0.646   +2.815   -0.220   +1.884   +0.467   -0.448
token ' are' question (strength 8.0):
    -0.095   -0.389   -0.319   +0.025   -0.530   +0.452   -0.313   +0.025
    +0.597   +0.390   +0.813   +0.017   +0.418   -0.021   +0.025   +1.931
    -0.717   +0.238   -1.428   -0.426   +0.683   +0.860   +0.356   +0.496
    -0.370   -1.596   -0.042   -2.201   +0.264   -2.572   -2.672   +2.017
    +0.185   -0.325   -0.326   -0.654   -0.207   -0.700   -0.756   -0.942
    +0.561   +0.010   -0.774   +0.888   -0.337   +2.105   -1.017   -1.335
    +0.814   +1.834   +1.420   -0.729   -0.163   -0.171   +0.025   +0.127
    +0.841   +2.000   +0.141   +0.601   -1.182   +1.384   -0.167   -1.407
token ' you' question (strength 9.7):
    -0.391   -0.797   -0.617   +0.299   -0.904   +0.696   -0.388   +0.121
    +0.793   +0.837   +1.368   +0.387   +1.019   -0.414   +0.230   +2.523
    -0.676   -0.096   -1.746   -0.054   +0.728   +0.450   +1.231   +0.164
    -0.354   -0.125   -0.343   -2.485   -0.518   -1.562   -2.796   +4.453
    +0.256   -0.321   -0.464   -0.917   -0.423   -1.146   -1.200   -1.236
    +0.693   +0.328   -0.948   +1.137   -0.560   +2.694   -1.656   -1.430
    +0.466   +2.049   +0.959   -0.421   +0.579   +0.869   +0.380   -0.222
    +0.974   +1.231   -0.378   +1.753   -0.753   +1.438   +0.273   -1.161

--- station 24 · head 12 ---
token 'how' question (strength 20.0):
    +0.276   -0.149   +0.377   +1.856   +0.986   +2.044   +2.460   +2.443
    +1.061   -1.468   +4.146   +1.770   +3.418   -0.470   -1.453   +3.252
    -0.557   +3.549   -0.266   -1.850   +2.594   +6.210   -1.756   +1.148
    -2.853   -3.325   +1.124   -5.105   +0.384   -0.735   -2.239   +1.638
    -0.391   -1.202   -1.185   +0.545   -2.087   +0.948   -0.426   +0.491
    +3.022   +2.977   +0.781   +5.086   -1.688   +3.521   -5.989   -3.250
    +1.771   +4.143   +5.751   -1.347   -0.848   -0.178   -0.559   -3.586
    +0.718   +1.908   +0.582   +4.105   -0.714   +1.861   +1.187   +0.895
token ' are' question (strength 10.2):
    -0.270   -0.418   -0.526   +0.773   -0.961   +0.322   +0.104   +0.021
    +1.312   -0.859   +1.072   +1.094   +1.746   -0.346   -0.308   +2.073
    -0.250   +0.403   -2.284   -1.127   +1.335   +1.413   +0.808   +0.959
    -0.700   -2.261   -0.805   -2.556   +0.615   -2.651   -2.433   +1.029
    +0.177   -0.569   -0.359   -0.571   -0.339   -0.716   -0.509   -0.110
    +0.352   +0.927   -0.097   +1.693   +0.185   +1.405   -1.742   -1.710
    +1.153   +1.861   +3.066   -1.460   -0.555   -1.214   +0.549   -0.323
    +1.442   +2.927   +0.609   +1.556   -1.066   +1.833   -0.200   +0.758
token ' you' question (strength 11.7):
    -0.105   -0.824   -0.967   +0.626   -1.970   +0.481   -0.561   -0.265
    +2.336   -0.058   +1.306   +2.104   +2.119   -0.350   -0.208   +2.478
    -0.357   -0.380   -2.452   -1.018   +1.878   +0.767   +2.535   +0.687
    -0.293   +0.147   -1.374   -2.891   -0.719   -0.823   -1.890   +4.478
    +0.120   -0.488   -0.513   -1.286   -0.330   -1.617   -1.128   -0.744
    +0.001   +1.227   -0.573   +1.474   -0.185   +1.906   -2.140   -1.360
    +0.631   +2.219   +2.121   -0.312   +0.350   -0.729   +0.943   -0.269
    +0.767   +2.008   +0.346   +2.847   -0.522   +2.161   +0.250   +1.925

--- station 24 · head 13 ---
token 'how' question (strength 13.8):
    +0.236   +0.280   -1.243   +1.616   +0.455   +1.875   +0.958   +1.927
    +0.481   +0.064   +2.863   +0.156   +1.933   -1.365   -1.179   +1.544
    -1.806   +0.119   +0.667   -1.597   +0.667   +3.036   -1.002   +1.766
    -1.554   -2.207   +1.463   -2.933   -0.136   -0.930   -2.200   +1.370
    +0.223   -0.646   -1.972   -1.011   -2.089   +0.108   -1.516   -0.805
    +2.475   +1.300   -1.045   +2.898   -1.195   +4.270   -3.142   -3.186
    +0.581   +3.208   +3.504   -0.177   -0.266   +0.308   -0.567   -2.289
    +0.803   +1.668   +0.297   +2.944   -0.736   +1.155   +0.613   +1.308
token ' are' question (strength 8.1):
    -0.239   -0.237   -0.936   +0.267   -0.522   +0.501   -0.533   -0.047
    +0.752   +0.591   +0.818   -0.178   +0.175   -0.323   +0.042   +1.896
    -0.710   +0.125   -1.373   -0.458   +0.637   +0.957   +0.309   +0.601
    -0.406   -1.371   -0.278   -1.899   +0.553   -2.125   -3.140   +1.257
    +0.049   -0.317   -0.448   -1.132   -0.499   -0.920   -1.021   -1.201
    +0.493   -0.154   -0.884   +0.602   -0.566   +1.965   -0.775   -1.351
    +0.505   +1.986   +1.570   -0.692   -0.038   +0.253   +0.044   -0.148
    +0.863   +1.960   +0.155   +0.787   -1.417   -0.509   +0.243   +1.990
token ' you' question (strength 9.7):
    -0.113   -0.559   -0.818   +0.359   -0.741   +0.681   -0.566   +0.270
    +0.843   +0.865   +1.366   +0.161   +0.842   -0.610   +0.012   +2.353
    -0.743   -0.140   -1.774   +0.092   +1.081   +0.473   +1.347   +0.560
    -0.435   -0.140   -0.526   -2.338   -0.306   -0.743   -3.233   +3.480
    -0.189   -0.454   -0.101   -0.933   -0.652   -1.094   -1.218   -1.469
    +0.742   +0.205   -1.157   +0.992   -0.786   +2.588   -1.338   -1.197
    +0.380   +2.287   +1.141   -0.526   +0.511   +0.788   +0.336   -0.308
    +0.667   +1.166   -0.336   +2.009   -1.478   -0.577   +1.216   +2.751


